,customer_id,customer_age,customer_region,customer_tenure_months,order_id,order_value,items_quantity,discount_value,payment_installments,delivery_time_days,delivery_delay_days,freight_value,delivery_attempts,customer_service_contacts,resolution_time_days,nps_score,repeat_purchase_30d,complaints_count,csat_internal_score,faixa_etaria,classificacao,pct_desconto,flag_delay,freight_rate
0,1,63,Nordeste,14,50001,139.73,4,39.35,4,2,2,55.53,3,0,4,6.9,0,3,6.5,Idoso,Neutro,0.28,True,0.3974092893437344
1,2,20,Sul,1,50002,458.95,2,9.51,10,6,4,28.23,3,0,10,2.4,0,3,0.0,Jovem Adulto,Detrator,0.02,True,0.061509968406144463
2,3,46,Nordeste,111,50003,507.06,5,42.82,6,6,1,40.99,1,4,5,4.8,0,7,1.5,Adulto,Detrator,0.08,True,0.08083855953930502
3,4,52,Centro-Oeste,117,50004,302.19,2,19.58,9,5,2,35.24,3,1,11,5.9,0,4,0.3,Adulto,Detrator,0.06,True,0.11661537443330355
4,5,56,Norte,50,50005,253.06,1,29.37,11,13,1,39.32,1,1,0,6.1,0,3,7.9,Adulto,Neutro,0.12,True,0.1553781711846993
5,6,35,Sudeste,75,50006,568.76,6,36.58,3,4,5,41.82,2,2,3,0.9,0,5,1.5,Adulto,Detrator,0.06,True,0.07352837752303257
6,7,37,Sudeste,68,50007,41.29,3,99.62,6,8,3,35.83,3,3,4,1.4,0,6,0.6,Adulto,Detrator,2.41,True,0.8677645919108743
7,8,60,Sul,37,50008,428.76,4,29.54,10,11,5,44.5,1,0,2,0.0,0,2,4.1,Adulto,,0.07,True,0.10378766675995896
8,9,40,Sul,60,50009,121.56,3,91.95,6,6,3,24.88,2,1,9,6.2,0,3,0.8,Adulto,Neutro,0.76,True,0.2046725896676538
9,10,51,Sudeste,70,50010,411.01,6,37.47,3,9,2,30.59,1,0,7,2.7,0,2,4.2,Adulto,Detrator,0.09,True,0.0744264129826525
10,11,50,Centro-Oeste,28,50011,616.17,2,23.0,8,4,2,52.94,3,0,7,5.3,0,6,2.7,Adulto,Detrator,0.04,True,0.08591784734732298
11,12,67,Norte,81,50012,509.48,2,10.42,1,11,1,46.92,2,1,3,7.0,0,2,5.8,Idoso,Neutro,0.02,True,0.09209389966240088
12,13,65,Centro-Oeste,85,50013,588.28,6,12.54,5,11,2,28.67,2,1,9,3.7,0,4,0.4,Idoso,Detrator,0.02,True,0.048735296117495074
13,14,27,Sudeste,42,50014,165.19,5,52.82,5,10,1,63.92,3,0,8,2.9,0,2,3.5,Jovem Adulto,Detrator,0.32,True,0.38694836249167625
14,15,50,Sudeste,113,50015,220.81,3,30.73,6,7,3,45.96,1,1,4,2.7,0,3,2.4,Adulto,Detrator,0.14,True,0.2081427471581903
15,16,64,Norte,114,50016,732.83,2,13.24,8,9,3,46.78,2,1,8,6.0,0,2,0.0,Idoso,Detrator,0.02,True,0.0638347229234611
16,17,50,Norte,70,50017,391.66,4,0.25,11,3,2,59.78,2,1,6,1.9,0,4,2.7,Adulto,Detrator,0.0,True,0.15263238523208905
17,18,65,Sul,21,50018,483.04,1,28.08,1,12,3,44.76,2,1,10,4.8,0,4,0.0,Idoso,Detrator,0.06,True,0.0926631334879099
18,19,43,Sul,86,50019,383.98,3,33.61,11,3,4,25.24,2,2,3,3.4,0,4,2.0,Adulto,Detrator,0.09,True,0.06573259023907495
19,20,37,Centro-Oeste,74,50020,288.93,2,20.8,9,9,2,62.02,1,1,3,2.0,0,4,5.0,Adulto,Detrator,0.07,True,0.21465406845948845
20,21,32,Sudeste,105,50021,390.01,2,84.53,8,9,2,35.9,2,1,6,5.7,0,4,2.6,Adulto,Detrator,0.22,True,0.09204892182251737
21,22,54,Centro-Oeste,68,50022,480.03,3,14.53,1,4,4,47.91,1,3,8,0.0,0,5,0.0,Adulto,,0.03,True,0.0998062621086182
22,23,50,Sul,81,50023,578.34,3,28.67,5,2,0,38.37,1,0,2,10.0,1,0,8.6,Adulto,Promotor,0.05,False,0.06634505654113497
23,24,34,Nordeste,119,50024,489.49,6,8.44,3,3,3,24.72,2,2,2,3.3,0,4,3.2,Adulto,Detrator,0.02,True,0.05050154242170422
24,25,22,Norte,20,50025,184.64,5,70.89,3,13,1,37.85,2,2,10,3.2,0,4,0.5,Jovem Adulto,Detrator,0.38,True,0.20499350086655116
25,26,67,Sudeste,79,50026,100.97,2,31.04,7,6,2,33.59,2,2,0,5.1,0,4,5.9,Idoso,Detrator,0.31,True,0.33267307120927014
26,27,21,Sudeste,26,50027,411.6,5,4.05,1,7,2,28.95,3,2,0,9.1,1,4,6.3,Jovem Adulto,Promotor,0.01,True,0.07033527696793003
27,28,20,Nordeste,101,50028,751.24,4,34.33,5,10,4,41.19,3,0,6,5.1,0,4,1.8,Jovem Adulto,Detrator,0.05,True,0.05482934880996752
28,29,38,Sudeste,119,50029,522.15,3,79.0,3,13,5,29.29,2,1,9,0.3,0,3,0.0,Adulto,Detrator,0.15,True,0.05609499186057646
29,30,57,Sudeste,86,50030,337.52,2,0.11,2,13,2,35.95,3,1,2,3.8,0,3,5.4,Adulto,Detrator,0.0,True,0.10651220668404837
30,31,20,Nordeste,39,50031,478.48,2,1.91,5,13,1,19.27,3,2,1,4.2,0,5,6.7,Jovem Adulto,Detrator,0.0,True,0.04027336565791673
31,32,38,Sul,71,50032,479.29,3,16.0,6,14,1,45.69,3,0,10,4.9,0,3,2.0,Adulto,Detrator,0.03,True,0.09532850674956705
32,33,65,Norte,57,50033,385.12,1,5.05,6,13,4,43.54,2,2,5,0.0,0,4,0.7,Idoso,,0.01,True,0.11305567095970087
33,34,66,Sul,41,50034,366.75,6,12.65,6,10,3,38.42,1,1,7,4.2,0,3,1.8,Idoso,Detrator,0.03,True,0.10475800954328562
34,35,25,Nordeste,16,50035,366.75,4,65.08,8,11,1,22.0,3,2,0,7.0,0,3,6.3,Jovem Adulto,Neutro,0.18,True,0.05998636673483299
35,36,59,Centro-Oeste,106,50036,348.26,4,4.9,6,14,1,31.64,1,2,1,6.8,0,3,5.7,Adulto,Neutro,0.01,True,0.09085166255096767
36,37,53,Norte,23,50037,557.8,4,0.31,9,8,5,44.25,1,3,10,0.0,0,5,0.0,Adulto,,0.0,True,0.07932950878451059
37,38,46,Centro-Oeste,3,50038,1120.9,4,57.57,5,13,2,40.75,2,4,0,4.9,0,6,4.0,Adulto,Detrator,0.05,True,0.03635471496119189
38,39,56,Sudeste,119,50039,448.04,3,21.23,8,11,1,28.03,3,2,8,4.4,0,5,1.8,Adulto,Detrator,0.05,True,0.06256137844835283
39,40,51,Norte,5,50040,109.66,6,5.88,6,14,1,33.27,3,0,11,4.2,0,3,1.4,Adulto,Detrator,0.05,True,0.3033923034834945
40,41,39,Centro-Oeste,73,50041,485.01,6,9.19,11,6,3,53.99,3,0,8,3.3,0,2,2.1,Adulto,Detrator,0.02,True,0.11131729242696027
41,42,48,Centro-Oeste,15,50042,117.97,2,28.35,5,2,3,28.02,2,2,11,1.8,0,6,0.0,Adulto,Detrator,0.24,True,0.2375180130541663
42,43,45,Centro-Oeste,26,50043,279.65,4,15.44,6,5,2,52.15,3,0,4,5.3,0,3,4.7,Adulto,Detrator,0.06,True,0.18648310387984982
43,44,52,Sudeste,14,50044,477.19,4,15.71,3,4,0,53.94,3,1,2,5.6,0,4,7.6,Adulto,Detrator,0.03,False,0.11303673589136402
44,45,51,Norte,42,50045,144.56,1,15.57,11,14,2,46.54,3,1,3,2.6,0,3,4.5,Adulto,Detrator,0.11,True,0.32194244604316546
45,46,30,Sul,114,50046,349.17,3,12.78,11,12,1,28.64,2,1,7,4.5,0,4,3.1,Jovem Adulto,Detrator,0.04,True,0.08202308331185382
46,47,58,Sudeste,33,50047,461.42,3,27.91,3,4,6,45.25,2,1,0,2.3,0,5,2.5,Adulto,Detrator,0.06,True,0.09806683715486975
47,48,21,Norte,26,50048,431.62,5,15.21,1,9,3,45.21,2,3,5,3.4,0,6,0.7,Jovem Adulto,Detrator,0.04,True,0.10474491450813216
48,49,60,Centro-Oeste,67,50049,663.31,6,37.22,10,6,4,45.09,1,2,9,0.7,0,6,0.0,Adulto,Detrator,0.06,True,0.06797726553195339
49,50,23,Nordeste,20,50050,370.76,6,15.12,2,10,1,28.55,3,1,8,6.6,0,2,2.3,Jovem Adulto,Neutro,0.04,True,0.07700399180062574
50,51,18,Nordeste,19,50051,375.57,5,13.63,11,8,4,56.09,1,1,4,0.6,0,5,1.9,,Detrator,0.04,True,0.14934632691642039
51,52,29,Sudeste,39,50052,711.22,6,4.92,2,2,1,28.2,1,3,2,4.5,0,6,5.8,Jovem Adulto,Detrator,0.01,True,0.03965017856640702
52,53,52,Sul,49,50053,1220.13,4,8.98,8,2,1,47.14,1,1,2,4.8,0,3,5.8,Adulto,Detrator,0.01,True,0.0386352273938023
53,54,28,Sul,69,50054,329.96,1,37.51,8,4,1,41.91,3,2,4,3.9,0,5,3.7,Jovem Adulto,Detrator,0.11,True,0.12701539580555218
54,55,40,Norte,95,50055,398.94,2,5.22,7,2,2,67.63,3,0,1,5.8,0,3,6.9,Adulto,Detrator,0.01,True,0.16952423923397
55,56,31,Nordeste,20,50056,409.54,6,0.82,4,8,3,45.69,3,1,6,4.0,0,5,1.8,Adulto,Detrator,0.0,True,0.1115641939737266
56,57,36,Centro-Oeste,109,50057,285.91,4,82.01,3,5,1,34.0,1,7,9,0.4,0,11,0.0,Adulto,Detrator,0.29,True,0.1189185407995523
57,58,54,Sul,101,50058,86.15,2,112.42,11,10,3,36.23,3,1,0,8.4,1,2,5.5,Adulto,Promotor,1.3,True,0.4205455600696459
58,59,33,Sul,108,50059,385.42,5,13.86,2,2,3,52.49,2,3,2,3.1,0,5,3.0,Adulto,Detrator,0.04,True,0.13618909241866017
59,60,61,Nordeste,21,50060,1014.41,4,16.82,11,11,5,31.57,2,1,1,4.4,0,3,3.3,Idoso,Detrator,0.02,True,0.031121538628365256
60,61,45,Centro-Oeste,116,50061,182.12,6,0.19,5,8,2,45.9,2,3,0,2.1,0,5,4.2,Adulto,Detrator,0.0,True,0.25203162749835273
61,62,62,Norte,81,50062,42.28,1,39.12,9,3,4,47.8,3,1,11,0.0,0,5,0.0,Idoso,,0.93,True,1.1305581835383158
62,63,48,Norte,9,50063,785.3,6,3.17,10,12,1,39.0,2,1,8,3.8,0,6,2.3,Adulto,Detrator,0.0,True,0.04966254934419967
63,64,24,Norte,83,50064,332.99,1,8.77,8,12,1,47.3,2,1,10,7.9,0,2,1.9,Jovem Adulto,Neutro,0.03,True,0.14204630769692783
64,65,63,Norte,64,50065,522.84,2,76.14,3,3,3,19.72,1,3,7,3.2,0,6,0.0,Idoso,Detrator,0.15,True,0.03771708362022798
65,66,69,Nordeste,53,50066,198.64,2,24.32,5,3,3,57.25,2,3,5,3.9,0,8,0.2,Idoso,Detrator,0.12,True,0.28820982682239227
66,67,44,Norte,100,50067,335.96,4,12.24,1,7,2,37.07,3,2,9,5.4,0,5,0.6,Adulto,Detrator,0.04,True,0.11034051672818193
67,68,34,Nordeste,109,50068,745.08,5,73.34,9,5,4,29.76,3,4,3,2.7,0,7,0.0,Adulto,Detrator,0.1,True,0.039942019648896765
68,69,24,Sul,45,50069,1402.67,1,43.56,9,8,4,51.51,2,5,3,0.0,0,9,0.0,Jovem Adulto,,0.03,True,0.0367228214761847
69,70,32,Nordeste,82,50070,639.53,4,66.26,3,3,2,35.79,3,3,11,0.0,0,8,0.0,Adulto,,0.1,True,0.05596297280815599
70,71,57,Sudeste,95,50071,383.08,1,1.36,5,2,1,31.84,1,0,5,7.0,0,2,6.2,Adulto,Neutro,0.0,True,0.0831157982666806
71,72,29,Sudeste,80,50072,212.03,1,66.52,6,2,6,42.64,1,1,3,0.0,0,4,0.8,Jovem Adulto,,0.31,True,0.2011036174126303
72,73,25,Sul,81,50073,816.27,1,73.96,1,8,1,58.35,1,1,4,2.4,0,4,5.0,Jovem Adulto,Detrator,0.09,True,0.07148370024624205
73,74,19,Centro-Oeste,25,50074,66.18,4,4.5,4,7,2,46.54,2,1,10,2.7,0,3,0.5,Jovem Adulto,Detrator,0.07,True,0.7032336053188274
74,75,61,Sudeste,24,50075,463.79,3,2.08,5,10,1,35.79,3,2,8,6.8,0,6,1.3,Idoso,Neutro,0.0,True,0.07716854610923046
75,76,55,Nordeste,113,50076,261.42,4,28.92,3,9,1,16.29,3,1,10,9.6,1,3,2.0,Adulto,Promotor,0.11,True,0.0623135184760156
76,77,43,Sul,80,50077,815.51,3,33.42,6,8,3,38.22,1,1,2,2.1,0,3,3.4,Adulto,Detrator,0.04,True,0.046866378094689215
77,78,68,Centro-Oeste,42,50078,223.52,4,3.91,6,8,2,37.53,1,2,8,2.6,0,5,2.3,Idoso,Detrator,0.02,True,0.16790443808160344
78,79,38,Sudeste,26,50079,323.22,6,48.95,9,13,0,22.17,2,1,6,7.6,0,1,5.5,Adulto,Neutro,0.15,False,0.06859105253387786
79,80,67,Centro-Oeste,33,50080,302.89,2,22.97,5,10,0,58.88,3,1,2,7.5,0,1,7.7,Idoso,Neutro,0.08,False,0.19439400442404836
80,81,30,Norte,38,50081,477.33,3,31.61,8,3,2,40.72,2,0,4,4.8,0,2,5.6,Jovem Adulto,Detrator,0.07,True,0.08530785829509982
81,82,36,Norte,53,50082,617.4,1,24.0,11,12,0,47.57,3,2,2,7.0,0,3,6.8,Adulto,Neutro,0.04,False,0.07704891480401685
82,83,35,Norte,24,50083,519.41,6,6.98,9,5,2,9.73,3,0,4,5.1,0,5,6.1,Adulto,Detrator,0.01,True,0.01873279297664658
83,84,19,Sudeste,67,50084,430.96,2,6.8,2,10,3,16.33,1,1,4,3.6,0,3,3.7,Jovem Adulto,Detrator,0.02,True,0.03789214776313347
84,85,69,Centro-Oeste,88,50085,90.76,6,4.81,6,6,2,47.02,2,1,11,4.8,0,3,0.8,Idoso,Detrator,0.05,True,0.5180696342000881
85,86,62,Sudeste,30,50086,98.29,4,31.32,3,9,2,39.85,3,1,7,6.0,0,3,2.1,Idoso,Detrator,0.32,True,0.4054329026350595
86,87,59,Centro-Oeste,72,50087,340.91,5,32.07,9,10,3,33.67,2,2,7,2.9,0,5,0.0,Adulto,Detrator,0.09,True,0.09876506995981343
87,88,66,Nordeste,82,50088,535.69,3,33.85,5,12,3,41.93,1,1,5,1.9,0,4,2.3,Idoso,Detrator,0.06,True,0.07827288170397056
88,89,45,Nordeste,5,50089,470.48,2,3.25,4,12,1,46.78,3,0,10,4.5,0,2,2.8,Adulto,Detrator,0.01,True,0.09943036898486651
89,90,67,Sudeste,51,50090,739.57,4,30.17,11,2,2,10.35,2,2,1,4.9,0,5,4.7,Idoso,Detrator,0.04,True,0.013994618494530604
90,91,40,Centro-Oeste,53,50091,147.47,4,92.68,2,14,1,32.52,3,2,10,5.0,0,4,1.4,Adulto,Detrator,0.63,True,0.22051942768020616
91,92,21,Nordeste,47,50092,143.82,3,42.0,9,8,3,51.74,1,2,3,4.5,0,5,3.1,Jovem Adulto,Detrator,0.29,True,0.35975524961757754
92,93,21,Centro-Oeste,74,50093,453.7,3,15.62,3,5,3,40.45,3,3,11,2.7,0,6,0.0,Jovem Adulto,Detrator,0.03,True,0.08915582984350894
93,94,29,Nordeste,70,50094,530.15,5,125.03,10,8,2,31.19,2,0,10,4.6,0,2,1.3,Jovem Adulto,Detrator,0.24,True,0.05883240592285203
94,95,39,Centro-Oeste,112,50095,531.95,1,51.91,7,13,3,51.81,2,1,8,4.1,0,3,1.5,Adulto,Detrator,0.1,True,0.0973963718394586
95,96,43,Sudeste,73,50096,352.17,6,22.73,6,10,3,25.93,1,3,8,1.1,0,5,0.0,Adulto,Detrator,0.06,True,0.07362921316409689
96,97,57,Sudeste,6,50097,473.08,3,5.55,9,11,1,51.0,3,1,4,6.4,0,4,4.9,Adulto,Neutro,0.01,True,0.1078041768834024
97,98,59,Sul,94,50098,411.69,4,67.98,4,4,4,27.55,2,2,8,1.6,0,5,0.0,Adulto,Detrator,0.17,True,0.0669192839272268
98,99,52,Nordeste,45,50099,197.76,1,7.91,7,14,2,44.67,3,1,5,6.3,0,3,3.7,Adulto,Neutro,0.04,True,0.22587985436893207
99,100,21,Norte,36,50100,267.36,3,7.79,4,3,1,32.04,2,1,0,10.0,1,4,7.3,Jovem Adulto,Promotor,0.03,True,0.11983842010771992
100,101,29,Sul,15,50101,182.19,2,18.18,3,11,1,45.48,1,1,9,1.7,0,3,1.2,Jovem Adulto,Detrator,0.1,True,0.24962950765684175
101,102,21,Norte,74,50102,125.96,5,7.14,1,12,1,38.05,2,1,9,3.1,0,4,1.7,Jovem Adulto,Detrator,0.06,True,0.30208002540489043
102,103,69,Nordeste,81,50103,70.41,6,18.87,5,4,2,49.5,2,0,10,9.4,1,2,1.8,Idoso,Promotor,0.27,True,0.7030251384746485
103,104,48,Sudeste,45,50104,289.31,5,2.66,3,14,1,41.1,3,0,9,5.1,0,4,1.7,Adulto,Detrator,0.01,True,0.1420621478690678
104,105,24,Norte,7,50105,1034.61,4,74.44,8,7,1,40.22,3,1,2,5.8,0,5,6.5,Jovem Adulto,Detrator,0.07,True,0.03887455176346643
105,106,27,Sudeste,20,50106,567.28,4,13.3,2,9,4,42.81,2,1,0,4.0,0,3,4.7,Jovem Adulto,Detrator,0.02,True,0.0754653786489917
106,107,41,Sul,85,50107,350.94,6,0.36,9,9,1,46.38,1,3,10,3.7,0,5,0.8,Adulto,Detrator,0.0,True,0.13215934347751754
107,108,32,Sul,73,50108,676.14,1,68.44,4,11,2,43.14,1,1,8,6.5,0,2,1.6,Adulto,Neutro,0.1,True,0.06380335433490106
108,109,56,Sudeste,74,50109,677.47,3,46.8,11,10,1,43.38,2,1,2,4.1,0,3,6.8,Adulto,Detrator,0.07,True,0.06403235567626611
109,110,37,Centro-Oeste,67,50110,1182.28,4,31.07,3,10,2,41.96,2,2,4,4.1,0,6,3.1,Adulto,Detrator,0.03,True,0.0354907466928308
110,111,24,Nordeste,28,50111,1328.4,1,6.51,5,7,0,38.42,2,0,6,9.0,1,2,6.3,Jovem Adulto,Promotor,0.0,False,0.028922011442336644
111,112,30,Centro-Oeste,45,50112,292.7,3,13.71,3,5,4,34.3,1,2,10,0.3,0,4,0.0,Jovem Adulto,Detrator,0.05,True,0.11718483088486505
112,113,45,Sul,74,50113,239.69,6,59.64,9,12,3,33.4,3,1,2,2.7,0,3,4.5,Adulto,Detrator,0.25,True,0.13934665609745922
113,114,56,Nordeste,36,50114,645.84,1,73.53,6,3,4,45.49,2,4,10,0.3,0,7,0.0,Adulto,Detrator,0.11,True,0.07043540195714108
114,115,35,Centro-Oeste,71,50115,96.54,3,28.25,2,2,2,56.28,1,2,3,2.4,0,5,4.5,Adulto,Detrator,0.29,True,0.5829707893101305
115,116,64,Norte,28,50116,359.49,2,11.01,11,9,0,26.18,2,2,9,3.5,0,3,2.6,Idoso,Detrator,0.03,False,0.0728253915268853
116,117,28,Centro-Oeste,38,50117,60.96,2,95.06,4,9,0,30.19,2,0,7,7.8,0,1,5.2,Jovem Adulto,Neutro,1.56,False,0.495242782152231
117,118,53,Sudeste,5,50118,242.57,5,21.93,8,3,0,22.11,2,3,9,1.1,0,5,0.9,Adulto,Detrator,0.09,False,0.09114894669579915
118,119,53,Norte,103,50119,139.18,1,21.63,5,6,4,19.4,2,2,3,0.8,0,5,3.6,Adulto,Detrator,0.16,True,0.1393878430809024
119,120,19,Sudeste,85,50120,428.1,4,77.12,5,6,3,47.3,3,2,9,3.1,0,6,0.0,Jovem Adulto,Detrator,0.18,True,0.11048820369072646
120,121,65,Norte,60,50121,212.08,1,18.06,1,14,2,30.82,3,1,7,2.2,0,3,2.9,Idoso,Detrator,0.09,True,0.1453225198038476
121,122,63,Sul,111,50122,686.74,5,0.49,3,3,1,42.24,3,0,3,8.8,1,2,6.2,Idoso,Promotor,0.0,True,0.061507994291871745
122,123,34,Nordeste,69,50123,195.24,5,28.31,1,5,4,30.12,3,0,2,1.8,0,3,3.9,Adulto,Detrator,0.15,True,0.15427166564228642
123,124,23,Norte,102,50124,693.16,3,26.12,5,10,1,45.57,3,1,0,9.2,1,3,8.3,Jovem Adulto,Promotor,0.04,True,0.06574239713774598
124,125,58,Sul,53,50125,549.41,2,35.84,11,10,2,33.16,2,0,8,7.7,0,1,2.0,Adulto,Neutro,0.07,True,0.060355654247283445
125,126,63,Sul,107,50126,126.41,4,0.23,2,11,2,15.17,3,3,1,2.2,0,5,3.0,Idoso,Detrator,0.0,True,0.12000632861324263
126,127,40,Nordeste,34,50127,326.11,4,3.28,4,4,2,58.28,2,1,2,6.7,0,2,5.2,Adulto,Neutro,0.01,True,0.1787127043022293
127,128,64,Nordeste,83,50128,648.2,3,23.63,6,2,2,32.87,1,3,2,6.0,0,4,4.2,Idoso,Detrator,0.04,True,0.05070965751311323
128,129,33,Norte,57,50129,759.72,4,0.69,8,10,2,32.56,3,3,3,4.5,0,5,4.0,Adulto,Detrator,0.0,True,0.04285789501395251
129,130,58,Sul,108,50130,416.01,3,14.85,6,14,1,30.09,1,0,7,7.2,0,1,3.4,Adulto,Neutro,0.04,True,0.07232999206749838
130,131,43,Sul,27,50131,234.65,6,33.37,2,14,4,35.25,2,1,11,2.8,0,3,0.0,Adulto,Detrator,0.14,True,0.1502237374813552
131,132,63,Nordeste,29,50132,640.32,1,3.91,5,9,3,46.03,1,0,0,3.7,0,5,5.5,Idoso,Detrator,0.01,True,0.07188593203398301
132,133,67,Sudeste,57,50133,241.88,5,15.57,11,2,1,37.43,3,2,9,1.6,0,5,1.2,Idoso,Detrator,0.06,True,0.15474615511824044
133,134,18,Nordeste,90,50134,706.8,5,21.35,8,4,2,29.36,2,0,4,5.6,0,2,5.1,,Detrator,0.03,True,0.04153933220147142
134,135,53,Sudeste,34,50135,233.13,1,2.43,6,11,5,30.7,3,1,8,2.1,0,7,0.1,Adulto,Detrator,0.01,True,0.1316861836743448
135,136,47,Sudeste,26,50136,637.17,1,55.2,11,12,2,55.77,2,3,11,5.6,0,7,0.0,Adulto,Detrator,0.09,True,0.08752766137765433
136,137,19,Centro-Oeste,5,50137,640.01,5,69.97,3,7,3,25.18,1,1,7,4.4,0,5,0.4,Jovem Adulto,Detrator,0.11,True,0.039343135263511506
137,138,37,Sudeste,62,50138,40.76,2,23.68,2,5,1,17.34,2,1,2,5.8,0,3,6.3,Adulto,Detrator,0.58,True,0.4254170755642787
138,139,22,Nordeste,92,50139,155.32,4,4.24,11,13,2,49.59,2,1,8,4.3,0,4,1.7,Jovem Adulto,Detrator,0.03,True,0.3192763327324234
139,140,48,Norte,56,50140,150.15,5,36.37,7,6,4,44.72,2,3,9,2.6,0,6,0.0,Adulto,Detrator,0.24,True,0.29783549783549784
140,141,25,Sul,56,50141,242.39,6,11.38,10,11,1,30.44,2,0,0,7.3,0,3,8.3,Jovem Adulto,Neutro,0.05,True,0.12558273856182187
141,142,47,Nordeste,70,50142,614.67,6,18.27,6,9,0,23.61,2,1,6,5.9,0,5,3.7,Adulto,Detrator,0.03,False,0.03841085460490996
142,143,56,Norte,103,50143,467.14,4,23.81,5,12,2,38.45,3,1,9,5.9,0,5,0.7,Adulto,Detrator,0.05,True,0.08230937192276407
143,144,19,Sudeste,16,50144,1054.32,6,6.6,9,2,2,32.39,3,5,2,4.1,0,7,2.5,Jovem Adulto,Detrator,0.01,True,0.03072122315805448
144,145,30,Centro-Oeste,74,50145,718.63,4,19.52,5,4,4,40.7,1,5,1,0.4,0,7,0.3,Jovem Adulto,Detrator,0.03,True,0.05663554262972601
145,146,21,Nordeste,75,50146,72.52,5,34.44,4,9,2,55.51,2,2,6,4.5,0,4,3.1,Jovem Adulto,Detrator,0.47,True,0.7654440154440154
146,147,62,Sul,30,50147,379.53,4,33.46,5,11,4,22.43,3,4,3,3.1,0,8,0.0,Idoso,Detrator,0.09,True,0.059099412431164865
147,148,69,Sudeste,92,50148,288.89,6,39.13,9,10,0,48.12,3,3,9,7.5,0,5,2.4,Idoso,Neutro,0.14,False,0.16656859012080721
148,149,25,Centro-Oeste,82,50149,872.53,6,74.23,2,14,2,25.57,2,2,3,1.0,0,4,3.7,Jovem Adulto,Detrator,0.09,True,0.029305582616070507
149,150,56,Centro-Oeste,83,50150,515.78,1,70.23,6,2,1,69.43,1,2,1,10.0,1,4,6.2,Adulto,Promotor,0.14,True,0.1346116561324596
150,151,42,Sudeste,18,50151,324.46,6,4.05,8,7,1,45.88,2,2,3,5.2,0,4,4.8,Adulto,Detrator,0.01,True,0.14140417925167972
151,152,24,Nordeste,99,50152,351.61,4,86.68,10,6,3,40.07,1,2,5,5.3,0,5,2.0,Jovem Adulto,Detrator,0.25,True,0.11396149142515856
152,153,31,Sudeste,119,50153,1064.25,2,15.38,1,2,3,26.74,2,0,9,5.5,0,3,1.6,Adulto,Detrator,0.01,True,0.025125675358233495
153,154,46,Sudeste,22,50154,337.65,1,21.17,3,5,3,21.26,3,1,1,6.8,0,3,5.4,Adulto,Neutro,0.06,True,0.06296460832222717
154,155,62,Nordeste,54,50155,672.01,6,21.47,1,4,1,27.38,2,0,1,9.8,1,2,8.0,Idoso,Promotor,0.03,True,0.04074344131783753
155,156,38,Norte,48,50156,475.43,2,45.52,2,6,2,32.2,2,0,4,5.8,0,2,5.4,Adulto,Detrator,0.1,True,0.06772816187451361
156,157,54,Sudeste,34,50157,348.1,1,26.64,5,4,4,31.63,2,2,10,1.6,0,6,0.0,Adulto,Detrator,0.08,True,0.0908646940534329
157,158,66,Nordeste,21,50158,796.83,4,9.4,5,4,3,43.38,3,2,6,1.8,0,7,1.4,Idoso,Detrator,0.01,True,0.05444072135838259
158,159,50,Sudeste,103,50159,223.1,6,12.28,10,14,1,54.77,2,4,10,1.6,0,7,0.0,Adulto,Detrator,0.06,True,0.24549529359031827
159,160,58,Sudeste,47,50160,221.05,2,17.25,3,5,2,48.59,2,1,5,6.9,0,4,3.6,Adulto,Neutro,0.08,True,0.21981452160144763
160,161,42,Sul,43,50161,234.72,6,29.23,6,8,4,60.15,3,1,3,1.8,0,5,3.2,Adulto,Detrator,0.12,True,0.2562627811860941
161,162,63,Sul,39,50162,421.33,4,51.01,6,12,1,46.14,3,2,11,4.9,0,4,0.2,Idoso,Detrator,0.12,True,0.10951036005031686
162,163,31,Sudeste,40,50163,393.2,5,6.54,3,14,2,33.2,3,0,9,3.7,0,2,1.9,Adulto,Detrator,0.02,True,0.0844354018311292
163,164,26,Sul,107,50164,644.58,4,3.56,3,10,1,33.05,1,2,1,8.1,1,7,6.5,Jovem Adulto,Promotor,0.01,True,0.05127369760153898
164,165,32,Sudeste,102,50165,153.6,2,11.98,3,10,1,37.16,3,1,9,5.6,0,8,2.4,Adulto,Detrator,0.08,True,0.24192708333333332
165,166,24,Nordeste,94,50166,503.92,4,42.32,9,14,2,42.51,2,0,4,7.0,0,1,4.9,Jovem Adulto,Neutro,0.08,True,0.08435862835370693
166,167,19,Sudeste,57,50167,602.2,2,6.77,10,13,2,51.97,3,2,11,2.6,0,4,0.0,Jovem Adulto,Detrator,0.01,True,0.08630023248090335
167,168,48,Sudeste,11,50168,269.88,4,38.62,6,5,3,41.05,1,1,1,4.3,0,4,4.9,Adulto,Detrator,0.14,True,0.15210463909885874
168,169,24,Nordeste,76,50169,597.96,6,59.9,3,13,2,16.93,1,4,11,3.6,0,10,0.0,Jovem Adulto,Detrator,0.1,True,0.028312930630811424
169,170,58,Norte,112,50170,608.02,3,32.03,5,6,0,49.61,3,4,1,9.1,1,10,4.0,Adulto,Promotor,0.05,False,0.08159271076609322
170,171,28,Sudeste,76,50171,776.45,2,1.99,4,11,4,33.41,3,0,7,8.3,1,1,1.2,Jovem Adulto,Promotor,0.0,True,0.04302917122802498
171,172,30,Sudeste,45,50172,139.62,4,5.5,7,8,1,60.85,1,7,1,0.0,0,10,2.4,Jovem Adulto,,0.04,True,0.435825812920785
172,173,30,Centro-Oeste,26,50173,861.48,5,14.41,9,7,1,21.31,3,1,5,5.9,0,3,3.3,Jovem Adulto,Detrator,0.02,True,0.02473649997678414
173,174,43,Nordeste,64,50174,128.31,4,31.98,4,4,2,34.1,3,3,1,5.0,0,7,4.5,Adulto,Detrator,0.25,True,0.26576260618813813
174,175,60,Norte,86,50175,261.8,3,21.93,7,11,2,58.37,2,2,8,5.9,0,5,0.8,Adulto,Detrator,0.08,True,0.22295645530939648
175,176,67,Sudeste,32,50176,411.16,4,7.72,2,2,2,41.54,2,2,10,1.5,0,5,0.0,Idoso,Detrator,0.02,True,0.10103122871874695
176,177,25,Sudeste,62,50177,326.42,6,2.51,3,2,0,25.13,3,2,9,5.3,0,3,1.7,Jovem Adulto,Detrator,0.01,False,0.07698670424606335
177,178,31,Nordeste,62,50178,179.36,3,5.58,10,5,0,11.8,1,0,2,8.8,1,0,9.4,Adulto,Promotor,0.03,False,0.06578947368421052
178,179,62,Norte,106,50179,258.11,3,39.98,9,3,2,49.29,2,2,1,7.3,0,4,4.6,Idoso,Neutro,0.15,True,0.19096509240246407
179,180,19,Norte,92,50180,923.27,2,13.42,3,4,2,58.04,1,4,6,0.0,0,6,0.9,Jovem Adulto,,0.01,True,0.06286351771421145
180,181,59,Centro-Oeste,26,50181,245.56,6,21.38,6,5,2,36.76,3,2,9,4.3,0,4,0.6,Adulto,Detrator,0.09,True,0.1496986479882717
181,182,32,Nordeste,29,50182,715.62,5,13.69,5,6,3,27.87,3,1,8,2.3,0,3,1.2,Adulto,Detrator,0.02,True,0.03894525027249099
182,183,41,Sudeste,104,50183,24.0,6,85.49,10,5,2,29.58,3,0,9,4.0,0,4,1.4,Adulto,Detrator,3.56,True,1.2325
183,184,51,Sul,40,50184,304.38,1,14.74,6,12,4,9.06,2,1,1,2.5,0,5,4.1,Adulto,Detrator,0.05,True,0.029765424797949934
184,185,21,Nordeste,51,50185,1317.9,3,71.03,5,3,5,57.79,1,1,2,3.9,0,4,2.6,Jovem Adulto,Detrator,0.05,True,0.04385006449654753
185,186,35,Centro-Oeste,92,50186,211.04,1,30.35,8,3,1,25.04,3,3,8,0.2,0,5,1.2,Adulto,Detrator,0.14,True,0.11865049279757392
186,187,42,Norte,64,50187,225.87,4,12.11,9,4,1,21.53,3,0,1,6.3,0,3,7.7,Adulto,Neutro,0.05,True,0.09532031699650241
187,188,64,Centro-Oeste,75,50188,125.8,1,5.47,4,4,2,48.35,3,6,7,0.2,0,8,0.0,Idoso,Detrator,0.04,True,0.3843402225755167
188,189,41,Sudeste,62,50189,596.03,6,11.82,3,8,3,30.86,1,1,3,5.0,0,4,3.0,Adulto,Detrator,0.02,True,0.051775917319598005
189,190,23,Sudeste,24,50190,562.41,2,5.44,5,3,0,29.47,1,1,9,7.6,0,2,3.0,Jovem Adulto,Neutro,0.01,False,0.05239949503031596
190,191,51,Norte,112,50191,169.79,2,6.01,10,4,2,18.33,2,2,7,4.0,0,5,1.9,Adulto,Detrator,0.04,True,0.10795688792037222
191,192,68,Norte,53,50192,1250.18,3,2.74,2,14,5,61.85,1,2,4,0.5,0,4,0.2,Idoso,Detrator,0.0,True,0.04947287590586955
192,193,55,Sudeste,70,50193,474.88,6,36.63,5,12,4,55.7,2,1,0,2.0,0,3,4.6,Adulto,Detrator,0.08,True,0.1172927897574124
193,194,20,Sul,106,50194,594.58,2,33.9,11,2,3,15.49,2,2,7,4.1,0,4,1.5,Jovem Adulto,Detrator,0.06,True,0.026052003094621412
194,195,36,Norte,35,50195,341.14,5,25.02,5,11,3,29.53,1,1,7,5.0,0,5,1.8,Adulto,Detrator,0.07,True,0.08656270153016357
195,196,64,Nordeste,96,50196,841.75,6,73.2,4,13,2,20.65,2,1,0,3.6,0,4,6.2,Idoso,Detrator,0.09,True,0.02453222453222453
196,197,63,Centro-Oeste,56,50197,243.47,2,38.99,7,13,2,45.27,1,1,5,2.4,0,4,2.5,Idoso,Detrator,0.16,True,0.18593666570830084
197,198,53,Centro-Oeste,39,50198,604.77,2,44.27,2,10,0,21.04,2,2,6,8.5,1,3,4.4,Adulto,Promotor,0.07,False,0.03479008548704466
198,199,36,Nordeste,25,50199,557.64,6,3.34,3,2,5,41.44,2,3,5,0.0,0,7,0.0,Adulto,,0.01,True,0.0743131769600459
199,200,45,Norte,72,50200,104.57,1,20.19,1,5,2,28.68,3,0,0,5.3,0,2,7.3,Adulto,Detrator,0.19,True,0.2742660418858181
200,201,64,Sul,66,50201,506.01,5,154.88,7,3,1,40.26,1,4,0,4.5,0,6,5.2,Idoso,Detrator,0.31,True,0.07956364498725321
201,202,27,Sul,66,50202,228.14,3,7.99,11,5,3,17.94,3,2,3,3.2,0,4,2.7,Jovem Adulto,Detrator,0.04,True,0.07863592530902079
202,203,35,Nordeste,93,50203,361.43,6,26.03,9,10,2,38.98,3,0,3,9.2,1,2,6.3,Adulto,Promotor,0.07,True,0.10784937608942256
203,204,21,Sudeste,18,50204,90.99,1,16.18,9,9,3,45.33,3,1,5,5.5,0,4,2.9,Jovem Adulto,Detrator,0.18,True,0.4981866139136169
204,205,29,Norte,59,50205,288.44,5,48.39,6,7,4,31.23,3,1,2,2.6,0,3,3.7,Jovem Adulto,Detrator,0.17,True,0.1082720843156289
205,206,44,Norte,119,50206,317.4,6,28.2,6,11,1,38.22,1,1,0,6.9,0,3,8.1,Adulto,Neutro,0.09,True,0.12041587901701324
206,207,46,Sudeste,116,50207,461.97,4,6.07,4,2,3,48.09,2,1,9,3.7,0,4,0.8,Adulto,Detrator,0.01,True,0.1040976686797844
207,208,29,Sudeste,95,50208,325.34,3,21.69,1,5,3,10.26,1,3,6,2.2,0,7,0.0,Jovem Adulto,Detrator,0.07,True,0.031536239011495666
208,209,28,Sudeste,41,50209,552.04,3,3.86,7,9,3,45.32,2,1,9,4.6,0,4,0.2,Jovem Adulto,Detrator,0.01,True,0.08209550032606333
209,210,21,Centro-Oeste,42,50210,87.23,6,12.36,9,7,2,34.49,3,1,5,3.0,0,4,4.0,Jovem Adulto,Detrator,0.14,True,0.3953914937521495
210,211,63,Nordeste,68,50211,80.5,1,1.34,7,10,1,18.04,2,1,9,6.0,0,2,1.8,Idoso,Detrator,0.02,True,0.22409937888198755
211,212,41,Sul,106,50212,1983.81,5,48.5,2,13,1,25.48,3,1,10,6.5,0,4,1.2,Adulto,Neutro,0.02,True,0.012843971952959206
212,213,43,Centro-Oeste,75,50213,869.54,4,21.59,8,2,3,57.59,3,0,11,2.8,0,2,0.4,Adulto,Detrator,0.02,True,0.0662304206821998
213,214,45,Sul,105,50214,323.22,2,17.67,10,6,4,27.26,3,2,8,2.2,0,4,0.0,Adulto,Detrator,0.05,True,0.08433884041829094
214,215,64,Norte,13,50215,105.79,3,6.31,2,7,3,32.38,2,3,7,0.8,0,5,0.1,Idoso,Detrator,0.06,True,0.30607807921353625
215,216,21,Norte,51,50216,181.12,4,22.57,3,14,0,37.45,2,2,9,4.1,0,6,2.9,Jovem Adulto,Detrator,0.12,False,0.2067689929328622
216,217,53,Norte,25,50217,504.75,4,27.33,11,7,2,32.18,2,4,10,0.0,0,9,0.0,Adulto,,0.05,True,0.06375433382862804
217,218,32,Centro-Oeste,31,50218,208.36,4,15.1,5,4,0,45.32,2,1,10,6.4,0,1,1.8,Adulto,Neutro,0.07,False,0.21750815895565367
218,219,39,Norte,2,50219,203.93,4,9.11,6,2,1,50.47,2,0,9,4.3,0,3,2.6,Adulto,Detrator,0.04,True,0.2474868827538861
219,220,66,Sul,2,50220,554.46,5,21.54,1,7,1,41.21,1,2,3,8.1,1,4,5.3,Idoso,Promotor,0.04,True,0.07432456804819103
220,221,41,Sul,78,50221,780.75,2,67.15,7,2,3,64.47,2,0,4,5.2,0,3,3.7,Adulto,Detrator,0.09,True,0.08257444764649376
221,222,41,Sudeste,5,50222,853.88,1,35.43,2,7,1,31.06,2,3,4,8.1,1,7,2.4,Adulto,Promotor,0.04,True,0.03637513467934604
222,223,54,Norte,75,50223,617.46,3,24.83,7,13,3,22.99,2,2,2,4.8,0,5,3.8,Adulto,Detrator,0.04,True,0.0372331810967512
223,224,22,Sul,103,50224,264.51,2,9.21,7,9,0,55.29,1,3,5,6.3,0,3,4.9,Jovem Adulto,Neutro,0.03,False,0.2090280140637405
224,225,23,Norte,79,50225,395.21,6,74.49,1,4,2,24.55,3,0,5,5.9,0,3,5.8,Jovem Adulto,Detrator,0.19,True,0.06211887351028567
225,226,66,Nordeste,108,50226,479.82,1,7.02,5,12,0,15.18,2,2,10,8.4,1,3,2.0,Idoso,Promotor,0.01,False,0.03163686382393398
226,227,27,Centro-Oeste,113,50227,894.62,6,36.6,8,11,4,38.24,1,1,0,5.4,0,4,4.6,Jovem Adulto,Detrator,0.04,True,0.04274440544588764
227,228,20,Nordeste,95,50228,418.82,1,17.33,7,2,2,47.46,3,3,3,5.8,0,5,2.4,Jovem Adulto,Detrator,0.04,True,0.11331837066042692
228,229,55,Sudeste,119,50229,913.63,3,16.42,1,8,2,28.01,1,2,9,3.4,0,7,1.5,Adulto,Detrator,0.02,True,0.030657924980572005
229,230,51,Nordeste,32,50230,1522.94,3,24.33,9,13,2,40.8,1,2,5,3.6,0,5,1.3,Adulto,Detrator,0.02,True,0.026790287207637854
230,231,23,Norte,76,50231,459.81,2,35.71,8,2,1,17.47,2,0,7,8.8,1,3,4.6,Jovem Adulto,Promotor,0.08,True,0.03799395402448837
231,232,27,Sul,2,50232,487.38,2,5.31,2,2,1,44.65,2,2,0,6.4,0,3,7.4,Jovem Adulto,Neutro,0.01,True,0.09161229430834257
232,233,33,Centro-Oeste,32,50233,404.07,2,2.57,1,5,4,61.21,2,1,2,5.0,0,5,4.8,Adulto,Detrator,0.01,True,0.1514836538223575
233,234,46,Sudeste,87,50234,232.25,2,72.81,9,13,0,60.63,2,2,0,9.6,1,5,7.3,Adulto,Promotor,0.31,False,0.26105489773950485
234,235,20,Sudeste,115,50235,273.11,4,29.58,2,14,0,44.43,1,1,4,8.0,1,2,7.2,Jovem Adulto,Neutro,0.11,False,0.16268170334297535
235,236,28,Centro-Oeste,85,50236,1137.22,1,79.88,11,3,0,24.07,2,3,3,3.8,0,5,5.9,Jovem Adulto,Detrator,0.07,False,0.021165649566486696
236,237,54,Sul,65,50237,254.25,6,38.4,3,2,2,42.91,2,0,6,7.3,0,2,4.5,Adulto,Neutro,0.15,True,0.1687708947885939
237,238,21,Sudeste,44,50238,1292.9,6,10.26,7,4,1,27.56,2,2,9,6.2,0,4,1.4,Jovem Adulto,Neutro,0.01,True,0.021316420450150822
238,239,66,Sul,96,50239,392.41,2,59.32,4,4,2,41.41,2,2,7,4.5,0,4,1.8,Idoso,Detrator,0.15,True,0.10552738207487065
239,240,21,Sudeste,54,50240,376.64,5,36.35,6,11,2,39.4,2,1,9,3.6,0,5,1.8,Jovem Adulto,Detrator,0.1,True,0.10460917587085812
240,241,41,Sul,99,50241,351.47,6,22.99,3,10,0,37.16,1,3,7,5.1,0,6,3.3,Adulto,Detrator,0.07,False,0.1057273736022989
241,242,45,Norte,40,50242,351.48,2,32.49,5,14,0,29.2,2,3,7,5.8,0,4,2.6,Adulto,Detrator,0.09,False,0.08307727324456583
242,243,52,Sudeste,97,50243,612.64,4,42.0,2,4,1,37.52,1,1,5,5.4,0,3,3.9,Adulto,Detrator,0.07,True,0.06124314442413163
243,244,55,Nordeste,93,50244,101.09,6,20.13,1,12,3,33.4,3,2,4,3.8,0,7,2.1,Adulto,Detrator,0.2,True,0.33039865466416063
244,245,67,Sudeste,117,50245,496.5,5,36.04,9,2,2,26.77,1,0,8,8.8,1,1,2.0,Idoso,Promotor,0.07,True,0.05391742195367573
245,246,41,Sul,74,50246,260.98,2,69.67,9,14,1,17.57,3,3,8,4.9,0,6,0.7,Adulto,Detrator,0.27,True,0.06732316652617058
246,247,39,Centro-Oeste,95,50247,515.24,2,7.15,9,12,1,23.25,1,1,11,4.2,0,3,1.9,Adulto,Detrator,0.01,True,0.045124602127164036
247,248,43,Centro-Oeste,35,50248,215.37,3,19.99,11,7,2,33.18,1,3,1,5.5,0,5,4.0,Adulto,Detrator,0.09,True,0.15406045410224264
248,249,35,Sul,22,50249,321.82,3,30.58,5,9,3,38.71,3,0,5,4.7,0,4,4.1,Adulto,Detrator,0.1,True,0.12028463116027593
249,250,20,Norte,117,50250,811.98,6,45.07,2,2,2,36.62,1,0,5,5.2,0,5,3.5,Jovem Adulto,Detrator,0.06,True,0.045099632995886596
250,251,63,Nordeste,25,50251,453.51,5,2.91,10,13,2,32.46,1,0,5,3.5,0,4,3.9,Idoso,Detrator,0.01,True,0.07157504795925118
251,252,28,Sudeste,22,50252,465.21,4,0.23,8,11,6,70.59,2,1,5,3.2,0,5,0.0,Jovem Adulto,Detrator,0.0,True,0.15173792480815118
252,253,26,Sudeste,21,50253,809.27,6,4.35,6,14,1,60.27,1,3,7,5.5,0,7,1.9,Jovem Adulto,Detrator,0.01,True,0.07447452642504974
253,254,50,Sul,106,50254,889.87,3,10.21,7,8,0,53.27,1,2,6,8.5,1,4,4.3,Adulto,Promotor,0.01,False,0.05986267657073505
254,255,43,Sudeste,73,50255,438.94,2,102.66,5,7,2,4.34,3,0,6,2.6,0,2,3.9,Adulto,Detrator,0.23,True,0.009887456144347747
255,256,53,Sul,84,50256,842.15,2,9.32,11,13,3,45.62,2,3,7,3.5,0,5,0.0,Adulto,Detrator,0.01,True,0.05417087217241584
256,257,21,Sul,69,50257,282.06,1,15.93,9,9,4,32.41,2,0,11,3.5,0,2,0.0,Jovem Adulto,Detrator,0.06,True,0.11490463022052044
257,258,69,Sul,62,50258,911.99,3,3.77,11,6,1,34.6,1,2,4,3.9,0,5,4.7,Idoso,Detrator,0.0,True,0.03793901248917203
258,259,19,Centro-Oeste,10,50259,722.59,1,13.43,1,12,3,21.72,2,2,2,5.2,0,5,3.9,Jovem Adulto,Detrator,0.02,True,0.030058539420695
259,260,25,Sudeste,28,50260,189.76,3,39.8,4,2,2,27.94,2,1,5,5.6,0,3,3.1,Jovem Adulto,Detrator,0.21,True,0.14723861720067455
260,261,24,Centro-Oeste,64,50261,262.51,2,10.43,3,6,4,43.68,3,2,4,0.4,0,4,0.0,Jovem Adulto,Detrator,0.04,True,0.1663936611938593
261,262,53,Sul,109,50262,192.62,1,3.3,8,4,2,41.42,3,1,7,3.3,0,4,2.3,Adulto,Detrator,0.02,True,0.2150347835115772
262,263,51,Sul,54,50263,610.5,2,6.92,9,9,5,47.49,2,1,4,3.0,0,3,1.1,Adulto,Detrator,0.01,True,0.07778869778869779
263,264,57,Sul,77,50264,466.75,3,1.87,2,12,2,46.1,3,4,3,3.6,0,8,1.4,Adulto,Detrator,0.0,True,0.0987680771290841
264,265,36,Sudeste,8,50265,592.31,2,53.73,2,11,4,49.56,1,1,8,0.6,0,5,0.1,Adulto,Detrator,0.09,True,0.08367240127635868
265,266,46,Centro-Oeste,40,50266,95.2,3,65.45,7,13,2,48.59,1,1,11,2.7,0,5,0.3,Adulto,Detrator,0.69,True,0.5103991596638656
266,267,56,Sudeste,45,50267,501.66,6,27.84,3,14,2,57.91,2,2,6,4.9,0,4,2.9,Adulto,Detrator,0.06,True,0.11543674999003307
267,268,23,Nordeste,83,50268,158.09,3,12.76,11,4,2,20.42,2,2,5,1.8,0,6,2.5,Jovem Adulto,Detrator,0.08,True,0.12916693022961606
268,269,27,Nordeste,59,50269,1372.36,3,49.19,6,2,4,39.96,3,1,11,4.0,0,4,0.0,Jovem Adulto,Detrator,0.04,True,0.029117724212305813
269,270,58,Nordeste,23,50270,119.67,5,14.85,3,12,2,49.21,2,4,5,3.1,0,7,1.2,Adulto,Detrator,0.12,True,0.41121417230717805
270,271,59,Nordeste,80,50271,79.93,2,129.11,6,2,4,27.59,1,1,1,1.1,0,3,4.8,Adulto,Detrator,1.62,True,0.3451770299011635
271,272,22,Sul,2,50272,1417.73,6,93.25,9,5,2,22.51,3,1,8,3.4,0,4,2.1,Jovem Adulto,Detrator,0.07,True,0.015877494304275146
272,273,41,Centro-Oeste,87,50273,145.53,2,20.66,3,7,0,67.84,2,1,2,5.6,0,2,8.4,Adulto,Detrator,0.14,False,0.46615818044389473
273,274,58,Norte,11,50274,47.07,1,50.24,3,7,2,32.58,1,1,11,4.4,0,4,0.0,Adulto,Detrator,1.07,True,0.6921606118546845
274,275,39,Norte,61,50275,317.11,1,6.86,11,6,4,32.21,1,4,11,0.0,0,6,0.0,Adulto,,0.02,True,0.1015735864526505
275,276,43,Nordeste,6,50276,638.11,4,16.38,9,8,3,41.36,2,2,11,3.3,0,4,0.0,Adulto,Detrator,0.03,True,0.06481641096362696
276,277,68,Centro-Oeste,30,50277,122.91,4,29.2,8,2,2,44.45,3,2,11,0.5,0,4,0.0,Idoso,Detrator,0.24,True,0.3616467333821496
277,278,54,Sudeste,69,50278,214.21,5,9.15,4,4,4,47.49,2,2,7,2.3,0,7,0.0,Adulto,Detrator,0.04,True,0.2216983334111386
278,279,62,Sudeste,75,50279,312.27,2,41.73,11,8,1,45.84,2,4,1,5.1,0,7,4.6,Idoso,Detrator,0.13,True,0.14679604188682874
279,280,46,Nordeste,118,50280,362.35,5,37.91,10,11,2,41.31,2,0,7,5.4,0,3,3.4,Adulto,Detrator,0.1,True,0.11400579550158686
280,281,53,Nordeste,69,50281,791.28,6,31.81,11,13,1,31.15,1,1,9,6.6,0,2,1.9,Adulto,Neutro,0.04,True,0.039366595895258316
281,282,37,Sudeste,112,50282,314.71,2,12.11,7,5,2,41.56,1,1,1,6.0,0,4,6.2,Adulto,Detrator,0.04,True,0.13205808522131487
282,283,35,Norte,48,50283,61.87,2,41.19,11,9,0,50.35,1,1,9,5.8,0,2,3.5,Adulto,Detrator,0.67,False,0.8138031356069177
283,284,57,Norte,87,50284,932.07,5,3.24,5,7,3,39.47,2,2,9,3.3,0,4,0.0,Adulto,Detrator,0.0,True,0.04234660486873303
284,285,62,Sul,96,50285,228.39,5,101.98,3,6,0,34.7,1,0,9,10.0,1,0,4.7,Idoso,Promotor,0.45,False,0.15193309689566095
285,286,58,Norte,113,50286,272.71,1,29.73,2,6,3,58.5,2,2,2,5.1,0,4,3.1,Adulto,Detrator,0.11,True,0.21451358586043784
286,287,32,Sudeste,71,50287,199.41,1,12.09,11,5,3,21.15,2,0,2,3.8,0,8,6.1,Adulto,Detrator,0.06,True,0.10606288551226116
287,288,32,Nordeste,13,50288,268.19,3,13.61,4,6,2,36.91,2,4,6,3.2,0,6,1.3,Adulto,Detrator,0.05,True,0.13762630970580558
288,289,41,Sudeste,82,50289,1273.41,3,0.27,4,2,5,17.28,2,0,2,2.7,0,3,3.5,Adulto,Detrator,0.0,True,0.013569863594600325
289,290,46,Sudeste,10,50290,321.49,1,96.07,7,9,2,51.48,1,3,4,2.7,0,5,2.5,Adulto,Detrator,0.3,True,0.16012939749292357
290,291,34,Sul,87,50291,394.66,2,26.15,11,7,4,31.48,1,0,11,0.5,0,4,0.0,Adulto,Detrator,0.07,True,0.07976486089292048
291,292,66,Norte,88,50292,527.69,6,115.35,2,11,2,52.71,1,1,2,6.9,0,6,5.2,Idoso,Neutro,0.22,True,0.0998881919308685
292,293,64,Norte,107,50293,290.94,6,7.76,5,4,3,42.48,1,1,1,2.5,0,4,5.2,Idoso,Detrator,0.03,True,0.14600948649206022
293,294,42,Sudeste,57,50294,427.33,3,19.31,9,3,1,47.92,1,1,1,6.1,0,3,8.0,Adulto,Neutro,0.05,True,0.11213816020405776
294,295,33,Sul,68,50295,481.86,6,14.18,11,5,1,43.06,1,1,7,5.5,0,4,2.3,Adulto,Detrator,0.03,True,0.08936205536877932
295,296,67,Sudeste,86,50296,480.97,4,4.51,8,13,0,11.72,2,2,3,5.2,0,3,5.3,Idoso,Detrator,0.01,False,0.02436742416366925
296,297,34,Centro-Oeste,119,50297,508.03,4,28.57,1,7,2,44.75,3,1,11,4.5,0,3,0.5,Adulto,Detrator,0.06,True,0.08808534929039624
297,298,64,Centro-Oeste,7,50298,59.81,4,64.05,3,9,1,34.68,2,3,5,0.6,0,5,3.7,Idoso,Detrator,1.07,True,0.5798361478013709
298,299,64,Norte,116,50299,213.38,3,0.32,3,10,3,58.7,1,1,9,2.2,0,5,1.7,Idoso,Detrator,0.0,True,0.2750960727340894
299,300,38,Sudeste,109,50300,303.79,3,1.84,9,8,2,33.76,3,4,4,2.6,0,7,1.4,Adulto,Detrator,0.01,True,0.1111293985977155
300,301,61,Norte,72,50301,193.27,4,64.11,10,7,4,57.26,2,1,1,0.7,0,4,4.7,Idoso,Detrator,0.33,True,0.2962694675842086
301,302,65,Centro-Oeste,111,50302,202.92,6,59.14,1,11,3,22.38,3,2,1,4.9,0,6,3.5,Idoso,Detrator,0.29,True,0.11028976936723832
302,303,44,Centro-Oeste,39,50303,70.87,6,16.05,6,4,3,22.09,1,1,11,1.5,0,5,0.0,Adulto,Detrator,0.23,True,0.3116974742486242
303,304,22,Sudeste,51,50304,240.49,1,14.86,9,13,3,29.46,2,0,8,3.4,0,5,1.9,Jovem Adulto,Detrator,0.06,True,0.12249989604557363
304,305,39,Sul,95,50305,789.52,1,2.17,3,12,4,43.12,3,0,11,3.8,0,3,0.0,Adulto,Detrator,0.0,True,0.054615462559529836
305,306,50,Norte,17,50306,366.89,2,59.58,4,8,0,46.5,3,1,6,9.4,1,1,5.7,Adulto,Promotor,0.16,False,0.12674098503638692
306,307,57,Sudeste,19,50307,384.43,5,1.58,2,10,3,41.19,2,2,10,1.2,0,7,0.0,Adulto,Detrator,0.0,True,0.10714564420050464
307,308,19,Centro-Oeste,48,50308,143.79,2,35.31,4,2,4,43.31,1,3,0,4.1,0,7,2.7,Jovem Adulto,Detrator,0.25,True,0.30120314347312055
308,309,52,Norte,108,50309,405.33,3,19.48,8,13,3,42.27,2,1,8,2.7,0,4,0.0,Adulto,Detrator,0.05,True,0.1042853970838576
309,310,60,Nordeste,8,50310,170.39,3,23.19,8,6,2,40.78,3,2,0,5.5,0,6,6.6,Adulto,Detrator,0.14,True,0.23933329420740657
310,311,36,Norte,92,50311,343.2,4,42.07,1,14,2,62.34,1,0,3,4.4,0,5,5.7,Adulto,Detrator,0.12,True,0.18164335664335665
311,312,57,Sul,118,50312,392.74,5,41.08,2,3,3,55.88,3,1,2,0.0,0,5,3.5,Adulto,,0.1,True,0.1422824260324897
312,313,44,Sudeste,99,50313,787.5,4,3.77,8,2,2,39.53,1,2,9,4.1,0,6,0.8,Adulto,Detrator,0.0,True,0.0501968253968254
313,314,57,Sudeste,111,50314,265.48,5,12.86,2,2,4,38.92,3,0,10,2.0,0,4,0.0,Adulto,Detrator,0.05,True,0.1466023805936417
314,315,53,Sul,82,50315,382.09,2,71.83,9,6,4,45.79,2,2,11,1.1,0,6,0.0,Adulto,Detrator,0.19,True,0.11984087518647439
315,316,56,Norte,27,50316,771.14,2,1.27,10,4,1,24.83,1,1,6,6.4,0,3,3.3,Adulto,Neutro,0.0,True,0.032199081878776875
316,317,19,Norte,117,50317,425.6,1,22.71,7,9,1,24.34,2,0,10,4.3,0,4,2.4,Jovem Adulto,Detrator,0.05,True,0.057189849624060145
317,318,58,Centro-Oeste,33,50318,1171.74,2,0.47,6,5,1,45.97,2,2,5,2.3,0,5,3.0,Adulto,Detrator,0.0,True,0.03923225288886613
318,319,35,Norte,107,50319,27.57,1,44.05,11,14,1,26.09,2,0,3,2.8,0,2,6.6,Adulto,Detrator,1.6,True,0.9463184620964816
319,320,63,Nordeste,5,50320,236.62,6,1.56,3,6,1,38.04,2,2,2,2.8,0,6,5.6,Idoso,Detrator,0.01,True,0.16076409432845912
320,321,40,Sul,95,50321,273.36,1,40.02,11,6,2,20.87,3,1,3,6.0,0,2,3.9,Adulto,Detrator,0.15,True,0.07634621012584138
321,322,43,Centro-Oeste,88,50322,161.48,6,78.41,8,13,4,49.84,1,1,0,6.5,0,3,4.5,Adulto,Neutro,0.49,True,0.3086450334406738
322,323,28,Sudeste,92,50323,981.97,1,0.95,10,10,2,49.78,2,1,0,7.5,0,3,5.5,Jovem Adulto,Neutro,0.0,True,0.050694013055388655
323,324,65,Sul,70,50324,150.48,4,54.59,5,12,0,50.12,1,1,2,9.8,1,2,6.3,Idoso,Promotor,0.36,False,0.3330675172780436
324,325,18,Sudeste,84,50325,402.31,6,2.49,5,14,2,32.59,3,2,4,10.0,1,4,2.8,,Promotor,0.01,True,0.08100718351519973
325,326,53,Sul,25,50326,1378.39,6,33.66,4,2,1,29.72,3,1,7,7.9,0,5,2.9,Adulto,Neutro,0.02,True,0.021561386835365896
326,327,67,Sudeste,111,50327,92.17,3,28.32,2,9,2,28.15,3,1,8,7.7,0,2,1.1,Idoso,Neutro,0.31,True,0.3054139090810459
327,328,37,Sudeste,53,50328,268.01,5,9.27,6,4,3,46.55,1,1,3,3.8,0,3,3.2,Adulto,Detrator,0.03,True,0.17368754897205327
328,329,48,Centro-Oeste,31,50329,294.92,4,5.7,11,12,6,51.43,1,4,6,0.0,0,9,0.0,Adulto,,0.02,True,0.17438627424386274
329,330,25,Norte,86,50330,726.5,3,4.18,10,12,2,28.34,1,0,10,4.6,0,3,2.4,Jovem Adulto,Detrator,0.01,True,0.03900894700619408
330,331,57,Norte,39,50331,109.86,5,2.44,2,14,1,31.83,1,7,0,3.2,0,9,2.0,Adulto,Detrator,0.02,True,0.2897323866739486
331,332,41,Sul,5,50332,382.78,5,10.93,5,8,1,35.44,2,1,9,7.1,0,2,3.1,Adulto,Neutro,0.03,True,0.09258581953080099
332,333,37,Centro-Oeste,81,50333,65.83,4,19.8,6,7,6,43.82,1,1,5,0.0,0,4,0.0,Adulto,,0.3,True,0.665653957162388
333,334,32,Norte,46,50334,150.41,6,0.05,10,6,3,24.36,1,0,3,3.8,0,4,4.3,Adulto,Detrator,0.0,True,0.16195731666777474
334,335,47,Sudeste,2,50335,468.18,5,31.94,8,5,3,47.9,3,2,5,5.5,0,5,1.5,Adulto,Detrator,0.07,True,0.1023110769362211
335,336,37,Sul,103,50336,176.28,2,24.27,9,8,1,52.02,3,4,7,3.4,0,7,0.7,Adulto,Detrator,0.14,True,0.2950987066031314
336,337,55,Norte,64,50337,385.0,4,34.14,1,10,4,34.33,3,1,8,1.5,0,4,0.1,Adulto,Detrator,0.09,True,0.08916883116883116
337,338,19,Nordeste,107,50338,204.35,5,8.31,9,13,4,42.04,2,0,9,2.3,0,4,0.0,Jovem Adulto,Detrator,0.04,True,0.2057254710056276
338,339,23,Norte,71,50339,113.8,3,18.72,9,6,2,20.23,2,2,3,3.1,0,4,4.0,Jovem Adulto,Detrator,0.16,True,0.17776801405975395
339,340,59,Sudeste,24,50340,221.73,5,8.0,1,8,4,47.6,2,2,0,3.2,0,5,3.6,Adulto,Detrator,0.04,True,0.21467550624633566
340,341,35,Centro-Oeste,44,50341,629.15,2,41.01,11,5,3,28.9,1,5,8,0.0,0,8,0.0,Adulto,,0.07,True,0.04593499165540809
341,342,53,Sul,51,50342,660.23,2,6.6,11,6,1,21.48,3,2,2,6.8,0,3,5.0,Adulto,Neutro,0.01,True,0.032534116898656526
342,343,31,Sudeste,25,50343,284.2,1,36.51,4,13,1,58.6,2,1,8,8.1,1,3,2.8,Adulto,Promotor,0.13,True,0.20619282195636876
343,344,43,Sudeste,19,50344,224.28,1,18.44,5,9,1,26.18,3,2,1,4.8,0,4,7.0,Adulto,Detrator,0.08,True,0.11672908863920099
344,345,51,Nordeste,6,50345,430.01,4,11.03,9,9,1,42.71,1,2,2,4.3,0,4,5.2,Adulto,Detrator,0.03,True,0.09932327155182438
345,346,47,Sudeste,88,50346,323.9,6,7.55,6,12,4,46.86,1,1,10,1.2,0,5,0.0,Adulto,Detrator,0.02,True,0.14467428218585984
346,347,24,Nordeste,17,50347,167.06,2,46.01,6,6,3,17.57,1,0,9,7.2,0,1,0.0,Jovem Adulto,Neutro,0.28,True,0.105171794564827
347,348,47,Sudeste,104,50348,424.64,1,43.43,1,10,3,32.97,2,0,2,6.0,0,1,5.0,Adulto,Detrator,0.1,True,0.07764223813112284
348,349,35,Norte,14,50349,199.86,6,35.78,8,3,4,32.52,3,0,4,4.1,0,3,2.1,Adulto,Detrator,0.18,True,0.16271389972981087
349,350,39,Sul,97,50350,22.06,5,41.75,4,8,3,31.92,1,1,7,3.8,0,5,1.3,Adulto,Detrator,1.89,True,1.446962828649139
350,351,34,Centro-Oeste,71,50351,286.19,6,0.06,5,5,2,49.0,1,2,11,3.4,0,4,0.0,Adulto,Detrator,0.0,True,0.1712149271463014
351,352,48,Nordeste,20,50352,588.82,3,207.47,10,10,1,49.12,3,1,0,6.9,0,2,6.9,Adulto,Neutro,0.35,True,0.08342107944702964
352,353,34,Centro-Oeste,81,50353,402.73,2,43.73,10,3,0,26.84,2,0,8,9.2,1,1,4.0,Adulto,Promotor,0.11,False,0.06664514687259454
353,354,48,Sul,75,50354,193.75,3,45.01,9,13,2,45.8,2,3,8,2.2,0,6,0.0,Adulto,Detrator,0.23,True,0.23638709677419353
354,355,30,Nordeste,72,50355,486.17,2,83.69,10,5,5,52.08,2,2,1,0.6,0,7,3.3,Jovem Adulto,Detrator,0.17,True,0.10712302281095089
355,356,44,Sudeste,78,50356,320.42,4,15.74,11,6,2,35.84,2,0,1,10.0,1,2,7.7,Adulto,Promotor,0.05,True,0.11185319268460146
356,357,37,Nordeste,35,50357,174.4,1,8.98,1,3,3,29.27,2,0,6,2.8,0,2,2.4,Adulto,Detrator,0.05,True,0.16783256880733943
357,358,34,Centro-Oeste,20,50358,587.17,3,58.73,7,9,0,36.98,3,0,8,10.0,1,1,5.0,Adulto,Promotor,0.1,False,0.06298005688301514
358,359,46,Sul,34,50359,212.21,2,4.0,8,7,1,21.95,2,1,0,7.3,0,2,7.1,Adulto,Neutro,0.02,True,0.10343527637717355
359,360,56,Sudeste,52,50360,28.27,3,30.59,4,13,3,37.13,3,0,10,1.9,0,3,0.7,Adulto,Detrator,1.08,True,1.3134064379200567
360,361,52,Norte,17,50361,140.96,3,6.84,6,13,1,25.31,3,0,6,8.8,1,1,4.5,Adulto,Promotor,0.05,True,0.17955448354143017
361,362,25,Sudeste,82,50362,544.2,5,7.48,7,9,3,43.64,1,2,0,4.7,0,4,4.2,Jovem Adulto,Detrator,0.01,True,0.08019110621095185
362,363,60,Sudeste,98,50363,872.85,5,12.55,3,9,3,52.29,1,1,0,3.4,0,3,5.7,Adulto,Detrator,0.01,True,0.059907200549922664
363,364,55,Norte,92,50364,403.89,6,25.48,10,13,1,29.91,1,4,1,4.6,0,7,4.4,Adulto,Detrator,0.06,True,0.07405481690559311
364,365,32,Sudeste,83,50365,129.27,3,34.51,2,6,1,59.01,1,0,5,6.8,0,1,4.9,Adulto,Neutro,0.27,True,0.4564864237642144
365,366,67,Sudeste,87,50366,713.9,3,77.99,3,6,0,44.64,3,1,10,5.9,0,2,2.5,Idoso,Detrator,0.11,False,0.06252976607367979
366,367,18,Centro-Oeste,70,50367,45.74,3,3.66,10,2,2,44.48,1,2,10,3.1,0,4,0.0,,Detrator,0.08,True,0.9724529951902054
367,368,50,Norte,5,50368,140.82,3,35.93,9,8,1,34.74,2,2,2,2.7,0,5,5.6,Adulto,Detrator,0.26,True,0.24669791222837667
368,369,20,Nordeste,95,50369,278.25,6,55.3,7,8,4,54.16,3,1,11,4.4,0,3,0.0,Jovem Adulto,Detrator,0.2,True,0.1946451033243486
369,370,56,Sudeste,71,50370,216.93,1,105.78,2,7,5,50.06,1,1,3,1.5,0,6,2.7,Adulto,Detrator,0.49,True,0.23076568478310977
370,371,55,Sudeste,8,50371,136.63,6,10.21,10,13,7,39.27,1,2,7,0.7,0,6,0.0,Adulto,Detrator,0.07,True,0.2874185757154359
371,372,65,Centro-Oeste,62,50372,755.2,1,3.38,11,2,2,50.84,3,3,2,9.2,1,5,3.8,Idoso,Promotor,0.0,True,0.06731991525423729
372,373,32,Sudeste,63,50373,509.31,5,5.98,4,9,2,24.15,2,2,10,3.6,0,5,0.1,Adulto,Detrator,0.01,True,0.04741709371502621
373,374,59,Centro-Oeste,5,50374,425.59,6,73.58,8,2,1,41.8,1,1,0,2.9,0,8,8.2,Adulto,Detrator,0.17,True,0.09821659343499613
374,375,35,Centro-Oeste,98,50375,666.94,3,6.9,5,9,2,33.55,1,2,10,6.3,0,3,0.0,Adulto,Neutro,0.01,True,0.050304375206165465
375,376,55,Sudeste,52,50376,221.74,1,22.1,3,8,3,51.03,2,1,4,4.1,0,3,3.6,Adulto,Detrator,0.1,True,0.23013439162983673
376,377,48,Sudeste,78,50377,186.89,3,3.19,5,10,2,47.83,1,0,9,4.0,0,5,2.5,Adulto,Detrator,0.02,True,0.2559259457434855
377,378,37,Sudeste,30,50378,627.83,1,89.05,6,6,3,49.16,3,1,8,6.2,0,3,0.8,Adulto,Neutro,0.14,True,0.07830145102973735
378,379,24,Norte,110,50379,446.74,4,66.49,1,8,2,42.94,1,0,9,5.8,0,4,2.5,Jovem Adulto,Detrator,0.15,True,0.09611854770112369
379,380,54,Sul,62,50380,367.95,2,42.89,6,12,5,28.55,1,3,11,0.0,0,6,0.0,Adulto,,0.12,True,0.07759206413914935
380,381,44,Sul,74,50381,277.61,5,12.96,8,3,2,49.48,1,0,6,6.7,0,1,3.3,Adulto,Neutro,0.05,True,0.17823565433521846
381,382,25,Centro-Oeste,96,50382,113.02,3,0.16,4,10,2,21.68,3,1,9,3.9,0,3,1.1,Jovem Adulto,Detrator,0.0,True,0.1918244558485224
382,383,31,Norte,14,50383,396.86,5,21.37,10,8,1,28.29,3,0,2,6.5,0,1,8.1,Adulto,Neutro,0.05,True,0.07128458398427656
383,384,67,Norte,74,50384,283.75,6,96.8,10,2,1,52.08,2,1,11,3.0,0,4,0.8,Idoso,Detrator,0.34,True,0.1835418502202643
384,385,32,Nordeste,55,50385,155.43,1,21.94,9,14,2,20.3,1,2,9,5.0,0,5,0.3,Adulto,Detrator,0.14,True,0.13060541722962105
385,386,24,Nordeste,11,50386,128.93,5,23.99,1,3,3,39.89,2,0,8,4.1,0,2,1.6,Jovem Adulto,Detrator,0.19,True,0.30939269370976497
386,387,50,Sul,27,50387,373.87,2,39.49,2,10,1,45.59,1,2,6,4.7,0,4,3.1,Adulto,Detrator,0.11,True,0.121940781555086
387,388,69,Norte,3,50388,197.86,4,30.33,5,3,5,37.07,2,0,8,2.6,0,4,0.0,Idoso,Detrator,0.15,True,0.1873546952390579
388,389,51,Sudeste,46,50389,432.25,3,23.32,7,13,0,58.99,1,1,4,7.3,0,1,6.1,Adulto,Neutro,0.05,False,0.13647194910352806
389,390,21,Centro-Oeste,12,50390,297.25,2,3.48,5,5,1,45.63,2,1,10,6.1,0,6,1.0,Jovem Adulto,Neutro,0.01,True,0.1535071488645921
390,391,18,Nordeste,109,50391,969.8,5,0.36,10,14,1,43.69,3,2,2,6.2,0,3,5.4,,Neutro,0.0,True,0.04505052588162508
391,392,58,Sudeste,78,50392,73.27,6,95.71,10,8,4,32.88,2,3,3,1.6,0,6,2.4,Adulto,Detrator,1.31,True,0.44875119421318416
392,393,31,Centro-Oeste,117,50393,143.96,6,30.38,11,4,2,35.67,1,1,2,7.4,0,3,5.6,Adulto,Neutro,0.21,True,0.24777716032231176
393,394,48,Norte,13,50394,481.95,2,19.57,7,6,3,43.74,1,0,11,3.9,0,4,0.0,Adulto,Detrator,0.04,True,0.09075630252100841
394,395,55,Nordeste,108,50395,339.6,3,3.83,7,9,1,34.93,2,1,9,4.7,0,3,2.1,Adulto,Detrator,0.01,True,0.10285630153121318
395,396,67,Nordeste,37,50396,325.44,4,22.24,7,14,2,24.01,2,3,3,5.7,0,5,3.2,Idoso,Detrator,0.07,True,0.07377704031465095
396,397,37,Sul,5,50397,358.02,6,5.03,9,14,0,48.01,1,0,6,9.4,1,4,6.6,Adulto,Promotor,0.01,False,0.13409865370649685
397,398,20,Nordeste,56,50398,208.86,2,35.08,3,9,2,31.3,1,0,3,0.1,0,2,6.0,Jovem Adulto,Detrator,0.17,True,0.14986115101024608
398,399,52,Norte,63,50399,745.4,5,136.81,2,10,3,53.78,3,0,11,4.9,0,4,0.0,Adulto,Detrator,0.18,True,0.07214918164743762
399,400,63,Sul,24,50400,572.71,1,45.7,6,11,2,35.3,3,3,3,0.8,0,7,3.8,Idoso,Detrator,0.08,True,0.06163677952192208
400,401,50,Centro-Oeste,47,50401,516.65,4,1.33,4,9,3,26.85,1,4,11,0.0,0,8,0.0,Adulto,,0.0,True,0.05196941836833447
401,402,32,Nordeste,117,50402,561.91,5,53.76,7,4,2,36.97,3,1,4,7.2,0,3,4.2,Adulto,Neutro,0.1,True,0.06579345446779733
402,403,20,Sul,32,50403,112.32,3,9.94,1,13,0,27.56,1,3,10,5.0,0,4,0.2,Jovem Adulto,Detrator,0.09,False,0.24537037037037038
403,404,45,Norte,37,50404,584.88,4,37.6,10,2,3,50.13,2,1,1,5.7,0,3,4.7,Adulto,Detrator,0.06,True,0.08570988920804268
404,405,44,Norte,6,50405,190.61,3,0.42,7,14,3,28.18,3,2,8,2.9,0,5,0.0,Adulto,Detrator,0.0,True,0.1478411415980274
405,406,64,Sudeste,57,50406,200.1,1,109.8,1,9,5,44.12,1,1,2,0.0,0,3,2.2,Idoso,,0.55,True,0.22048975512243876
406,407,64,Sul,110,50407,576.64,4,1.5,2,2,7,30.6,2,0,10,0.9,0,2,0.0,Idoso,Detrator,0.0,True,0.05306603773584906
407,408,50,Centro-Oeste,16,50408,307.56,2,7.94,8,5,2,34.88,1,1,3,4.9,0,3,3.5,Adulto,Detrator,0.03,True,0.1134087657692808
408,409,36,Norte,96,50409,912.65,1,6.72,11,4,5,40.62,3,5,0,0.0,0,8,0.0,Adulto,,0.01,True,0.04450775215033145
409,410,50,Norte,71,50410,254.14,6,69.59,7,4,1,55.49,3,0,9,6.5,0,3,3.6,Adulto,Neutro,0.27,True,0.2183442197214134
410,411,48,Sudeste,41,50411,957.71,5,19.6,9,2,1,30.54,1,1,7,8.2,1,4,3.4,Adulto,Promotor,0.02,True,0.03188856752043938
411,412,21,Sul,72,50412,214.86,3,14.55,2,11,2,42.34,1,1,8,3.2,0,5,1.5,Jovem Adulto,Detrator,0.07,True,0.19705854975332776
412,413,49,Centro-Oeste,4,50413,414.68,6,35.68,6,7,3,31.31,2,0,4,5.2,0,2,3.7,Adulto,Detrator,0.09,True,0.07550400308671747
413,414,59,Nordeste,32,50414,221.34,1,47.42,1,12,2,28.51,1,1,5,5.6,0,3,3.8,Adulto,Detrator,0.21,True,0.1288063612541791
414,415,45,Sudeste,60,50415,621.41,5,66.09,3,4,3,46.54,3,3,10,0.0,0,6,0.0,Adulto,,0.11,True,0.07489419224022788
415,416,33,Norte,51,50416,214.33,5,70.78,2,3,1,47.78,3,1,1,9.0,1,3,7.2,Adulto,Promotor,0.33,True,0.2229272616992488
416,417,66,Nordeste,25,50417,335.86,6,7.82,5,8,3,38.42,1,1,3,4.0,0,5,3.3,Idoso,Detrator,0.02,True,0.11439290180432322
417,418,60,Sul,8,50418,411.19,6,50.45,6,7,1,29.23,2,1,8,4.9,0,3,3.1,Adulto,Detrator,0.12,True,0.07108635910406381
418,419,45,Sudeste,93,50419,107.12,2,20.84,11,8,2,28.99,3,1,0,5.6,0,3,7.1,Adulto,Detrator,0.19,True,0.27063106796116504
419,420,32,Centro-Oeste,76,50420,787.12,6,98.23,10,10,1,31.21,2,1,5,5.8,0,4,4.8,Adulto,Detrator,0.12,True,0.03965087915438561
420,421,65,Norte,20,50421,90.67,5,10.92,4,11,0,39.18,3,3,1,5.4,0,4,5.5,Idoso,Detrator,0.12,False,0.4321164663063858
421,422,39,Norte,108,50422,457.63,5,29.86,9,4,3,46.68,1,3,6,0.7,0,5,0.0,Adulto,Detrator,0.07,True,0.10200380219828245
422,423,48,Centro-Oeste,36,50423,581.52,2,12.67,3,12,0,36.44,2,1,7,6.6,0,3,5.2,Adulto,Neutro,0.02,False,0.06266336497454945
423,424,38,Norte,72,50424,450.17,3,41.27,5,3,1,30.13,3,2,4,8.3,1,5,4.0,Adulto,Promotor,0.09,True,0.06693027078659172
424,425,49,Nordeste,105,50425,297.92,1,4.48,7,4,1,27.89,3,1,11,4.4,0,5,1.3,Adulto,Detrator,0.02,True,0.0936157357679914
425,426,24,Sul,56,50426,360.68,3,12.87,3,13,2,35.39,3,1,9,6.3,0,2,2.2,Jovem Adulto,Neutro,0.04,True,0.0981202173671953
426,427,50,Norte,22,50427,285.35,6,54.68,7,10,1,37.26,1,1,3,8.6,1,5,5.2,Adulto,Promotor,0.19,True,0.13057648501839844
427,428,25,Sudeste,37,50428,683.67,5,7.12,4,3,3,37.46,1,1,7,2.5,0,7,1.1,Jovem Adulto,Detrator,0.01,True,0.05479251685754824
428,429,31,Nordeste,57,50429,326.43,2,26.4,5,7,3,45.24,3,0,1,6.9,0,4,6.5,Adulto,Neutro,0.08,True,0.13859020310633213
429,430,42,Sudeste,87,50430,366.1,1,55.57,5,12,2,60.69,1,1,4,5.4,0,4,3.3,Adulto,Detrator,0.15,True,0.16577437858508604
430,431,49,Sul,59,50431,440.98,6,26.29,9,4,1,15.56,2,2,8,3.3,0,5,2.6,Adulto,Detrator,0.06,True,0.03528504694090435
431,432,45,Sul,19,50432,881.11,4,1.13,4,13,5,16.81,1,0,5,3.0,0,2,0.8,Adulto,Detrator,0.0,True,0.01907820816924107
432,433,19,Norte,69,50433,104.17,2,68.96,2,10,1,39.26,1,2,7,4.8,0,5,1.8,Jovem Adulto,Detrator,0.66,True,0.37688393971392914
433,434,34,Norte,26,50434,450.67,3,32.51,6,11,0,35.8,2,0,11,8.3,1,2,2.5,Adulto,Promotor,0.07,False,0.07943728226862226
434,435,44,Norte,100,50435,267.66,1,76.87,10,5,3,59.97,2,1,7,5.6,0,3,2.1,Adulto,Detrator,0.29,True,0.22405290293656127
435,436,19,Nordeste,115,50436,345.05,5,26.5,6,14,4,50.46,1,1,6,2.5,0,6,1.0,Jovem Adulto,Detrator,0.08,True,0.14623967540936095
436,437,25,Sudeste,57,50437,293.61,3,47.72,11,12,1,44.57,3,1,9,4.1,0,6,1.8,Jovem Adulto,Detrator,0.16,True,0.1518000068117571
437,438,55,Centro-Oeste,65,50438,519.47,4,7.37,3,7,2,42.04,3,1,1,5.1,0,4,6.6,Adulto,Detrator,0.01,True,0.0809286388049358
438,439,37,Nordeste,9,50439,154.25,2,20.45,8,2,1,49.57,3,0,10,6.3,0,3,2.5,Adulto,Neutro,0.13,True,0.3213614262560778
439,440,66,Centro-Oeste,33,50440,479.08,4,4.23,2,14,2,55.71,2,4,9,3.1,0,8,0.0,Idoso,Detrator,0.01,True,0.11628538031226518
440,441,54,Centro-Oeste,31,50441,142.18,3,7.23,2,6,2,41.98,1,0,1,6.5,0,2,6.9,Adulto,Neutro,0.05,True,0.2952595301730201
441,442,38,Centro-Oeste,66,50442,37.84,2,74.94,9,10,3,37.44,3,5,0,1.3,0,11,2.3,Adulto,Detrator,1.98,True,0.989429175475687
442,443,43,Norte,79,50443,676.82,4,3.68,11,12,6,43.59,3,1,0,1.7,0,5,3.4,Adulto,Detrator,0.01,True,0.06440412517360598
443,444,48,Centro-Oeste,62,50444,692.96,1,23.98,9,10,3,3.43,3,1,5,3.1,0,5,1.9,Adulto,Detrator,0.03,True,0.004949780651119833
444,445,37,Sudeste,53,50445,259.08,3,75.25,1,4,1,50.81,3,2,3,5.7,0,7,6.4,Adulto,Detrator,0.29,True,0.19611702948896095
445,446,23,Norte,80,50446,1915.89,4,37.4,2,8,3,39.64,2,2,1,4.1,0,5,4.3,Jovem Adulto,Detrator,0.02,True,0.020690123128154537
446,447,67,Sudeste,15,50447,340.13,5,4.8,2,7,0,21.06,3,1,4,8.2,1,5,6.6,Idoso,Promotor,0.01,False,0.06191750213153794
447,448,32,Sul,15,50448,361.59,2,23.33,3,12,4,38.25,2,3,6,2.8,0,6,0.1,Adulto,Detrator,0.06,True,0.10578279266572638
448,449,18,Sudeste,31,50449,319.65,3,90.21,11,11,1,47.59,1,2,2,4.0,0,4,5.9,,Detrator,0.28,True,0.14888158923822933
449,450,43,Centro-Oeste,46,50450,246.95,2,23.17,8,8,1,18.45,2,3,9,0.1,0,5,0.2,Adulto,Detrator,0.09,True,0.07471148005669163
450,451,46,Sul,92,50451,474.16,2,12.03,2,9,1,37.59,3,5,9,1.6,0,8,0.0,Adulto,Detrator,0.03,True,0.07927703728699173
451,452,19,Centro-Oeste,4,50452,198.26,4,19.24,11,6,5,37.36,2,2,7,0.0,0,4,0.0,Jovem Adulto,,0.1,True,0.18843942297992536
452,453,39,Nordeste,27,50453,1246.46,3,50.38,8,2,3,42.95,1,1,10,2.7,0,6,0.0,Adulto,Detrator,0.04,True,0.0344575838775412
453,454,46,Centro-Oeste,17,50454,348.5,5,16.48,9,8,1,32.81,1,1,11,7.2,0,3,0.1,Adulto,Neutro,0.05,True,0.09414634146341463
454,455,26,Sul,24,50455,313.93,4,33.75,5,12,3,53.5,1,1,4,2.8,0,4,2.7,Jovem Adulto,Detrator,0.11,True,0.170420157359921
455,456,58,Centro-Oeste,111,50456,1037.66,6,9.09,3,13,1,37.71,1,3,7,4.6,0,6,1.4,Adulto,Detrator,0.01,True,0.036341383497484725
456,457,38,Sul,2,50457,1003.78,6,8.75,7,13,1,20.2,3,3,3,2.2,0,5,5.3,Adulto,Detrator,0.01,True,0.020123931538783398
457,458,49,Nordeste,104,50458,234.6,4,69.5,5,12,3,22.56,1,2,8,0.0,0,7,0.0,Adulto,,0.3,True,0.09616368286445012
458,459,49,Centro-Oeste,117,50459,128.64,1,2.96,6,7,0,45.96,1,1,0,9.5,1,3,8.8,Adulto,Promotor,0.02,False,0.3572761194029851
459,460,64,Sul,18,50460,351.23,6,138.72,7,3,0,36.76,3,2,11,5.6,0,3,0.4,Idoso,Detrator,0.39,False,0.10466076360219798
460,461,61,Sul,67,50461,479.87,3,26.22,2,2,2,39.5,2,1,0,6.3,0,4,6.9,Idoso,Neutro,0.05,True,0.08231396003084168
461,462,57,Sul,48,50462,222.5,3,48.65,6,9,5,48.83,2,6,3,0.0,0,10,0.0,Adulto,,0.22,True,0.21946067415730336
462,463,43,Sul,113,50463,277.63,2,29.58,4,8,0,39.39,3,0,3,8.0,1,0,6.8,Adulto,Neutro,0.11,False,0.1418794798832979
463,464,65,Centro-Oeste,67,50464,313.59,2,62.78,10,7,4,55.04,3,2,9,0.3,0,4,0.0,Idoso,Detrator,0.2,True,0.17551580088650787
464,465,30,Norte,64,50465,781.84,2,31.86,8,2,1,34.44,1,2,4,10.0,1,3,5.1,Jovem Adulto,Promotor,0.04,True,0.04404993349022818
465,466,20,Sudeste,2,50466,165.13,2,9.41,4,11,6,29.83,3,3,6,0.0,0,7,0.0,Jovem Adulto,,0.06,True,0.18064555198934173
466,467,49,Sul,113,50467,1022.48,2,11.18,6,6,1,50.58,1,0,6,5.2,0,3,4.7,Adulto,Detrator,0.01,True,0.04946796025350129
467,468,50,Norte,100,50468,90.48,6,18.36,9,14,2,52.33,1,1,7,2.9,0,4,1.2,Adulto,Detrator,0.2,True,0.5783598585322722
468,469,50,Centro-Oeste,21,50469,916.97,1,55.2,8,3,1,43.57,1,0,11,5.0,0,2,2.2,Adulto,Detrator,0.06,True,0.04751518588394386
469,470,59,Nordeste,37,50470,43.03,6,9.33,9,10,2,33.01,1,3,2,8.0,1,4,3.4,Adulto,Neutro,0.22,True,0.7671392052056704
470,471,59,Sul,71,50471,254.47,5,8.47,2,13,4,21.93,2,4,2,0.0,0,6,0.8,Adulto,,0.03,True,0.08617911738122372
471,472,30,Norte,88,50472,96.59,4,0.86,7,6,1,20.04,2,1,1,3.3,0,4,7.0,Jovem Adulto,Detrator,0.01,True,0.20747489388135415
472,473,60,Norte,87,50473,294.96,5,31.05,11,2,1,20.47,2,1,8,3.9,0,3,2.3,Adulto,Detrator,0.11,True,0.06939924057499322
473,474,23,Nordeste,4,50474,504.76,1,5.16,6,14,4,51.09,1,2,3,0.0,0,5,2.0,Jovem Adulto,,0.01,True,0.1012164196846026
474,475,21,Norte,46,50475,262.34,6,2.51,11,11,4,41.05,2,2,3,3.0,0,8,2.0,Jovem Adulto,Detrator,0.01,True,0.15647632842875658
475,476,55,Norte,2,50476,696.22,3,111.88,6,14,1,40.51,1,2,3,3.0,0,6,5.9,Adulto,Detrator,0.16,True,0.05818563097871362
476,477,23,Sudeste,106,50477,286.17,5,4.5,2,7,2,33.71,2,1,6,5.5,0,4,3.0,Jovem Adulto,Detrator,0.02,True,0.11779711360380193
477,478,68,Centro-Oeste,108,50478,318.46,4,57.31,2,5,4,17.35,3,3,5,0.0,0,6,0.0,Idoso,,0.18,True,0.054480939521446975
478,479,20,Nordeste,1,50479,802.7,2,27.14,8,10,3,42.35,2,1,5,1.5,0,4,3.8,Jovem Adulto,Detrator,0.03,True,0.05275943690046094
479,480,44,Sul,119,50480,289.32,5,0.59,11,11,0,65.26,2,0,5,10.0,1,0,8.1,Adulto,Promotor,0.0,False,0.2255633900179732
480,481,57,Sudeste,86,50481,252.04,6,20.34,7,4,5,36.92,3,2,6,1.5,0,5,0.0,Adulto,Detrator,0.08,True,0.1464846849706396
481,482,37,Sul,47,50482,147.41,4,68.04,8,4,2,19.83,2,1,3,4.6,0,3,3.7,Adulto,Detrator,0.46,True,0.1345227596499559
482,483,35,Sudeste,99,50483,372.07,3,102.71,3,8,3,48.48,1,5,8,2.8,0,7,0.0,Adulto,Detrator,0.28,True,0.13029806219259815
483,484,37,Norte,42,50484,133.12,5,17.22,10,3,0,47.17,1,1,1,8.4,1,3,7.9,Adulto,Promotor,0.13,False,0.35434194711538464
484,485,47,Nordeste,13,50485,538.64,6,34.79,5,4,4,47.44,3,0,0,4.4,0,2,6.3,Adulto,Detrator,0.06,True,0.08807366701321848
485,486,27,Sudeste,20,50486,600.53,5,7.27,7,10,5,31.03,1,0,7,5.8,0,3,0.5,Jovem Adulto,Detrator,0.01,True,0.051671023928862844
486,487,69,Norte,78,50487,178.72,5,47.03,4,9,1,26.82,3,3,2,5.3,0,8,4.3,Idoso,Detrator,0.26,True,0.15006714413607877
487,488,40,Sudeste,70,50488,242.19,3,4.28,10,13,3,52.39,2,2,8,0.0,0,5,0.0,Adulto,,0.02,True,0.21631776704240474
488,489,64,Centro-Oeste,42,50489,207.79,2,7.54,1,6,4,39.99,2,0,0,7.0,0,1,5.2,Idoso,Neutro,0.04,True,0.19245391982289814
489,490,20,Nordeste,63,50490,480.86,6,78.88,5,9,1,53.38,2,3,7,2.9,0,6,1.8,Jovem Adulto,Detrator,0.16,True,0.11100944141746039
490,491,69,Centro-Oeste,84,50491,526.69,1,0.11,11,14,2,30.87,2,2,10,4.0,0,5,0.0,Idoso,Detrator,0.0,True,0.058611327346256806
491,492,67,Sul,30,50492,201.89,1,28.45,4,7,0,26.2,3,1,10,10.0,1,1,3.4,Idoso,Promotor,0.14,False,0.12977363911040665
492,493,26,Centro-Oeste,82,50493,282.08,3,28.8,8,4,4,35.88,1,2,10,1.9,0,5,0.0,Jovem Adulto,Detrator,0.1,True,0.1271979580260919
493,494,66,Norte,1,50494,180.06,2,14.57,1,12,4,46.81,1,0,8,4.6,0,3,1.0,Idoso,Detrator,0.08,True,0.25996889925580363
494,495,36,Sul,74,50495,347.39,4,69.59,10,14,1,50.03,2,0,4,10.0,1,1,5.5,Adulto,Promotor,0.2,True,0.14401681107688766
495,496,53,Sul,64,50496,336.22,1,12.01,6,6,0,57.32,1,0,10,8.5,1,2,2.7,Adulto,Promotor,0.04,False,0.17048361192076616
496,497,57,Sul,97,50497,473.06,6,2.08,7,7,3,36.13,1,0,0,2.2,0,3,6.7,Adulto,Detrator,0.0,True,0.07637508984061218
497,498,44,Nordeste,14,50498,493.21,4,75.05,7,2,3,23.87,1,0,3,5.2,0,4,4.2,Adulto,Detrator,0.15,True,0.04839723444374608
498,499,59,Sul,116,50499,357.75,4,11.4,4,5,1,44.72,2,2,4,5.7,0,6,5.0,Adulto,Detrator,0.03,True,0.12500349406009784
499,500,45,Centro-Oeste,26,50500,683.05,3,4.17,4,5,3,5.95,2,1,7,2.4,0,6,1.3,Adulto,Detrator,0.01,True,0.008710928921748042
500,501,60,Sul,62,50501,414.12,2,20.7,2,12,1,41.65,3,2,10,3.2,0,5,0.7,Adulto,Detrator,0.05,True,0.10057471264367816
501,502,68,Nordeste,11,50502,639.88,4,73.96,4,9,2,44.13,3,4,10,0.0,0,8,0.0,Idoso,,0.12,True,0.06896605613552542
502,503,25,Sudeste,37,50503,427.0,2,18.75,1,12,3,37.03,1,2,3,0.9,0,5,2.7,Jovem Adulto,Detrator,0.04,True,0.08672131147540983
503,504,59,Nordeste,28,50504,182.5,3,64.83,2,6,3,43.46,1,2,6,4.4,0,4,0.3,Adulto,Detrator,0.36,True,0.23813698630136987
504,505,65,Nordeste,103,50505,338.61,3,40.24,3,9,3,26.41,1,4,7,0.0,0,7,0.0,Idoso,,0.12,True,0.07799533386491835
505,506,25,Centro-Oeste,3,50506,357.82,3,23.43,4,5,2,39.02,2,2,11,4.0,0,5,0.0,Jovem Adulto,Detrator,0.07,True,0.10904924263596223
506,507,35,Sudeste,49,50507,273.16,3,11.66,7,4,2,45.19,3,1,4,6.1,0,2,3.7,Adulto,Neutro,0.04,True,0.16543417777126956
507,508,38,Norte,73,50508,973.75,6,14.22,10,3,4,22.49,2,1,1,4.7,0,4,3.9,Adulto,Detrator,0.01,True,0.02309627727856226
508,509,63,Sul,32,50509,106.57,3,8.71,6,5,2,66.44,3,2,8,2.1,0,5,0.1,Idoso,Detrator,0.08,True,0.6234399924931969
509,510,30,Sul,117,50510,520.24,2,31.98,8,3,3,18.01,3,4,0,4.2,0,10,2.2,Jovem Adulto,Detrator,0.06,True,0.034618637551899124
510,511,44,Centro-Oeste,17,50511,317.4,2,34.87,2,14,0,34.84,1,1,8,6.9,0,1,3.3,Adulto,Neutro,0.11,False,0.10976685570258352
511,512,64,Norte,34,50512,340.75,2,17.28,3,2,5,33.78,3,1,3,0.0,0,3,1.3,Idoso,,0.05,True,0.0991342626559061
512,513,57,Sudeste,119,50513,991.18,3,35.39,2,7,2,33.73,2,0,6,3.3,0,4,3.6,Adulto,Detrator,0.04,True,0.034030145886720875
513,514,33,Nordeste,47,50514,395.12,3,141.22,11,10,2,48.55,3,1,6,3.3,0,4,3.5,Adulto,Detrator,0.36,True,0.12287406357562258
514,515,57,Sul,31,50515,703.68,3,12.83,10,11,2,49.9,1,1,9,6.4,0,4,0.6,Adulto,Neutro,0.02,True,0.07091291496134607
515,516,26,Sudeste,99,50516,625.83,1,143.92,9,4,3,29.42,2,0,2,3.6,0,4,4.9,Jovem Adulto,Detrator,0.23,True,0.04700957128932777
516,517,44,Centro-Oeste,9,50517,273.49,5,5.72,9,9,2,31.93,1,1,3,4.8,0,5,5.2,Adulto,Detrator,0.02,True,0.11675015539873487
517,518,34,Nordeste,66,50518,165.88,3,19.29,5,11,3,41.46,3,0,9,7.8,0,3,0.3,Adulto,Neutro,0.12,True,0.24993971545695684
518,519,20,Centro-Oeste,74,50519,507.91,6,6.15,3,9,3,36.67,3,1,7,0.0,0,5,1.9,Jovem Adulto,,0.01,True,0.07219783032427005
519,520,21,Nordeste,26,50520,590.92,4,19.14,3,7,1,32.13,3,1,3,3.3,0,4,6.0,Jovem Adulto,Detrator,0.03,True,0.0543728423475259
520,521,57,Nordeste,82,50521,404.04,2,3.03,4,14,3,37.29,1,0,6,4.2,0,5,3.0,Adulto,Detrator,0.01,True,0.09229284229284229
521,522,69,Sul,112,50522,829.75,3,89.86,4,4,5,44.43,1,2,1,1.9,0,4,1.9,Idoso,Detrator,0.11,True,0.05354624887014161
522,523,18,Centro-Oeste,113,50523,127.93,1,20.8,9,14,3,27.08,2,2,0,5.6,0,5,4.1,,Detrator,0.16,True,0.21167826154928474
523,524,31,Sudeste,95,50524,817.01,2,30.9,6,3,0,49.14,3,2,1,5.6,0,4,6.6,Adulto,Detrator,0.04,False,0.06014614264207293
524,525,25,Sudeste,16,50525,292.71,1,1.89,1,13,3,39.35,1,2,2,7.2,0,3,3.4,Jovem Adulto,Neutro,0.01,True,0.13443339824399578
525,526,24,Sul,26,50526,135.14,6,0.43,9,14,0,46.39,1,4,10,4.7,0,6,0.0,Jovem Adulto,Detrator,0.0,False,0.3432736421488827
526,527,47,Norte,76,50527,93.2,6,10.29,6,3,3,46.24,2,1,4,4.2,0,3,2.2,Adulto,Detrator,0.11,True,0.496137339055794
527,528,42,Nordeste,105,50528,249.4,4,19.76,3,14,3,12.01,2,1,3,2.8,0,4,3.6,Adulto,Detrator,0.08,True,0.04815557337610264
528,529,56,Nordeste,73,50529,233.09,5,5.39,6,9,3,51.56,2,4,5,0.0,0,6,0.0,Adulto,,0.02,True,0.2212021107726629
529,530,33,Sudeste,55,50530,569.36,2,1.09,9,7,1,21.15,1,0,11,10.0,1,1,2.0,Adulto,Promotor,0.0,True,0.03714697203878038
530,531,28,Sudeste,55,50531,455.69,3,36.24,8,12,3,25.01,2,4,9,0.0,0,7,0.0,Jovem Adulto,,0.08,True,0.05488380258509074
531,532,42,Norte,30,50532,538.87,2,2.64,1,8,5,60.65,3,1,6,2.4,0,3,0.7,Adulto,Detrator,0.0,True,0.11255033681592963
532,533,50,Centro-Oeste,26,50533,267.78,2,12.37,4,3,0,31.34,2,2,5,6.8,0,3,5.3,Adulto,Neutro,0.05,False,0.11703637314213161
533,534,69,Norte,47,50534,270.58,1,0.39,11,14,5,36.89,3,0,7,6.3,0,1,0.0,Idoso,Neutro,0.0,True,0.13633675807524578
534,535,68,Centro-Oeste,102,50535,626.65,5,0.66,1,5,1,23.72,3,0,0,9.5,1,2,9.4,Idoso,Promotor,0.0,True,0.03785207053379079
535,536,65,Centro-Oeste,111,50536,170.67,2,0.48,3,9,2,42.01,2,1,2,3.8,0,3,5.4,Idoso,Detrator,0.0,True,0.24614753618093396
536,537,38,Sul,118,50537,44.51,2,19.24,7,8,2,43.36,1,1,6,3.9,0,3,3.7,Adulto,Detrator,0.43,True,0.974163109413615
537,538,69,Sul,50,50538,232.4,1,14.26,2,4,1,38.3,3,1,8,8.2,1,2,3.3,Idoso,Promotor,0.06,True,0.16480206540447503
538,539,69,Centro-Oeste,58,50539,95.55,2,0.71,1,3,1,36.32,1,2,2,5.2,0,6,5.2,Idoso,Detrator,0.01,True,0.38011512297226585
539,540,27,Centro-Oeste,9,50540,881.32,5,8.6,10,5,4,45.78,1,2,3,5.6,0,5,2.0,Jovem Adulto,Detrator,0.01,True,0.05194481005764081
540,541,67,Centro-Oeste,43,50541,874.09,3,4.7,7,2,0,30.5,1,1,8,5.5,0,2,3.4,Idoso,Detrator,0.01,False,0.034893432026450365
541,542,26,Norte,73,50542,374.93,3,54.23,1,7,5,37.95,1,1,11,1.7,0,6,0.0,Jovem Adulto,Detrator,0.14,True,0.1012188941935828
542,543,18,Sul,99,50543,132.19,5,23.5,3,7,2,38.18,2,2,9,2.5,0,6,0.0,,Detrator,0.18,True,0.28882668885694834
543,544,51,Norte,11,50544,198.35,2,24.65,6,11,4,48.14,2,1,7,3.5,0,3,0.3,Adulto,Detrator,0.12,True,0.24270229392488027
544,545,48,Sul,66,50545,399.94,3,12.48,7,4,0,32.3,1,2,0,4.0,0,3,7.5,Adulto,Detrator,0.03,False,0.08076211431714757
545,546,38,Nordeste,94,50546,337.17,4,4.47,2,10,1,56.28,3,3,4,4.3,0,5,3.1,Adulto,Detrator,0.01,True,0.166918765014681
546,547,41,Nordeste,101,50547,187.27,2,10.62,5,6,2,37.77,1,1,9,3.3,0,4,1.6,Adulto,Detrator,0.06,True,0.20168740321460993
547,548,36,Sudeste,115,50548,437.82,2,37.85,8,6,3,55.64,3,0,3,4.7,0,2,3.5,Adulto,Detrator,0.09,True,0.12708418984970993
548,549,65,Sul,42,50549,325.39,2,23.91,4,4,0,31.52,1,0,11,6.0,0,1,3.5,Idoso,Detrator,0.07,False,0.09686837333661145
549,550,38,Sul,112,50550,697.48,3,25.55,6,14,2,16.68,1,2,11,0.6,0,4,0.0,Adulto,Detrator,0.04,True,0.02391466421976257
550,551,42,Centro-Oeste,51,50551,711.66,5,61.1,5,7,4,30.14,3,1,6,5.2,0,4,0.8,Adulto,Detrator,0.09,True,0.042351684793300176
551,552,37,Sudeste,49,50552,721.41,6,9.43,7,2,2,63.28,1,1,10,3.4,0,4,1.3,Adulto,Detrator,0.01,True,0.08771710954935474
552,553,43,Nordeste,53,50553,101.0,5,12.18,2,14,2,40.28,2,1,9,4.1,0,5,1.8,Adulto,Detrator,0.12,True,0.39881188118811883
553,554,24,Nordeste,118,50554,123.01,5,73.36,9,14,2,42.62,2,0,5,5.8,0,3,3.8,Jovem Adulto,Detrator,0.6,True,0.34647589626859604
554,555,20,Norte,61,50555,370.21,3,24.93,10,7,1,41.49,3,2,2,8.9,1,5,6.3,Jovem Adulto,Promotor,0.07,True,0.11207152697117853
555,556,57,Nordeste,90,50556,122.34,4,44.0,6,6,2,25.19,2,1,6,6.1,0,3,2.9,Adulto,Neutro,0.36,True,0.20590158574464607
556,557,65,Norte,57,50557,540.55,2,22.89,9,9,1,48.24,3,1,7,4.3,0,3,4.0,Idoso,Detrator,0.04,True,0.08924243825733051
557,558,25,Norte,105,50558,240.45,2,48.0,4,14,1,37.37,3,0,6,5.5,0,5,4.7,Jovem Adulto,Detrator,0.2,True,0.1554169265959659
558,559,47,Norte,76,50559,1183.03,2,13.32,2,4,3,25.1,3,1,1,2.7,0,4,4.8,Adulto,Detrator,0.01,True,0.021216706254279266
559,560,28,Nordeste,42,50560,140.84,2,78.2,11,5,1,38.3,3,3,0,7.3,0,6,5.3,Jovem Adulto,Neutro,0.56,True,0.27193978983243394
560,561,25,Sul,23,50561,338.87,3,12.58,8,13,2,20.36,2,1,2,4.6,0,3,6.0,Jovem Adulto,Detrator,0.04,True,0.06008203735945938
561,562,54,Centro-Oeste,33,50562,237.49,4,58.24,7,13,3,50.09,3,2,9,3.5,0,5,0.0,Adulto,Detrator,0.25,True,0.2109141437534212
562,563,34,Centro-Oeste,111,50563,393.63,5,24.65,9,5,4,43.96,3,2,0,3.2,0,8,4.5,Adulto,Detrator,0.06,True,0.11167847979066636
563,564,25,Norte,39,50564,1013.75,1,47.75,10,8,2,14.48,1,1,1,6.3,0,2,6.5,Jovem Adulto,Neutro,0.05,True,0.01428360049321825
564,565,64,Sul,58,50565,587.45,4,100.47,7,14,3,30.05,1,1,1,4.6,0,4,5.8,Idoso,Detrator,0.17,True,0.05115328964167163
565,566,61,Sudeste,38,50566,447.5,5,24.81,6,7,2,44.85,3,2,4,4.9,0,5,3.3,Idoso,Detrator,0.06,True,0.10022346368715083
566,567,47,Nordeste,18,50567,463.71,3,9.89,4,5,0,17.21,3,1,7,5.9,0,3,4.2,Adulto,Detrator,0.02,False,0.03711371331219944
567,568,60,Nordeste,89,50568,461.83,2,14.02,7,6,3,29.26,1,6,4,0.0,0,8,0.0,Adulto,,0.03,True,0.06335664638503347
568,569,60,Centro-Oeste,97,50569,470.16,6,40.43,11,10,3,54.07,1,1,0,5.8,0,5,6.5,Adulto,Detrator,0.09,True,0.1150034030968181
569,570,33,Norte,108,50570,802.93,1,7.01,8,7,1,30.57,2,2,3,6.9,0,5,5.7,Adulto,Neutro,0.01,True,0.038073057427172985
570,571,21,Sul,94,50571,376.56,4,32.82,9,12,0,25.85,2,0,11,8.8,1,0,2.3,Jovem Adulto,Promotor,0.09,False,0.0686477586573189
571,572,38,Sul,50,50572,755.61,1,10.68,9,3,2,37.91,2,3,11,0.0,0,5,0.0,Adulto,,0.01,True,0.05017138470904302
572,573,67,Nordeste,40,50573,201.55,4,7.05,11,7,1,34.9,1,0,0,6.1,0,3,8.0,Idoso,Neutro,0.03,True,0.1731580253038948
573,574,51,Sul,75,50574,429.31,4,50.38,6,12,1,40.03,1,1,11,5.0,0,3,1.4,Adulto,Detrator,0.12,True,0.0932426451748154
574,575,57,Sul,119,50575,234.33,4,2.0,7,9,4,17.68,3,1,3,6.8,0,4,2.9,Adulto,Neutro,0.01,True,0.07544915290402424
575,576,52,Nordeste,70,50576,70.01,1,29.14,11,12,0,44.01,2,2,4,6.8,0,3,5.0,Adulto,Neutro,0.42,False,0.6286244822168261
576,577,30,Sul,106,50577,34.27,5,0.98,2,14,1,28.06,3,1,10,5.6,0,3,1.7,Jovem Adulto,Detrator,0.03,True,0.8187919463087248
577,578,60,Sul,74,50578,511.22,6,12.99,11,8,1,47.68,2,0,10,6.2,0,1,1.7,Adulto,Neutro,0.03,True,0.09326708657720746
578,579,44,Centro-Oeste,67,50579,237.97,4,8.39,6,14,3,30.49,2,1,2,6.2,0,5,4.8,Adulto,Neutro,0.04,True,0.1281253939572215
579,580,25,Nordeste,58,50580,288.81,4,29.89,6,9,0,44.0,1,2,5,5.0,0,4,4.0,Jovem Adulto,Detrator,0.1,False,0.15234929538450884
580,581,58,Norte,46,50581,88.14,5,32.4,1,14,1,37.58,1,4,9,4.4,0,8,0.5,Adulto,Detrator,0.37,True,0.4263671431813025
581,582,59,Norte,92,50582,797.77,1,27.19,6,9,4,44.07,1,0,1,3.9,0,3,5.2,Adulto,Detrator,0.03,True,0.05524148564122491
582,583,46,Centro-Oeste,104,50583,151.8,5,17.69,6,3,0,51.33,2,3,0,6.4,0,5,6.9,Adulto,Neutro,0.12,False,0.33814229249011857
583,584,33,Nordeste,46,50584,439.41,4,0.95,2,2,1,16.95,3,3,11,4.3,0,6,0.0,Adulto,Detrator,0.0,True,0.03857445210623336
584,585,60,Centro-Oeste,99,50585,670.5,5,14.19,7,12,4,27.37,3,2,1,0.0,0,4,2.9,Adulto,,0.02,True,0.040820283370618944
585,586,63,Norte,66,50586,545.98,5,18.22,2,2,2,42.4,3,2,8,6.4,0,3,1.6,Idoso,Neutro,0.03,True,0.07765852229019378
586,587,22,Nordeste,17,50587,629.21,3,4.53,7,8,4,41.62,2,2,1,4.1,0,4,3.3,Jovem Adulto,Detrator,0.01,True,0.06614643759635097
587,588,54,Nordeste,68,50588,1060.85,6,9.41,6,7,1,40.87,3,3,1,7.9,0,5,5.3,Adulto,Neutro,0.01,True,0.038525710515152946
588,589,57,Centro-Oeste,41,50589,302.19,2,5.25,5,6,3,55.06,1,1,2,3.0,0,3,5.7,Adulto,Detrator,0.02,True,0.1822032496111718
589,590,57,Nordeste,116,50590,149.04,3,5.27,10,11,0,24.78,2,0,11,5.5,0,2,2.8,Adulto,Detrator,0.04,False,0.16626409017713367
590,591,59,Nordeste,59,50591,578.24,4,17.71,11,5,0,35.58,3,3,8,6.6,0,5,1.8,Adulto,Neutro,0.03,False,0.06153154399557277
591,592,27,Sul,99,50592,107.11,1,52.64,2,10,3,44.49,1,1,7,6.1,0,3,0.6,Jovem Adulto,Neutro,0.49,True,0.4153673793296611
592,593,32,Norte,112,50593,572.3,4,21.25,8,10,4,36.76,2,2,2,3.9,0,5,1.7,Adulto,Detrator,0.04,True,0.06423204612965228
593,594,38,Sudeste,11,50594,344.19,4,113.73,5,10,1,56.66,1,3,11,2.0,0,7,0.0,Adulto,Detrator,0.33,True,0.16461837938348003
594,595,51,Centro-Oeste,53,50595,409.77,6,8.23,3,5,5,43.93,2,1,10,0.2,0,3,0.0,Adulto,Detrator,0.02,True,0.1072064816848476
595,596,39,Sul,35,50596,544.91,1,17.71,8,11,5,60.58,3,4,6,0.0,0,9,0.0,Adulto,,0.03,True,0.11117432236516123
596,597,39,Nordeste,6,50597,355.75,5,26.1,8,11,4,33.54,3,0,3,3.3,0,5,3.3,Adulto,Detrator,0.07,True,0.09427969079409698
597,598,26,Sudeste,3,50598,255.95,4,58.47,5,12,2,38.37,3,1,4,4.2,0,4,5.1,Jovem Adulto,Detrator,0.23,True,0.14991209220550888
598,599,43,Nordeste,41,50599,984.67,1,9.23,9,7,2,47.73,3,1,9,1.8,0,6,1.2,Adulto,Detrator,0.01,True,0.048473092508149934
599,600,30,Sudeste,115,50600,446.05,1,8.72,5,13,3,10.23,3,2,2,3.4,0,5,3.4,Jovem Adulto,Detrator,0.02,True,0.022934648581997535
600,601,35,Centro-Oeste,11,50601,615.64,4,8.66,4,3,2,26.44,3,1,11,1.6,0,3,0.0,Adulto,Detrator,0.01,True,0.04294717692157755
601,602,18,Centro-Oeste,84,50602,279.65,6,15.36,8,8,3,19.07,1,0,3,4.9,0,3,5.0,,Detrator,0.05,True,0.06819238333631325
602,603,40,Nordeste,49,50603,253.74,4,16.22,6,12,5,24.61,3,1,11,2.4,0,3,0.0,Adulto,Detrator,0.06,True,0.096989043903208
603,604,50,Norte,70,50604,839.51,3,7.81,9,10,1,33.86,1,0,9,5.4,0,3,2.9,Adulto,Detrator,0.01,True,0.04033305142285381
604,605,64,Nordeste,61,50605,981.65,2,11.46,8,8,2,33.33,3,2,2,5.4,0,4,4.4,Idoso,Detrator,0.01,True,0.03395303825192278
605,606,48,Sudeste,13,50606,522.52,5,22.67,10,4,1,23.65,3,0,0,10.0,1,2,9.2,Adulto,Promotor,0.04,True,0.045261425399984685
606,607,38,Sul,1,50607,555.58,6,11.69,10,11,1,41.86,1,0,10,0.2,0,4,1.5,Adulto,Detrator,0.02,True,0.0753446848338673
607,608,40,Norte,25,50608,140.08,3,34.02,6,9,3,46.82,3,2,9,0.4,0,4,0.0,Adulto,Detrator,0.24,True,0.3342375785265562
608,609,33,Sudeste,82,50609,393.87,6,88.01,3,12,4,42.82,2,0,5,3.7,0,2,2.3,Adulto,Detrator,0.22,True,0.10871607383146724
609,610,44,Norte,48,50610,206.81,4,53.71,3,7,1,33.61,3,3,11,2.4,0,7,0.0,Adulto,Detrator,0.26,True,0.16251631932691843
610,611,54,Norte,20,50611,496.11,6,101.13,9,11,6,29.64,1,2,4,2.1,0,5,0.1,Adulto,Detrator,0.2,True,0.05974481465803955
611,612,55,Centro-Oeste,95,50612,579.14,1,42.46,9,6,1,30.62,2,2,8,7.7,0,4,2.2,Adulto,Neutro,0.07,True,0.052871499119383915
612,613,69,Norte,93,50613,683.92,1,11.75,11,5,1,46.89,2,1,2,5.4,0,7,7.6,Idoso,Detrator,0.02,True,0.06856065036846415
613,614,31,Centro-Oeste,60,50614,366.07,6,14.83,3,3,3,33.67,2,3,10,1.3,0,6,0.0,Adulto,Detrator,0.04,True,0.09197694430027045
614,615,54,Sul,70,50615,193.66,2,145.81,7,11,2,43.48,3,1,3,4.7,0,3,4.5,Adulto,Detrator,0.75,True,0.22451719508416812
615,616,64,Norte,3,50616,1204.83,6,0.94,10,4,3,25.72,2,1,3,4.2,0,4,4.2,Idoso,Detrator,0.0,True,0.02134741000805093
616,617,24,Sul,89,50617,1235.83,6,44.18,8,12,2,56.66,3,1,3,8.8,1,4,4.9,Jovem Adulto,Promotor,0.04,True,0.04584772986575823
617,618,29,Nordeste,102,50618,297.68,4,55.26,7,12,2,55.3,2,1,4,2.2,0,3,4.0,Jovem Adulto,Detrator,0.19,True,0.1857699543133566
618,619,45,Norte,26,50619,144.9,2,31.47,9,13,2,30.39,1,1,11,5.8,0,4,0.6,Adulto,Detrator,0.22,True,0.20973084886128365
619,620,20,Norte,6,50620,809.01,6,30.3,3,14,3,45.6,1,1,7,5.2,0,4,0.6,Jovem Adulto,Detrator,0.04,True,0.05636518708050581
620,621,39,Sudeste,62,50621,143.57,5,75.76,6,2,2,52.09,2,1,11,2.6,0,4,0.0,Adulto,Detrator,0.53,True,0.3628195305425925
621,622,68,Nordeste,81,50622,319.77,2,130.87,2,12,4,20.62,2,3,11,2.1,0,5,0.0,Idoso,Detrator,0.41,True,0.06448384776558151
622,623,38,Norte,32,50623,584.26,4,197.07,11,3,3,30.05,2,0,0,6.0,0,2,5.9,Adulto,Detrator,0.34,True,0.05143258138499983
623,624,46,Nordeste,95,50624,203.81,6,27.65,7,5,2,26.61,2,0,3,4.9,0,4,6.0,Adulto,Detrator,0.14,True,0.13056277905892744
624,625,37,Nordeste,52,50625,409.61,3,2.29,4,9,1,20.85,3,2,1,6.3,0,4,5.8,Adulto,Neutro,0.01,True,0.050902077585996436
625,626,20,Centro-Oeste,80,50626,445.99,4,1.42,9,6,4,37.85,3,2,6,2.6,0,4,0.8,Jovem Adulto,Detrator,0.0,True,0.08486737370793067
626,627,44,Norte,3,50627,296.05,5,29.13,11,2,3,36.82,3,1,7,5.6,0,3,1.9,Adulto,Detrator,0.1,True,0.12437088329674041
627,628,38,Sudeste,52,50628,486.84,5,25.31,3,11,2,51.33,3,2,0,5.5,0,5,5.8,Adulto,Detrator,0.05,True,0.10543505052994824
628,629,58,Sul,2,50629,138.61,1,34.09,1,7,3,39.34,3,1,8,4.1,0,6,0.2,Adulto,Detrator,0.25,True,0.28381790635596277
629,630,50,Norte,10,50630,345.45,5,37.84,3,12,2,32.45,1,2,3,6.5,0,5,3.7,Adulto,Neutro,0.11,True,0.09393544651903316
630,631,47,Centro-Oeste,52,50631,189.76,3,107.58,2,4,1,32.21,2,1,0,5.3,0,5,7.5,Adulto,Detrator,0.57,True,0.16974072512647556
631,632,65,Nordeste,50,50632,372.11,6,17.22,10,13,3,51.74,3,3,2,2.7,0,6,2.8,Idoso,Detrator,0.05,True,0.13904490607616027
632,633,56,Norte,75,50633,152.23,2,0.44,8,8,0,41.72,2,3,8,5.6,0,5,2.0,Adulto,Detrator,0.0,False,0.27405898968665837
633,634,58,Sudeste,11,50634,71.39,4,4.12,10,10,4,41.94,2,1,5,5.2,0,4,2.4,Adulto,Detrator,0.06,True,0.5874772377083625
634,635,26,Sul,37,50635,253.83,3,17.24,2,11,1,25.93,2,1,10,6.3,0,3,1.5,Jovem Adulto,Neutro,0.07,True,0.10215498562029704
635,636,65,Centro-Oeste,8,50636,357.25,4,4.83,10,12,2,41.41,3,3,11,1.7,0,6,0.0,Idoso,Detrator,0.01,True,0.11591322603219033
636,637,55,Norte,68,50637,384.16,1,25.68,3,2,0,53.81,1,1,8,7.8,0,3,3.8,Adulto,Neutro,0.07,False,0.14007184506455644
637,638,40,Norte,34,50638,289.92,1,33.73,10,12,3,26.19,3,1,0,4.5,0,4,5.3,Adulto,Detrator,0.12,True,0.09033526490066225
638,639,40,Norte,62,50639,298.61,2,10.01,11,7,1,38.65,1,2,10,7.0,0,3,0.5,Adulto,Neutro,0.03,True,0.12943303975084558
639,640,18,Norte,5,50640,276.35,4,1.92,4,10,2,38.63,1,1,2,5.1,0,6,6.8,,Detrator,0.01,True,0.13978650262348472
640,641,38,Nordeste,19,50641,258.63,4,23.2,10,12,0,37.57,2,2,9,7.2,0,2,3.3,Adulto,Neutro,0.09,False,0.14526543711093068
641,642,49,Norte,78,50642,829.68,3,29.03,8,13,2,47.23,1,0,4,7.3,0,1,6.1,Adulto,Neutro,0.03,True,0.056925561662327644
642,643,62,Nordeste,112,50643,470.04,6,72.19,2,9,1,34.2,1,1,8,5.6,0,3,3.6,Idoso,Detrator,0.15,True,0.07275976512637222
643,644,43,Centro-Oeste,7,50644,74.24,2,43.19,7,10,2,26.67,2,3,0,2.7,0,7,3.9,Adulto,Detrator,0.58,True,0.35924030172413796
644,645,50,Centro-Oeste,15,50645,512.44,3,80.42,5,3,0,23.19,2,1,0,10.0,1,3,9.1,Adulto,Promotor,0.16,False,0.045254078526266485
645,646,26,Norte,58,50646,339.9,5,29.12,6,10,2,32.35,3,3,11,3.0,0,7,0.0,Jovem Adulto,Detrator,0.09,True,0.0951750514857311
646,647,34,Nordeste,50,50647,197.48,4,44.93,2,3,1,5.74,1,3,3,5.2,0,6,3.7,Adulto,Detrator,0.23,True,0.02906623455539802
647,648,23,Nordeste,86,50648,274.53,2,24.22,7,6,3,27.5,3,0,2,4.9,0,3,4.9,Jovem Adulto,Detrator,0.09,True,0.10017120169016137
648,649,63,Nordeste,16,50649,825.63,4,19.12,2,5,3,33.98,2,1,10,5.3,0,3,0.0,Idoso,Detrator,0.02,True,0.041156450225888104
649,650,24,Centro-Oeste,96,50650,902.94,2,5.18,8,5,4,51.8,2,2,3,2.7,0,5,1.6,Jovem Adulto,Detrator,0.01,True,0.05736815292267481
650,651,24,Centro-Oeste,32,50651,479.61,3,40.16,4,5,5,40.34,2,2,2,1.8,0,6,2.4,Jovem Adulto,Detrator,0.08,True,0.08411000604657952
651,652,54,Sul,38,50652,722.01,3,20.33,4,5,2,43.57,1,1,4,3.6,0,5,3.5,Adulto,Detrator,0.03,True,0.06034542457860695
652,653,22,Centro-Oeste,32,50653,382.72,5,52.5,2,4,3,55.87,1,2,2,4.9,0,4,4.0,Jovem Adulto,Detrator,0.14,True,0.1459813963210702
653,654,50,Sudeste,72,50654,188.41,1,0.97,5,10,4,50.42,3,2,2,3.9,0,4,3.8,Adulto,Detrator,0.01,True,0.2676078764396794
654,655,67,Norte,57,50655,240.42,5,33.38,4,4,1,53.53,1,2,8,4.4,0,5,1.7,Idoso,Detrator,0.14,True,0.22265202562182848
655,656,27,Norte,37,50656,413.75,1,17.77,9,6,1,57.11,3,0,1,8.3,1,1,7.0,Jovem Adulto,Promotor,0.04,True,0.13803021148036254
656,657,34,Centro-Oeste,107,50657,264.22,5,19.4,7,7,4,43.66,1,3,2,0.9,0,7,1.8,Adulto,Detrator,0.07,True,0.16524108697297704
657,658,57,Nordeste,59,50658,378.62,5,23.11,11,12,2,42.5,2,3,4,2.6,0,7,1.8,Adulto,Detrator,0.06,True,0.11224974908879615
658,659,45,Norte,32,50659,769.77,4,2.71,5,11,3,56.6,3,4,1,0.0,0,7,1.8,Adulto,,0.0,True,0.07352845655195708
659,660,64,Centro-Oeste,56,50660,425.3,1,31.16,8,13,3,32.52,2,1,7,1.9,0,3,3.0,Idoso,Detrator,0.07,True,0.0764636727016224
660,661,63,Sul,94,50661,381.75,3,16.7,6,12,4,27.78,1,4,2,6.4,0,7,1.0,Idoso,Neutro,0.04,True,0.07277013752455797
661,662,39,Sudeste,102,50662,465.62,1,2.63,3,12,3,19.67,3,2,8,0.0,0,4,0.0,Adulto,,0.01,True,0.04224474893690134
662,663,38,Sudeste,101,50663,351.56,3,37.01,1,11,4,38.78,1,0,2,5.3,0,5,3.4,Adulto,Detrator,0.11,True,0.11030833997041757
663,664,64,Sul,3,50664,1118.27,1,24.39,5,9,3,55.7,3,1,2,4.4,0,3,3.6,Idoso,Detrator,0.02,True,0.04980908009693545
664,665,49,Centro-Oeste,116,50665,626.83,3,15.11,10,9,5,50.74,2,2,10,0.0,0,7,0.0,Adulto,,0.02,True,0.08094698722141569
665,666,49,Norte,50,50666,193.2,2,79.61,8,14,2,51.27,2,0,3,6.3,0,2,6.1,Adulto,Neutro,0.41,True,0.26537267080745347
666,667,68,Centro-Oeste,90,50667,1117.53,2,16.17,10,8,4,13.09,1,3,5,2.3,0,5,0.0,Idoso,Detrator,0.01,True,0.011713332080570545
667,668,53,Centro-Oeste,114,50668,597.89,5,2.12,8,13,1,40.01,1,1,5,4.4,0,4,3.7,Adulto,Detrator,0.0,True,0.06691866396828848
668,669,48,Sudeste,104,50669,163.07,4,2.26,6,12,4,43.48,2,2,11,0.0,0,4,0.0,Adulto,,0.01,True,0.2666339608756975
669,670,23,Sul,92,50670,347.47,1,67.31,4,5,1,54.28,3,0,3,5.5,0,2,6.1,Jovem Adulto,Detrator,0.19,True,0.15621492502949894
670,671,38,Sudeste,32,50671,150.8,4,10.32,11,7,2,54.76,2,2,8,3.0,0,5,0.0,Adulto,Detrator,0.07,True,0.363129973474801
671,672,52,Nordeste,106,50672,542.7,1,8.22,7,5,1,39.87,2,0,5,5.8,0,2,6.0,Adulto,Detrator,0.02,True,0.07346600331674957
672,673,31,Sudeste,5,50673,100.37,5,22.53,2,14,3,34.02,2,1,8,3.1,0,4,1.3,Adulto,Detrator,0.22,True,0.3389459001693733
673,674,40,Centro-Oeste,71,50674,560.25,2,57.77,7,7,0,43.84,3,0,6,8.4,1,1,6.2,Adulto,Promotor,0.1,False,0.07825078090138332
674,675,59,Sul,78,50675,288.59,6,59.46,7,7,4,35.22,2,2,5,0.0,0,6,0.8,Adulto,,0.21,True,0.12204165078485049
675,676,41,Sul,77,50676,471.91,6,67.89,5,13,0,42.32,1,2,3,6.5,0,2,6.6,Adulto,Neutro,0.14,False,0.08967811659002775
676,677,47,Norte,80,50677,681.46,6,9.48,5,2,1,67.06,3,1,4,7.1,0,2,4.4,Adulto,Neutro,0.01,True,0.09840636280926246
677,678,27,Nordeste,93,50678,394.47,4,107.98,10,11,2,37.46,3,1,3,6.6,0,2,4.5,Jovem Adulto,Neutro,0.27,True,0.09496286156108195
678,679,22,Nordeste,80,50679,253.51,1,19.92,11,8,1,50.73,1,3,4,3.9,0,5,2.8,Jovem Adulto,Detrator,0.08,True,0.20011044929194113
679,680,59,Nordeste,78,50680,306.19,2,5.94,4,8,0,42.73,1,1,3,10.0,1,3,6.5,Adulto,Promotor,0.02,False,0.13955387177896075
680,681,47,Centro-Oeste,104,50681,361.85,5,5.75,6,7,1,35.43,3,1,2,6.8,0,2,6.7,Adulto,Neutro,0.02,True,0.0979135000690894
681,682,24,Norte,62,50682,554.48,6,12.97,7,12,0,68.54,2,2,8,5.9,0,7,2.4,Jovem Adulto,Detrator,0.02,False,0.1236113114990622
682,683,23,Nordeste,91,50683,358.56,3,3.13,9,8,1,40.58,1,0,11,6.6,0,2,2.3,Jovem Adulto,Neutro,0.01,True,0.11317492190986167
683,684,25,Norte,88,50684,414.07,2,62.04,10,11,4,44.76,2,2,9,1.1,0,4,0.0,Jovem Adulto,Detrator,0.15,True,0.10809766464607433
684,685,69,Sudeste,90,50685,623.43,6,36.27,3,9,1,44.58,1,4,6,3.9,0,8,0.4,Idoso,Detrator,0.06,True,0.07150762715942448
685,686,43,Nordeste,81,50686,926.04,1,50.74,7,11,2,32.37,1,1,1,3.1,0,3,6.3,Adulto,Detrator,0.05,True,0.03495529350783983
686,687,35,Sudeste,24,50687,93.9,6,27.22,10,10,3,34.65,3,3,8,3.8,0,5,0.0,Adulto,Detrator,0.29,True,0.3690095846645367
687,688,53,Norte,76,50688,320.04,1,22.74,9,13,0,41.78,1,2,11,7.8,0,2,2.2,Adulto,Neutro,0.07,False,0.13054618172728408
688,689,43,Sul,75,50689,193.84,4,8.65,10,11,2,51.39,3,1,9,6.4,0,3,1.1,Adulto,Neutro,0.04,True,0.26511555922410235
689,690,53,Sul,29,50690,884.96,3,7.33,5,9,2,36.56,1,1,9,7.4,0,2,1.4,Adulto,Neutro,0.01,True,0.04131260169951184
690,691,58,Sul,89,50691,237.2,6,17.28,3,9,3,35.43,1,1,6,0.0,0,4,0.7,Adulto,,0.07,True,0.14936762225969646
691,692,21,Sudeste,4,50692,68.73,6,39.5,11,9,2,45.93,3,2,5,2.2,0,5,2.1,Jovem Adulto,Detrator,0.57,True,0.6682671322566565
692,693,30,Centro-Oeste,72,50693,220.09,4,27.36,5,8,3,44.67,3,0,2,5.0,0,3,5.9,Jovem Adulto,Detrator,0.12,True,0.2029624244627198
693,694,41,Sul,72,50694,466.8,6,2.57,11,4,3,38.84,3,1,6,6.4,0,4,2.7,Adulto,Neutro,0.01,True,0.08320479862896316
694,695,48,Centro-Oeste,29,50695,626.9,3,2.92,10,10,3,45.5,2,1,0,3.3,0,3,6.8,Adulto,Detrator,0.0,True,0.07257935874940181
695,696,39,Sul,44,50696,667.52,3,91.28,6,3,4,27.22,2,0,3,6.5,0,2,3.0,Adulto,Neutro,0.14,True,0.040777804410354744
696,697,57,Sudeste,47,50697,450.65,5,4.79,6,12,1,43.3,3,1,2,8.0,1,4,6.2,Adulto,Neutro,0.01,True,0.09608343503827804
697,698,35,Sudeste,55,50698,116.91,2,44.76,1,2,4,44.52,1,2,1,0.0,0,5,3.8,Adulto,,0.38,True,0.3808057480112908
698,699,51,Nordeste,108,50699,325.19,1,61.0,4,8,4,23.69,1,0,10,2.4,0,3,0.0,Adulto,Detrator,0.19,True,0.07284971862603401
699,700,40,Sudeste,105,50700,289.45,6,52.81,9,13,1,26.45,3,1,9,9.1,1,3,1.7,Adulto,Promotor,0.18,True,0.09138020383485922
700,701,56,Sudeste,89,50701,651.98,4,24.9,6,5,1,37.44,3,1,7,6.8,0,3,3.0,Adulto,Neutro,0.04,True,0.05742507438878493
701,702,64,Nordeste,74,50702,588.11,5,24.81,2,14,2,20.23,2,2,7,6.4,0,5,1.9,Idoso,Neutro,0.04,True,0.03439832684361769
702,703,54,Sul,86,50703,389.97,2,0.12,5,3,4,29.93,2,3,5,3.5,0,6,0.0,Adulto,Detrator,0.0,True,0.07674949355078595
703,704,64,Sudeste,68,50704,742.9,1,55.36,7,6,0,37.05,1,2,9,5.7,0,3,4.0,Idoso,Detrator,0.07,False,0.049872122762148335
704,705,18,Sudeste,29,50705,409.49,2,36.49,6,2,1,38.79,1,3,11,2.8,0,7,0.0,,Detrator,0.09,True,0.09472758797528633
705,706,59,Centro-Oeste,46,50706,241.86,3,149.5,11,3,4,52.68,3,1,9,4.4,0,3,0.0,Adulto,Detrator,0.62,True,0.21781195733068717
706,707,37,Norte,61,50707,148.96,6,1.54,9,10,4,25.74,3,1,5,5.4,0,6,1.3,Adulto,Detrator,0.01,True,0.17279806659505906
707,708,64,Sudeste,38,50708,254.94,5,13.7,11,8,0,23.12,1,1,10,8.9,1,2,3.0,Idoso,Promotor,0.05,False,0.0906880050207892
708,709,42,Norte,94,50709,248.06,4,123.45,1,2,1,38.67,1,2,1,3.8,0,6,5.5,Adulto,Detrator,0.5,True,0.15588970410384584
709,710,23,Sul,60,50710,1011.99,1,1.29,8,14,3,13.34,2,1,9,4.4,0,3,0.1,Jovem Adulto,Detrator,0.0,True,0.013181948438225673
710,711,69,Nordeste,100,50711,143.09,3,8.05,7,11,2,29.36,3,0,3,4.3,0,2,6.6,Idoso,Detrator,0.06,True,0.2051855475574813
711,712,47,Sul,44,50712,1284.29,6,2.89,3,7,3,43.24,3,0,10,4.5,0,2,1.7,Adulto,Detrator,0.0,True,0.033668408225556536
712,713,37,Centro-Oeste,26,50713,347.56,5,9.99,6,12,4,37.15,3,3,4,2.1,0,5,0.2,Adulto,Detrator,0.03,True,0.10688801933479111
713,714,26,Sudeste,51,50714,416.54,6,2.43,10,5,4,44.13,2,0,8,1.5,0,4,0.7,Jovem Adulto,Detrator,0.01,True,0.10594420703893984
714,715,65,Sul,22,50715,310.54,6,3.49,2,4,2,24.61,2,0,4,5.6,0,3,4.3,Idoso,Detrator,0.01,True,0.07924905004186256
715,716,66,Nordeste,57,50716,411.41,2,3.18,7,9,6,33.98,1,0,7,2.4,0,4,0.0,Idoso,Detrator,0.01,True,0.08259400597943656
716,717,35,Norte,108,50717,843.11,5,3.37,3,2,2,48.89,3,2,11,3.2,0,4,0.0,Adulto,Detrator,0.0,True,0.05798768843923094
717,718,57,Sul,6,50718,27.01,2,83.21,1,2,0,30.99,1,0,3,5.6,0,1,7.8,Adulto,Detrator,3.08,False,1.147352832284339
718,719,20,Centro-Oeste,34,50719,374.01,2,15.1,5,7,3,32.15,2,0,8,3.8,0,3,1.7,Jovem Adulto,Detrator,0.04,True,0.08596026844202026
719,720,53,Sudeste,49,50720,657.27,1,32.18,2,8,2,46.55,2,1,5,4.1,0,3,3.3,Adulto,Detrator,0.05,True,0.07082325376177218
720,721,23,Sudeste,14,50721,523.64,3,2.59,1,10,5,29.8,1,2,1,0.0,0,4,2.0,Jovem Adulto,,0.0,True,0.056909327018562376
721,722,61,Centro-Oeste,107,50722,471.73,1,8.62,1,9,1,32.81,2,1,4,8.6,1,4,4.6,Idoso,Promotor,0.02,True,0.06955249825111823
722,723,55,Centro-Oeste,86,50723,154.35,4,125.36,5,9,2,35.03,3,2,0,4.8,0,4,4.7,Adulto,Detrator,0.81,True,0.22695173307418207
723,724,18,Norte,79,50724,283.05,2,59.35,11,10,1,44.55,2,2,5,1.7,0,4,4.2,,Detrator,0.21,True,0.15739268680445148
724,725,36,Sudeste,110,50725,641.73,1,18.47,4,8,1,51.01,3,4,11,1.6,0,6,0.0,Adulto,Detrator,0.03,True,0.079488258301778
725,726,55,Norte,49,50726,171.35,5,20.19,9,7,2,39.96,1,1,6,5.0,0,4,3.0,Adulto,Detrator,0.12,True,0.2332068864896411
726,727,45,Norte,55,50727,1072.6,2,2.58,11,2,4,18.52,2,1,7,5.6,0,4,0.5,Adulto,Detrator,0.0,True,0.017266455342159242
727,728,64,Sul,35,50728,327.51,3,15.55,8,8,2,32.65,1,1,2,6.8,0,2,5.4,Idoso,Neutro,0.05,True,0.09969161246984824
728,729,26,Nordeste,119,50729,574.11,3,28.38,5,12,3,31.79,2,0,11,5.8,0,2,0.0,Jovem Adulto,Detrator,0.05,True,0.055372663775234705
729,730,64,Nordeste,67,50730,142.52,2,138.9,5,2,1,31.06,2,1,0,3.5,0,4,7.1,Idoso,Detrator,0.97,True,0.21793432500701654
730,731,27,Sul,80,50731,198.23,4,19.88,6,11,3,62.25,1,1,2,0.8,0,4,5.1,Jovem Adulto,Detrator,0.1,True,0.31402915804873127
731,732,41,Norte,47,50732,170.19,4,24.71,8,12,1,22.63,3,2,2,5.5,0,5,5.6,Adulto,Detrator,0.15,True,0.13296903460837886
732,733,43,Sul,30,50733,658.72,4,16.66,2,10,4,29.08,3,0,7,2.2,0,5,1.6,Adulto,Detrator,0.03,True,0.04414622297789652
733,734,25,Nordeste,42,50734,529.51,6,39.41,9,2,3,40.72,3,1,1,4.5,0,4,6.2,Jovem Adulto,Detrator,0.07,True,0.07690128609469132
734,735,22,Sul,51,50735,117.19,3,18.67,5,9,2,54.84,2,2,6,5.0,0,4,2.5,Jovem Adulto,Detrator,0.16,True,0.4679580168956396
735,736,30,Sudeste,40,50736,700.53,5,14.13,8,10,1,26.09,3,2,0,7.6,0,6,7.2,Jovem Adulto,Neutro,0.02,True,0.037243230125761924
736,737,39,Sul,16,50737,309.91,3,9.87,7,13,2,16.17,1,2,9,4.4,0,4,0.9,Adulto,Detrator,0.03,True,0.05217643832080281
737,738,51,Norte,81,50738,129.27,4,4.3,2,7,3,47.36,3,4,5,0.7,0,8,0.0,Adulto,Detrator,0.03,True,0.3663649725380985
738,739,42,Norte,62,50739,446.26,3,50.52,1,9,3,43.92,2,0,7,6.3,0,2,1.3,Adulto,Neutro,0.11,True,0.09841796262268633
739,740,40,Norte,35,50740,233.57,3,60.22,5,13,0,36.94,1,1,2,7.9,0,1,6.7,Adulto,Neutro,0.26,False,0.15815387250074925
740,741,58,Norte,43,50741,50.93,5,33.78,6,4,3,35.93,2,0,10,4.3,0,3,1.0,Adulto,Detrator,0.66,True,0.7054781072059689
741,742,65,Centro-Oeste,60,50742,126.73,6,55.24,3,12,4,21.77,2,1,5,3.9,0,3,2.5,Idoso,Detrator,0.44,True,0.1717825297877377
742,743,38,Sudeste,66,50743,137.17,1,3.13,4,14,2,51.69,3,2,11,1.2,0,7,0.0,Adulto,Detrator,0.02,True,0.3768316687322301
743,744,20,Sul,77,50744,192.85,5,48.42,9,2,1,44.74,1,2,11,3.9,0,4,0.0,Jovem Adulto,Detrator,0.25,True,0.2319937775473166
744,745,25,Sul,73,50745,328.62,5,43.11,10,12,6,44.36,2,2,7,0.0,0,5,0.0,Jovem Adulto,,0.13,True,0.13498874079483902
745,746,63,Sudeste,66,50746,347.38,6,103.33,10,12,1,37.57,3,2,0,7.9,0,3,7.7,Idoso,Neutro,0.3,True,0.1081524555242098
746,747,67,Sul,116,50747,218.79,1,17.39,11,9,3,35.44,2,3,0,3.2,0,5,4.1,Idoso,Detrator,0.08,True,0.16198180904063256
747,748,56,Nordeste,74,50748,475.08,3,7.77,11,7,1,19.23,2,0,1,6.8,0,2,7.3,Adulto,Neutro,0.02,True,0.040477393281131605
748,749,68,Sul,13,50749,213.38,5,3.22,11,11,1,27.99,1,4,4,7.5,0,6,2.0,Idoso,Neutro,0.02,True,0.13117443059330772
749,750,56,Nordeste,34,50750,407.16,6,54.62,9,7,1,23.3,3,1,8,4.7,0,3,3.4,Adulto,Detrator,0.13,True,0.057225660673936536
750,751,39,Sudeste,80,50751,474.68,1,30.24,6,14,6,21.66,2,1,10,0.9,0,4,0.0,Adulto,Detrator,0.06,True,0.04563074070953063
751,752,62,Centro-Oeste,22,50752,630.25,3,12.3,10,10,4,44.64,2,2,0,0.0,0,5,4.2,Idoso,,0.02,True,0.070829036096787
752,753,28,Nordeste,106,50753,391.87,5,30.44,2,14,2,46.21,2,1,10,6.7,0,3,0.5,Jovem Adulto,Neutro,0.08,True,0.11792175976726976
753,754,40,Sul,84,50754,569.84,1,39.44,3,8,2,26.67,3,1,0,3.1,0,5,6.8,Adulto,Detrator,0.07,True,0.04680261125930086
754,755,66,Sul,95,50755,1466.72,1,40.2,7,10,2,21.03,2,3,0,7.9,0,4,4.7,Idoso,Neutro,0.03,True,0.014338114977637177
755,756,33,Nordeste,81,50756,411.17,5,24.37,4,3,2,37.36,1,1,11,2.0,0,5,0.1,Adulto,Detrator,0.06,True,0.09086266021353698
756,757,69,Sul,78,50757,1471.44,4,14.66,8,7,3,42.78,3,3,3,2.8,0,6,1.6,Idoso,Detrator,0.01,True,0.029073560593704126
757,758,68,Centro-Oeste,60,50758,247.14,3,66.17,5,13,2,46.46,3,0,1,7.0,0,2,6.5,Idoso,Neutro,0.27,True,0.18799061260823827
758,759,45,Centro-Oeste,57,50759,635.09,5,19.89,4,11,0,33.25,1,2,6,3.7,0,6,5.4,Adulto,Detrator,0.03,False,0.052354784361271625
759,760,52,Sudeste,12,50760,173.52,6,14.92,4,12,3,29.28,2,2,11,2.4,0,6,0.0,Adulto,Detrator,0.09,True,0.16874135546334715
760,761,59,Norte,53,50761,686.0,1,0.04,3,9,2,40.03,3,2,5,4.9,0,5,3.0,Adulto,Detrator,0.0,True,0.058352769679300295
761,762,46,Centro-Oeste,107,50762,262.36,5,17.48,3,9,4,32.72,1,2,3,0.4,0,4,2.2,Adulto,Detrator,0.07,True,0.12471413325202012
762,763,55,Nordeste,52,50763,120.2,2,0.47,10,5,3,4.61,2,4,3,4.8,0,9,1.0,Adulto,Detrator,0.0,True,0.038352745424292845
763,764,23,Sul,103,50764,1094.43,4,36.53,11,14,2,47.86,3,2,11,1.3,0,4,0.0,Jovem Adulto,Detrator,0.03,True,0.043730526392734115
764,765,66,Norte,54,50765,1152.0,6,32.08,8,4,4,57.77,3,1,1,2.8,0,4,3.2,Idoso,Detrator,0.03,True,0.05014756944444445
765,766,31,Nordeste,98,50766,927.89,4,9.68,3,2,4,53.8,2,0,2,6.2,0,1,4.7,Adulto,Neutro,0.01,True,0.05798101068014527
766,767,46,Norte,84,50767,139.76,5,9.24,11,6,5,45.37,2,4,10,0.0,0,8,0.0,Adulto,,0.07,True,0.32462793360045794
767,768,66,Norte,51,50768,137.59,1,7.86,1,9,1,40.4,2,1,6,4.5,0,3,5.0,Idoso,Detrator,0.06,True,0.2936259902609201
768,769,45,Norte,75,50769,482.15,2,37.46,4,12,5,21.47,2,4,6,0.0,0,7,0.0,Adulto,,0.08,True,0.04452971067095302
769,770,27,Centro-Oeste,30,50770,284.43,2,44.76,7,7,1,32.46,3,0,2,6.1,0,1,7.9,Jovem Adulto,Neutro,0.16,True,0.11412298280772071
770,771,63,Sul,31,50771,1010.66,1,15.43,4,13,2,31.92,2,0,7,5.2,0,3,3.7,Idoso,Detrator,0.02,True,0.03158332178972157
771,772,64,Norte,69,50772,550.17,4,34.27,9,12,0,45.49,1,1,7,6.5,0,2,5.1,Idoso,Neutro,0.06,False,0.08268353418034427
772,773,21,Norte,89,50773,542.58,1,3.45,5,14,8,42.85,3,1,8,0.0,0,4,0.0,Jovem Adulto,,0.01,True,0.07897452910169929
773,774,41,Sudeste,76,50774,217.9,5,9.85,5,9,3,21.86,3,0,6,6.1,0,4,4.0,Adulto,Neutro,0.05,True,0.10032124827902707
774,775,19,Sul,64,50775,141.67,3,8.17,7,4,1,22.43,3,1,7,6.5,0,2,3.7,Jovem Adulto,Neutro,0.06,True,0.15832568645443637
775,776,63,Centro-Oeste,87,50776,1023.52,4,85.92,1,12,2,50.66,2,4,4,1.9,0,7,1.2,Idoso,Detrator,0.08,True,0.049495857433171794
776,777,46,Sul,48,50777,485.88,3,19.33,10,10,3,36.9,2,2,10,5.4,0,5,0.0,Adulto,Detrator,0.04,True,0.07594467769819709
777,778,42,Centro-Oeste,113,50778,550.88,5,1.45,2,13,0,23.52,1,1,11,6.3,0,1,2.3,Adulto,Neutro,0.0,False,0.042695323845483586
778,779,48,Norte,29,50779,726.05,1,73.56,10,13,1,38.31,2,3,10,2.7,0,5,0.8,Adulto,Detrator,0.1,True,0.05276496109083397
779,780,64,Sul,22,50780,496.81,4,18.44,7,5,2,9.17,1,2,3,7.2,0,5,3.8,Idoso,Neutro,0.04,True,0.018457760512066986
780,781,68,Centro-Oeste,19,50781,383.83,5,6.21,7,9,1,45.92,1,1,2,5.1,0,3,6.0,Idoso,Detrator,0.02,True,0.11963629731912566
781,782,63,Sul,8,50782,166.82,6,30.74,2,13,2,36.11,1,1,6,5.9,0,3,3.3,Idoso,Detrator,0.18,True,0.21646085601246853
782,783,32,Nordeste,44,50783,272.77,1,8.22,7,9,4,37.19,3,1,9,0.0,0,3,0.0,Adulto,,0.03,True,0.13634197309088242
783,784,55,Sul,102,50784,1386.85,5,0.15,11,3,5,45.19,2,1,9,2.7,0,3,0.0,Adulto,Detrator,0.0,True,0.03258463424306882
784,785,50,Sudeste,92,50785,906.45,2,46.45,6,6,1,41.37,3,1,3,7.4,0,3,5.4,Adulto,Neutro,0.05,True,0.045639582988581825
785,786,67,Sudeste,60,50786,1132.9,2,37.85,1,7,4,44.91,2,3,3,2.0,0,6,1.7,Idoso,Detrator,0.03,True,0.03964162768117221
786,787,66,Centro-Oeste,79,50787,385.14,3,25.66,9,14,2,46.59,3,1,3,4.8,0,3,5.0,Idoso,Detrator,0.07,True,0.12096899828633745
787,788,25,Sudeste,40,50788,714.93,3,139.66,8,14,4,54.39,1,1,10,3.1,0,3,0.0,Jovem Adulto,Detrator,0.2,True,0.07607737820485923
788,789,57,Centro-Oeste,114,50789,446.55,2,69.16,9,13,2,32.84,1,4,4,4.2,0,7,1.0,Adulto,Detrator,0.15,True,0.0735415966857015
789,790,33,Norte,62,50790,170.64,3,3.32,2,8,0,52.41,1,2,8,5.3,0,5,3.6,Adulto,Detrator,0.02,False,0.3071378340365682
790,791,55,Centro-Oeste,27,50791,324.24,5,4.0,1,12,1,38.73,2,3,8,3.8,0,6,1.0,Adulto,Detrator,0.01,True,0.11944855662472241
791,792,61,Sul,98,50792,148.65,5,7.71,2,12,1,58.53,3,2,1,4.5,0,4,6.3,Idoso,Detrator,0.05,True,0.39374369323915237
792,793,58,Sul,108,50793,478.26,4,0.69,4,11,2,37.09,2,2,4,4.0,0,7,3.8,Adulto,Detrator,0.0,True,0.07755195918538034
793,794,51,Nordeste,48,50794,596.5,6,41.61,4,10,1,31.28,3,3,7,1.8,0,7,1.7,Adulto,Detrator,0.07,True,0.05243922883487008
794,795,23,Norte,97,50795,1004.38,5,9.61,4,2,0,65.44,2,3,11,4.5,0,4,0.0,Jovem Adulto,Detrator,0.01,False,0.06515462275234472
795,796,56,Sudeste,45,50796,479.04,6,30.01,11,12,1,34.18,3,2,10,3.2,0,4,1.6,Adulto,Detrator,0.06,True,0.07135103540414162
796,797,57,Sudeste,49,50797,168.11,6,16.51,6,14,2,53.71,1,0,5,2.1,0,3,3.4,Adulto,Detrator,0.1,True,0.3194931889834037
797,798,66,Norte,2,50798,928.87,5,5.77,4,9,2,7.25,3,1,7,7.2,0,4,2.3,Idoso,Neutro,0.01,True,0.007805182641273806
798,799,40,Sul,68,50799,55.54,5,71.45,3,4,2,52.16,2,3,2,3.0,0,5,3.5,Adulto,Detrator,1.29,True,0.939142960028808
799,800,67,Centro-Oeste,105,50800,986.92,2,52.37,3,12,3,44.15,2,1,3,1.0,0,5,4.3,Idoso,Detrator,0.05,True,0.04473513557329875
800,801,38,Nordeste,43,50801,125.72,5,31.8,6,8,3,30.99,1,1,0,5.6,0,4,5.6,Adulto,Detrator,0.25,True,0.246500159083678
801,802,52,Sul,16,50802,384.07,6,31.07,8,3,1,55.73,3,5,1,3.5,0,8,3.1,Adulto,Detrator,0.08,True,0.14510375712760695
802,803,64,Sul,35,50803,656.35,4,15.18,10,9,1,38.8,2,2,3,6.0,0,3,5.6,Idoso,Detrator,0.02,True,0.0591148015540489
803,804,46,Centro-Oeste,91,50804,554.43,3,121.75,5,12,1,32.33,1,2,6,4.7,0,4,2.5,Adulto,Detrator,0.22,True,0.058312140396443196
804,805,52,Norte,75,50805,191.88,3,11.87,2,10,3,43.34,1,1,3,4.8,0,3,4.5,Adulto,Detrator,0.06,True,0.22587033562643322
805,806,19,Centro-Oeste,83,50806,188.37,3,34.16,11,10,0,54.03,2,3,2,8.8,1,4,5.8,Jovem Adulto,Promotor,0.18,False,0.28682911291606944
806,807,50,Sul,81,50807,329.58,2,33.78,11,7,4,31.19,3,2,3,3.9,0,4,1.1,Adulto,Detrator,0.1,True,0.09463559682019541
807,808,43,Sul,111,50808,179.58,2,16.25,1,5,2,68.97,1,2,9,2.2,0,4,0.1,Adulto,Detrator,0.09,True,0.384062813230872
808,809,61,Sul,83,50809,505.43,3,19.01,2,5,2,43.18,1,3,1,4.6,0,7,4.5,Idoso,Detrator,0.04,True,0.0854322062402311
809,810,49,Centro-Oeste,11,50810,507.4,1,30.22,1,11,2,35.66,1,1,9,4.8,0,3,1.5,Adulto,Detrator,0.06,True,0.07027985810011825
810,811,35,Sul,83,50811,376.29,3,4.28,3,14,1,28.7,2,3,11,5.5,0,6,0.0,Adulto,Detrator,0.01,True,0.07627096122671344
811,812,51,Sul,56,50812,213.14,2,21.35,10,5,3,66.87,1,3,11,0.0,0,7,0.0,Adulto,,0.1,True,0.3137374495636671
812,813,47,Nordeste,50,50813,64.11,3,3.31,9,2,2,36.24,3,1,7,6.4,0,4,3.4,Adulto,Neutro,0.05,True,0.5652784277023866
813,814,61,Nordeste,12,50814,490.26,1,9.6,3,12,3,42.48,3,1,7,3.8,0,5,1.7,Idoso,Detrator,0.02,True,0.08664790111369478
814,815,40,Sul,33,50815,448.49,3,7.8,3,4,3,55.66,2,1,2,3.7,0,4,4.6,Adulto,Detrator,0.02,True,0.12410533122254676
815,816,65,Nordeste,42,50816,1365.27,3,14.01,9,13,1,43.2,2,3,1,5.9,0,6,6.2,Idoso,Detrator,0.01,True,0.03164209277285812
816,817,37,Nordeste,97,50817,690.01,4,47.3,3,13,2,64.73,3,4,4,2.8,0,10,1.5,Adulto,Detrator,0.07,True,0.09381023463428068
817,818,63,Norte,17,50818,492.92,1,50.17,10,8,2,62.79,3,4,6,5.3,0,7,0.9,Idoso,Detrator,0.1,True,0.1273837539560172
818,819,40,Norte,22,50819,540.24,3,50.89,2,13,3,62.74,2,4,3,0.0,0,10,2.2,Adulto,,0.09,True,0.11613357026506738
819,820,57,Sudeste,110,50820,382.03,1,84.46,9,8,2,35.8,3,1,0,7.1,0,3,5.7,Adulto,Neutro,0.22,True,0.09370991806926157
820,821,25,Norte,98,50821,547.68,2,8.1,4,13,2,52.91,3,2,8,2.6,0,4,2.0,Jovem Adulto,Detrator,0.01,True,0.0966075080338884
821,822,31,Centro-Oeste,76,50822,1135.28,6,0.48,10,10,2,36.32,3,2,0,4.8,0,4,5.4,Adulto,Detrator,0.0,True,0.03199210767387781
822,823,40,Nordeste,48,50823,121.36,6,20.14,11,13,2,41.34,2,2,7,3.2,0,6,0.9,Adulto,Detrator,0.17,True,0.3406394199077126
823,824,63,Sudeste,32,50824,83.34,2,0.46,7,2,2,48.56,2,2,4,0.9,0,4,2.7,Idoso,Detrator,0.01,True,0.5826733861291097
824,825,31,Nordeste,5,50825,810.91,2,75.7,10,13,2,39.18,3,1,1,5.2,0,4,6.4,Adulto,Detrator,0.09,True,0.04831608933173842
825,826,19,Sudeste,79,50826,470.42,4,12.73,6,4,1,43.57,3,2,7,5.9,0,5,2.4,Jovem Adulto,Detrator,0.03,True,0.09261936142170826
826,827,21,Sul,48,50827,396.59,6,230.33,2,6,0,26.18,2,5,5,4.0,0,9,1.5,Jovem Adulto,Detrator,0.58,False,0.06601275876850148
827,828,41,Norte,69,50828,162.27,2,57.98,8,2,2,27.13,3,1,5,6.8,0,3,3.1,Adulto,Neutro,0.36,True,0.16719048499414554
828,829,68,Sudeste,72,50829,1065.27,1,12.4,3,7,2,42.56,1,1,7,8.6,1,4,2.2,Idoso,Promotor,0.01,True,0.03995231255925728
829,830,53,Nordeste,107,50830,536.74,6,44.93,6,14,0,42.67,1,0,3,10.0,1,4,8.3,Adulto,Promotor,0.08,False,0.07949845362745464
830,831,26,Sudeste,108,50831,323.19,6,41.18,4,11,2,51.53,1,2,0,4.0,0,5,5.1,Jovem Adulto,Detrator,0.13,True,0.15944181441257466
831,832,33,Nordeste,59,50832,245.0,3,0.41,6,4,2,51.43,2,3,6,5.5,0,5,1.2,Adulto,Detrator,0.0,True,0.20991836734693878
832,833,49,Centro-Oeste,65,50833,909.44,2,39.76,2,6,2,28.48,3,3,2,2.8,0,5,3.7,Adulto,Detrator,0.04,True,0.03131597466572836
833,834,49,Centro-Oeste,107,50834,313.47,4,36.69,2,4,1,20.79,1,2,5,3.7,0,5,2.8,Adulto,Detrator,0.12,True,0.06632213608957795
834,835,44,Nordeste,12,50835,1372.62,2,67.88,3,6,0,55.08,3,0,2,9.2,1,0,9.7,Adulto,Promotor,0.05,False,0.04012763911352013
835,836,32,Centro-Oeste,17,50836,373.43,2,9.42,5,3,5,39.86,2,1,6,0.0,0,3,0.4,Adulto,,0.03,True,0.10674021905042444
836,837,66,Sudeste,109,50837,995.58,2,7.05,6,8,1,49.77,3,2,11,3.4,0,6,0.0,Idoso,Detrator,0.01,True,0.04999096004339179
837,838,21,Sudeste,1,50838,286.72,1,33.24,3,7,3,33.52,2,0,7,3.9,0,4,2.9,Jovem Adulto,Detrator,0.12,True,0.11690848214285714
838,839,53,Centro-Oeste,15,50839,918.47,2,86.04,7,4,1,28.81,2,1,5,7.7,0,3,5.2,Adulto,Neutro,0.09,True,0.03136738271255457
839,840,42,Norte,66,50840,422.44,3,65.15,2,5,1,39.45,2,2,9,6.2,0,4,1.7,Adulto,Neutro,0.15,True,0.09338604298835339
840,841,32,Norte,22,50841,215.21,4,17.68,7,12,2,62.75,2,3,11,3.2,0,6,0.0,Adulto,Detrator,0.08,True,0.2915756702755448
841,842,29,Sudeste,27,50842,238.96,5,7.33,7,3,2,40.61,3,3,2,4.7,0,6,3.6,Jovem Adulto,Detrator,0.03,True,0.16994476062939404
842,843,24,Nordeste,82,50843,446.12,1,2.7,3,6,1,45.03,3,1,1,10.0,1,3,6.8,Jovem Adulto,Promotor,0.01,True,0.10093696763202725
843,844,53,Norte,104,50844,678.18,4,28.51,5,9,2,35.02,2,1,10,3.6,0,4,1.9,Adulto,Detrator,0.04,True,0.051638208145330156
844,845,41,Sudeste,51,50845,1046.11,2,16.42,5,9,3,28.61,1,1,2,5.4,0,3,4.9,Adulto,Detrator,0.02,True,0.027348940360000386
845,846,23,Centro-Oeste,83,50846,479.17,6,86.32,1,10,5,43.06,3,3,7,2.1,0,6,0.0,Jovem Adulto,Detrator,0.18,True,0.08986372268714653
846,847,65,Centro-Oeste,49,50847,378.62,6,0.28,1,12,5,60.64,1,0,8,3.8,0,2,0.0,Idoso,Detrator,0.0,True,0.16016058317046114
847,848,58,Nordeste,88,50848,695.84,5,102.24,11,4,1,29.16,2,2,0,2.2,0,5,6.5,Adulto,Detrator,0.15,True,0.04190618532996091
848,849,62,Sul,71,50849,441.62,6,4.1,7,11,5,17.16,1,3,11,0.0,0,7,0.0,Idoso,,0.01,True,0.03885693582718174
849,850,48,Sudeste,85,50850,426.91,5,0.77,4,12,0,30.72,2,2,11,4.4,0,4,1.3,Adulto,Detrator,0.0,False,0.0719589609051088
850,851,38,Centro-Oeste,47,50851,165.25,3,13.59,3,12,2,33.32,1,1,4,6.3,0,3,3.4,Adulto,Neutro,0.08,True,0.2016338880484115
851,852,28,Sul,31,50852,406.72,1,9.23,8,8,2,47.92,2,4,10,0.0,0,6,0.0,Jovem Adulto,,0.02,True,0.11782061369000786
852,853,33,Sudeste,92,50853,1112.92,2,3.52,7,11,3,21.17,3,0,5,4.2,0,2,3.3,Adulto,Detrator,0.0,True,0.01902203213168961
853,854,31,Nordeste,55,50854,960.04,2,4.67,4,3,2,38.97,1,1,9,5.9,0,4,2.0,Adulto,Detrator,0.0,True,0.04059205866422232
854,855,42,Norte,11,50855,380.12,4,5.09,3,13,1,67.79,2,2,5,7.0,0,3,4.9,Adulto,Neutro,0.01,True,0.1783384194464906
855,856,31,Sul,99,50856,409.38,1,17.45,8,2,3,28.44,1,2,2,2.2,0,6,4.1,Adulto,Detrator,0.04,True,0.06947090722556061
856,857,55,Sul,115,50857,606.43,2,21.28,5,11,2,42.09,1,2,7,7.0,0,4,1.4,Adulto,Neutro,0.04,True,0.06940619692297546
857,858,35,Sul,46,50858,756.33,1,21.85,1,5,1,54.07,3,3,6,5.0,0,8,2.4,Adulto,Detrator,0.03,True,0.07148995808707839
858,859,31,Norte,19,50859,493.15,5,31.89,11,8,2,21.14,2,0,9,10.0,1,2,1.5,Adulto,Promotor,0.06,True,0.042867281760113556
859,860,41,Norte,63,50860,701.89,1,2.79,7,10,2,54.23,3,0,3,7.1,0,2,6.3,Adulto,Neutro,0.0,True,0.07726281896023593
860,861,68,Norte,27,50861,286.67,1,22.99,3,14,2,22.66,2,0,9,3.8,0,5,2.8,Idoso,Detrator,0.08,True,0.07904559249311054
861,862,25,Centro-Oeste,113,50862,164.58,5,5.7,3,8,3,28.1,2,1,3,2.3,0,5,3.0,Jovem Adulto,Detrator,0.03,True,0.17073763519261148
862,863,62,Nordeste,75,50863,294.55,5,4.5,11,9,3,38.69,2,1,10,3.0,0,3,0.0,Idoso,Detrator,0.02,True,0.13135291122050585
863,864,42,Centro-Oeste,44,50864,322.78,2,12.25,11,6,2,43.98,2,2,2,4.3,0,6,4.1,Adulto,Detrator,0.04,True,0.13625379515459446
864,865,51,Norte,26,50865,438.42,4,58.04,10,9,3,29.39,1,0,1,5.3,0,4,5.9,Adulto,Detrator,0.13,True,0.06703617535696364
865,866,62,Sudeste,15,50866,417.04,5,24.88,1,10,1,64.66,2,3,5,5.6,0,5,2.4,Idoso,Detrator,0.06,True,0.15504507960867062
866,867,61,Nordeste,11,50867,568.03,6,36.79,5,7,2,18.62,2,1,3,5.8,0,4,4.7,Idoso,Detrator,0.06,True,0.032779958804992695
867,868,45,Centro-Oeste,20,50868,35.78,5,52.6,5,4,1,17.44,1,2,11,5.0,0,5,0.1,Adulto,Detrator,1.47,True,0.4874231414197876
868,869,41,Sul,77,50869,1201.05,2,8.09,11,12,1,19.2,3,2,8,5.7,0,6,1.8,Adulto,Detrator,0.01,True,0.01598601223929062
869,870,35,Nordeste,30,50870,408.93,6,29.91,4,2,5,25.09,3,1,5,0.0,0,3,0.3,Adulto,,0.07,True,0.061355244173819476
870,871,51,Nordeste,80,50871,147.18,6,37.87,11,14,2,21.69,2,2,7,5.0,0,4,1.7,Adulto,Detrator,0.26,True,0.14737056665307788
871,872,59,Nordeste,64,50872,609.0,2,31.27,7,2,1,35.11,2,2,6,5.9,0,5,2.4,Adulto,Detrator,0.05,True,0.057651888341543514
872,873,20,Centro-Oeste,108,50873,292.0,3,50.51,5,12,2,14.38,3,0,6,4.5,0,4,4.5,Jovem Adulto,Detrator,0.17,True,0.04924657534246576
873,874,29,Sul,5,50874,32.24,1,10.78,1,9,1,30.21,1,3,10,3.6,0,6,0.0,Jovem Adulto,Detrator,0.33,True,0.9370347394540942
874,875,53,Sul,18,50875,96.58,2,51.15,9,11,0,66.26,3,1,8,6.8,0,2,3.0,Adulto,Neutro,0.53,False,0.6860633671567613
875,876,22,Centro-Oeste,86,50876,402.14,4,44.12,9,6,1,44.86,1,0,1,1.9,0,2,7.7,Jovem Adulto,Detrator,0.11,True,0.11155319043119312
876,877,36,Nordeste,99,50877,685.66,3,18.51,3,14,4,42.81,3,2,0,0.4,0,5,3.9,Adulto,Detrator,0.03,True,0.062436192865268504
877,878,29,Sul,63,50878,522.65,3,53.95,7,4,5,43.43,1,2,3,2.5,0,5,0.9,Jovem Adulto,Detrator,0.1,True,0.08309576198220607
878,879,44,Centro-Oeste,80,50879,281.63,2,6.59,7,4,1,56.53,2,2,6,3.7,0,5,3.6,Adulto,Detrator,0.02,True,0.20072435464971772
879,880,34,Sul,97,50880,663.74,4,4.52,7,4,1,35.45,3,0,4,9.1,1,2,6.2,Adulto,Promotor,0.01,True,0.053409467562599816
880,881,60,Nordeste,117,50881,7.76,4,29.21,1,6,4,25.37,1,3,7,2.5,0,7,0.0,Adulto,Detrator,3.76,True,3.269329896907217
881,882,45,Centro-Oeste,118,50882,599.88,3,6.49,1,11,3,27.4,1,0,4,5.3,0,4,3.5,Adulto,Detrator,0.01,True,0.04567580182703207
882,883,57,Centro-Oeste,58,50883,316.14,2,113.41,3,4,1,23.6,2,2,6,6.1,0,4,2.8,Adulto,Neutro,0.36,True,0.07465047131017905
883,884,39,Centro-Oeste,22,50884,306.9,3,16.22,1,3,3,33.04,2,2,0,4.3,0,4,3.7,Adulto,Detrator,0.05,True,0.10765721733463669
884,885,27,Sudeste,58,50885,216.17,6,19.93,5,14,2,20.09,2,3,9,2.7,0,6,0.0,Jovem Adulto,Detrator,0.09,True,0.09293611509460148
885,886,58,Sul,84,50886,286.78,6,27.59,3,2,0,54.45,2,0,6,9.1,1,1,4.1,Adulto,Promotor,0.1,False,0.1898667968477579
886,887,23,Sul,41,50887,355.38,4,42.97,2,8,1,34.48,3,1,3,8.0,1,3,6.1,Jovem Adulto,Neutro,0.12,True,0.09702290505937305
887,888,34,Norte,74,50888,1154.76,5,77.65,8,4,0,58.9,1,1,2,9.6,1,1,7.2,Adulto,Promotor,0.07,False,0.05100626970106342
888,889,29,Sul,58,50889,525.95,5,9.27,6,11,0,47.18,1,1,1,7.0,0,4,7.2,Jovem Adulto,Neutro,0.02,False,0.08970434451944101
889,890,23,Centro-Oeste,5,50890,574.05,5,13.18,6,14,2,32.32,2,2,8,3.3,0,4,0.3,Jovem Adulto,Detrator,0.02,True,0.05630171587840781
890,891,60,Centro-Oeste,79,50891,114.98,2,51.09,11,7,2,23.4,3,1,6,4.5,0,3,3.8,Adulto,Detrator,0.44,True,0.20351365454861714
891,892,39,Centro-Oeste,26,50892,870.52,4,11.19,2,13,2,33.47,1,2,0,2.1,0,4,6.0,Adulto,Detrator,0.01,True,0.03844828378440472
892,893,67,Centro-Oeste,52,50893,657.4,1,11.73,4,12,3,51.45,1,1,8,4.0,0,4,1.1,Idoso,Detrator,0.02,True,0.07826285366595681
893,894,33,Norte,87,50894,233.41,2,36.64,2,14,6,43.03,3,1,2,0.6,0,3,2.2,Adulto,Detrator,0.16,True,0.1843537123516559
894,895,21,Sul,51,50895,381.61,3,23.81,5,13,3,35.79,2,2,7,0.9,0,4,0.0,Jovem Adulto,Detrator,0.06,True,0.0937868504494117
895,896,42,Sul,101,50896,42.09,6,48.13,5,2,2,33.29,2,1,2,2.8,0,4,5.7,Adulto,Detrator,1.14,True,0.7909242100261344
896,897,50,Sudeste,72,50897,101.24,3,21.05,6,3,1,43.78,3,2,7,2.7,0,4,2.7,Adulto,Detrator,0.21,True,0.4324377716317661
897,898,18,Sul,73,50898,1024.58,1,48.36,9,9,1,16.98,1,0,11,5.4,0,3,2.9,,Detrator,0.05,True,0.016572644400632455
898,899,32,Sudeste,79,50899,396.07,4,126.81,1,9,2,43.86,1,2,4,2.8,0,4,3.3,Adulto,Detrator,0.32,True,0.11073800085843412
899,900,34,Nordeste,21,50900,893.66,1,33.3,2,10,3,34.3,1,2,0,3.3,0,4,4.3,Adulto,Detrator,0.04,True,0.03838148736655999
900,901,60,Centro-Oeste,55,50901,341.01,3,16.72,4,3,3,49.54,1,0,7,4.9,0,4,3.0,Adulto,Detrator,0.05,True,0.14527433213102256
901,902,36,Sul,92,50902,282.15,4,26.43,1,10,2,40.96,1,0,10,4.3,0,4,1.2,Adulto,Detrator,0.09,True,0.1451710083289031
902,903,67,Sudeste,119,50903,149.3,1,63.46,4,3,3,36.7,1,2,7,2.4,0,4,0.0,Idoso,Detrator,0.43,True,0.24581379772270595
903,904,36,Sul,2,50904,74.93,3,13.8,3,14,3,49.3,2,2,10,1.4,0,4,0.0,Adulto,Detrator,0.18,True,0.6579474175897503
904,905,37,Sul,106,50905,1043.22,3,41.61,6,11,2,33.59,2,2,2,2.9,0,4,4.0,Adulto,Detrator,0.04,True,0.03219838576714404
905,906,18,Nordeste,70,50906,167.65,6,69.74,11,11,2,58.51,3,1,5,4.6,0,4,3.3,,Detrator,0.42,True,0.3490008947211452
906,907,40,Sul,37,50907,180.12,3,7.45,6,6,2,14.12,1,2,5,3.4,0,6,2.8,Adulto,Detrator,0.04,True,0.07839218298911836
907,908,33,Nordeste,110,50908,154.54,6,7.73,9,7,2,41.47,1,2,6,5.9,0,4,2.0,Adulto,Detrator,0.05,True,0.2683447651093568
908,909,41,Nordeste,71,50909,12.13,1,35.19,8,4,4,29.34,1,1,9,3.4,0,4,0.0,Adulto,Detrator,2.9,True,2.4187963726298434
909,910,37,Centro-Oeste,18,50910,483.13,5,40.22,7,2,3,38.02,3,2,0,3.8,0,5,4.4,Adulto,Detrator,0.08,True,0.07869517521164077
910,911,32,Nordeste,103,50911,398.44,4,27.76,7,7,2,55.79,2,1,8,3.2,0,5,2.4,Adulto,Detrator,0.07,True,0.14002108222066056
911,912,41,Sudeste,116,50912,233.15,6,12.3,5,2,4,37.59,2,1,0,4.5,0,4,4.0,Adulto,Detrator,0.05,True,0.16122667810422475
912,913,54,Sudeste,67,50913,83.33,2,3.26,4,11,0,49.72,3,0,9,6.5,0,0,4.0,Adulto,Neutro,0.04,False,0.5966638665546622
913,914,58,Nordeste,83,50914,705.92,3,5.62,7,4,1,45.41,1,2,3,4.7,0,4,4.7,Adulto,Detrator,0.01,True,0.06432740253853128
914,915,50,Norte,49,50915,393.82,4,79.57,4,11,3,53.5,3,3,2,0.0,0,7,3.0,Adulto,,0.2,True,0.135848864963689
915,916,49,Nordeste,119,50916,689.0,4,34.24,3,14,2,28.21,1,3,3,1.4,0,7,2.4,Adulto,Detrator,0.05,True,0.040943396226415095
916,917,48,Norte,95,50917,318.3,4,12.38,10,9,2,43.2,1,2,2,5.1,0,5,4.0,Adulto,Detrator,0.04,True,0.1357210179076343
917,918,32,Sul,9,50918,831.15,1,101.46,4,9,2,33.09,2,2,5,4.4,0,4,2.5,Adulto,Detrator,0.12,True,0.03981230824760874
918,919,18,Norte,23,50919,232.63,6,6.27,2,3,3,52.6,1,3,4,2.4,0,6,0.7,,Detrator,0.03,True,0.22611013196922153
919,920,66,Sudeste,81,50920,102.64,3,11.84,7,5,1,44.54,1,1,7,9.6,1,4,3.8,Idoso,Promotor,0.12,True,0.4339438815276695
920,921,29,Sudeste,14,50921,504.09,1,63.97,7,3,1,38.05,1,2,10,7.9,0,5,0.8,Jovem Adulto,Neutro,0.13,True,0.07548255271876053
921,922,52,Nordeste,30,50922,929.76,2,23.52,7,11,3,45.39,2,0,2,7.6,0,1,5.5,Adulto,Neutro,0.03,True,0.04881905007743934
922,923,54,Norte,112,50923,1247.83,2,5.25,4,13,0,32.55,2,1,4,8.1,1,1,5.5,Adulto,Promotor,0.0,False,0.02608528405311621
923,924,65,Nordeste,4,50924,346.29,2,11.51,11,14,2,45.52,1,1,3,4.1,0,4,4.4,Idoso,Detrator,0.03,True,0.13145051835167057
924,925,47,Nordeste,83,50925,368.7,3,3.08,11,8,2,35.53,3,3,10,4.3,0,6,0.0,Adulto,Detrator,0.01,True,0.09636560889612152
925,926,43,Nordeste,19,50926,1197.2,5,36.42,10,2,3,31.84,2,4,1,3.9,0,7,1.7,Adulto,Detrator,0.03,True,0.026595389241563648
926,927,28,Nordeste,95,50927,124.4,6,32.2,4,12,2,48.38,2,1,0,6.1,0,4,5.9,Jovem Adulto,Neutro,0.26,True,0.3889067524115756
927,928,49,Sudeste,103,50928,623.62,2,57.31,1,13,5,49.87,3,2,10,0.0,0,6,0.0,Adulto,,0.09,True,0.0799685706038934
928,929,19,Sul,83,50929,122.65,3,13.89,4,2,2,29.02,2,2,7,4.9,0,7,1.6,Jovem Adulto,Detrator,0.11,True,0.23660823481451282
929,930,27,Sudeste,57,50930,545.64,6,23.29,6,7,1,51.79,3,1,8,7.9,0,4,3.0,Jovem Adulto,Neutro,0.04,True,0.09491606187229676
930,931,63,Sudeste,79,50931,908.95,4,43.43,4,12,0,28.28,1,0,5,9.0,1,2,6.2,Idoso,Promotor,0.05,False,0.03111282248748556
931,932,39,Sudeste,81,50932,272.0,5,40.33,6,8,1,48.07,1,2,5,4.3,0,5,3.5,Adulto,Detrator,0.15,True,0.1767279411764706
932,933,26,Centro-Oeste,109,50933,482.26,1,83.68,8,5,3,44.14,2,1,1,3.8,0,3,5.2,Jovem Adulto,Detrator,0.17,True,0.09152739186331026
933,934,47,Nordeste,16,50934,302.88,4,72.49,5,2,6,39.62,3,1,6,0.0,0,3,0.0,Adulto,,0.24,True,0.13081088219756998
934,935,42,Nordeste,110,50935,229.98,5,0.38,8,6,3,61.4,1,4,5,0.0,0,6,0.0,Adulto,,0.0,True,0.2669797373684668
935,936,38,Centro-Oeste,101,50936,592.09,1,69.36,1,6,1,38.76,3,3,11,1.6,0,5,0.0,Adulto,Detrator,0.12,True,0.0654630208245368
936,937,35,Sul,78,50937,459.2,5,14.92,6,6,5,49.8,2,1,2,1.8,0,4,3.0,Adulto,Detrator,0.03,True,0.10844947735191637
937,938,37,Sudeste,4,50938,216.05,2,8.62,1,9,3,47.71,2,1,4,4.0,0,4,2.6,Adulto,Detrator,0.04,True,0.22082851191853736
938,939,68,Norte,18,50939,78.13,1,60.98,7,7,3,22.33,2,3,7,3.6,0,5,0.3,Idoso,Detrator,0.78,True,0.2858057084346602
939,940,57,Nordeste,17,50940,314.17,6,121.0,3,8,7,44.65,1,1,1,0.0,0,4,0.8,Adulto,,0.39,True,0.14212050800522008
940,941,33,Norte,32,50941,337.35,4,4.36,8,7,1,54.48,1,1,11,5.5,0,4,1.9,Adulto,Detrator,0.01,True,0.1614939973321476
941,942,66,Sudeste,70,50942,222.66,5,90.42,7,12,1,45.86,2,1,1,9.9,1,4,6.4,Idoso,Promotor,0.41,True,0.20596425042665947
942,943,56,Norte,53,50943,591.02,3,15.3,6,9,1,54.38,1,1,9,6.4,0,4,1.1,Adulto,Neutro,0.03,True,0.09201042265913167
943,944,52,Nordeste,5,50944,243.15,4,14.69,9,3,3,49.71,2,1,1,3.8,0,4,5.4,Adulto,Detrator,0.06,True,0.20444170265268352
944,945,46,Sudeste,40,50945,296.12,5,35.36,9,6,2,37.51,3,1,7,6.7,0,3,2.9,Adulto,Neutro,0.12,True,0.12667161961367013
945,946,63,Nordeste,69,50946,574.37,6,0.58,9,10,2,40.74,3,1,9,4.4,0,4,1.1,Idoso,Detrator,0.0,True,0.07092988839946376
946,947,47,Sudeste,85,50947,252.69,1,8.74,5,4,2,30.52,3,0,11,3.5,0,3,0.5,Adulto,Detrator,0.03,True,0.12078040286517076
947,948,69,Sudeste,76,50948,97.74,5,115.67,11,8,1,42.13,1,0,3,8.0,1,3,7.1,Idoso,Neutro,1.18,True,0.43104153877634543
948,949,65,Sul,91,50949,157.35,4,49.86,6,14,0,72.45,3,1,7,8.9,1,1,4.1,Idoso,Promotor,0.32,False,0.46043851286939946
949,950,20,Sudeste,97,50950,225.35,6,39.43,3,10,1,20.51,1,0,0,8.4,1,2,7.8,Jovem Adulto,Promotor,0.17,True,0.09101397825604617
950,951,49,Sul,80,50951,886.39,6,47.78,4,3,1,13.6,1,0,6,7.5,0,2,5.4,Adulto,Neutro,0.05,True,0.015343133383724996
951,952,31,Sudeste,91,50952,1080.61,2,33.49,5,5,1,50.62,2,1,7,3.1,0,4,3.3,Adulto,Detrator,0.03,True,0.0468439122347563
952,953,43,Nordeste,74,50953,453.38,3,4.43,11,3,1,34.97,2,0,0,8.3,1,1,10.0,Adulto,Promotor,0.01,True,0.07713176584763333
953,954,22,Centro-Oeste,56,50954,511.03,3,23.63,6,5,1,17.24,1,4,7,2.2,0,7,0.6,Jovem Adulto,Detrator,0.05,True,0.03373578850556719
954,955,45,Sudeste,15,50955,174.88,3,15.02,9,10,8,40.97,1,2,8,0.0,0,5,0.0,Adulto,,0.09,True,0.23427493138151875
955,956,25,Sul,8,50956,715.9,2,10.06,9,7,2,25.35,3,3,6,3.1,0,6,0.8,Jovem Adulto,Detrator,0.01,True,0.03540997345998045
956,957,62,Nordeste,7,50957,323.25,3,12.78,4,12,4,47.3,2,3,8,0.0,0,8,0.0,Idoso,,0.04,True,0.14632637277648877
957,958,65,Sudeste,27,50958,685.24,6,2.54,7,6,3,18.14,3,1,1,2.9,0,3,3.8,Idoso,Detrator,0.0,True,0.02647247679645088
958,959,50,Centro-Oeste,87,50959,742.01,2,140.46,5,2,1,28.15,1,1,10,3.5,0,3,1.5,Adulto,Detrator,0.19,True,0.037937494103853046
959,960,53,Sudeste,87,50960,342.28,6,35.49,5,11,1,32.54,1,3,0,3.5,0,6,6.3,Adulto,Detrator,0.1,True,0.09506836508122006
960,961,30,Centro-Oeste,73,50961,725.38,1,47.8,7,6,5,40.9,1,0,2,1.7,0,2,4.1,Jovem Adulto,Detrator,0.07,True,0.05638423998455982
961,962,37,Nordeste,21,50962,401.34,3,18.68,4,12,3,51.28,3,1,0,6.0,0,5,4.9,Adulto,Detrator,0.05,True,0.12777196392086512
962,963,35,Sudeste,88,50963,262.83,1,23.37,10,12,2,56.27,1,2,6,3.6,0,4,1.2,Adulto,Detrator,0.09,True,0.21409275957843477
963,964,68,Centro-Oeste,82,50964,787.5,2,10.43,2,3,1,47.18,2,1,7,5.6,0,4,2.7,Idoso,Detrator,0.01,True,0.05991111111111111
964,965,67,Norte,82,50965,306.06,2,71.6,2,9,4,13.5,3,0,5,4.9,0,2,1.7,Idoso,Detrator,0.23,True,0.04410899823564007
965,966,37,Sudeste,113,50966,310.47,6,20.03,5,12,2,32.04,1,2,3,2.5,0,5,4.3,Adulto,Detrator,0.06,True,0.10319837665474924
966,967,60,Sudeste,63,50967,51.73,3,8.82,4,8,3,38.05,1,3,0,0.1,0,7,1.9,Adulto,Detrator,0.17,True,0.7355499710032862
967,968,50,Centro-Oeste,56,50968,237.94,4,17.96,6,4,1,43.92,1,0,10,7.9,0,2,2.8,Adulto,Neutro,0.08,True,0.1845843489955451
968,969,38,Centro-Oeste,70,50969,449.7,1,62.82,4,10,4,27.9,3,4,9,0.5,0,8,0.0,Adulto,Detrator,0.14,True,0.06204136090727151
969,970,63,Nordeste,84,50970,441.76,6,20.35,4,6,2,19.05,3,0,8,5.6,0,3,2.1,Idoso,Detrator,0.05,True,0.043122962694675845
970,971,41,Centro-Oeste,43,50971,51.75,6,36.92,2,13,2,47.69,2,2,0,4.7,0,6,6.4,Adulto,Detrator,0.71,True,0.9215458937198068
971,972,45,Norte,103,50972,170.11,2,0.79,7,2,0,58.81,1,1,8,6.5,0,3,3.4,Adulto,Neutro,0.0,False,0.34571747692669447
972,973,22,Norte,8,50973,382.37,4,86.84,10,14,6,46.75,3,0,5,1.9,0,3,0.0,Jovem Adulto,Detrator,0.23,True,0.1222637759238434
973,974,47,Nordeste,106,50974,196.19,2,8.38,2,12,0,32.48,1,1,8,8.0,1,4,4.6,Adulto,Neutro,0.04,False,0.16555379988786378
974,975,60,Nordeste,6,50975,248.21,4,8.05,6,8,3,45.04,1,1,3,4.6,0,3,4.2,Adulto,Detrator,0.03,True,0.18145924821723539
975,976,41,Centro-Oeste,70,50976,335.79,4,24.22,6,12,2,49.03,1,4,9,0.0,0,9,0.0,Adulto,,0.07,True,0.14601387772119478
976,977,56,Nordeste,71,50977,1176.27,3,103.23,6,4,3,25.84,1,0,9,3.4,0,2,1.3,Adulto,Detrator,0.09,True,0.021967745500607854
977,978,31,Norte,11,50978,403.97,4,17.8,9,8,3,42.82,1,3,11,1.5,0,7,0.0,Adulto,Detrator,0.04,True,0.10599797014629798
978,979,53,Centro-Oeste,48,50979,779.36,5,7.46,11,12,3,24.07,2,0,5,3.5,0,2,3.6,Adulto,Detrator,0.01,True,0.03088431533566003
979,980,53,Sul,117,50980,574.41,5,60.26,3,8,1,32.03,1,2,2,9.3,1,3,4.9,Adulto,Promotor,0.1,True,0.05576156403962327
980,981,43,Norte,26,50981,1014.85,3,38.77,10,14,3,31.75,3,0,9,4.7,0,3,1.3,Adulto,Detrator,0.04,True,0.03128541163718776
981,982,30,Sudeste,84,50982,265.06,5,29.19,2,13,3,34.42,1,0,3,3.8,0,2,3.8,Jovem Adulto,Detrator,0.11,True,0.12985739077944616
982,983,57,Norte,24,50983,96.86,2,16.05,2,10,1,7.14,1,0,3,8.7,1,2,7.0,Adulto,Promotor,0.17,True,0.07371463968614494
983,984,38,Nordeste,72,50984,213.31,4,45.78,4,3,3,51.85,2,2,0,3.6,0,4,4.2,Adulto,Detrator,0.21,True,0.24307346115981435
984,985,43,Centro-Oeste,61,50985,258.17,3,3.17,4,6,0,42.37,2,1,11,6.9,0,1,0.8,Adulto,Neutro,0.01,False,0.1641166673122361
985,986,51,Norte,32,50986,830.6,1,4.35,10,10,1,38.1,2,0,7,4.9,0,3,4.0,Adulto,Detrator,0.01,True,0.04587045509270407
986,987,57,Sudeste,63,50987,1153.7,4,5.89,7,8,4,39.96,2,3,6,0.6,0,5,0.2,Adulto,Detrator,0.01,True,0.03463638727572159
987,988,31,Nordeste,9,50988,208.58,2,46.14,11,4,1,47.53,1,1,3,5.3,0,4,6.1,Adulto,Detrator,0.22,True,0.22787419695081024
988,989,38,Sudeste,60,50989,623.26,3,22.28,9,14,2,58.16,2,1,6,4.4,0,4,2.3,Adulto,Detrator,0.04,True,0.09331579116259667
989,990,60,Nordeste,23,50990,163.57,1,54.73,2,2,1,38.28,3,2,0,7.6,0,3,6.3,Adulto,Neutro,0.33,True,0.2340282447881641
990,991,66,Sudeste,77,50991,978.28,2,2.27,1,4,3,31.69,1,0,1,8.1,1,3,5.8,Idoso,Promotor,0.0,True,0.032393588747597825
991,992,64,Sudeste,69,50992,479.42,2,12.72,1,10,3,43.38,3,3,10,1.8,0,6,0.0,Idoso,Detrator,0.03,True,0.09048433523841308
992,993,67,Sul,78,50993,484.34,1,25.45,4,6,1,36.47,3,2,2,6.4,0,3,6.1,Idoso,Neutro,0.05,True,0.07529834413841517
993,994,36,Norte,117,50994,631.64,1,14.7,2,11,0,45.79,2,1,3,5.5,0,4,7.1,Adulto,Detrator,0.02,False,0.07249382559685898
994,995,29,Sudeste,45,50995,167.31,1,23.04,10,5,2,46.22,1,2,11,2.9,0,4,0.0,Jovem Adulto,Detrator,0.14,True,0.27625366086904546
995,996,53,Norte,114,50996,410.4,2,22.5,6,9,1,47.41,1,3,8,0.9,0,6,1.1,Adulto,Detrator,0.05,True,0.1155214424951267
996,997,47,Centro-Oeste,24,50997,222.64,6,71.07,6,14,1,37.11,3,2,8,2.7,0,4,2.2,Adulto,Detrator,0.32,True,0.1666816385195832
997,998,61,Sudeste,66,50998,516.25,5,2.78,2,14,2,46.83,3,0,6,8.2,1,1,3.7,Idoso,Promotor,0.01,True,0.09071186440677965
998,999,50,Sudeste,3,50999,818.05,2,31.12,1,11,5,39.17,3,3,4,1.2,0,7,0.0,Adulto,Detrator,0.04,True,0.047882158792249864
999,1000,61,Centro-Oeste,112,51000,449.69,1,22.72,4,12,4,31.52,1,0,0,2.2,0,2,5.7,Idoso,Detrator,0.05,True,0.07009273054771065
1000,1001,40,Norte,61,51001,308.68,5,20.69,1,8,0,36.98,2,0,4,4.1,0,1,8.5,Adulto,Detrator,0.07,False,0.11980044058571983
1001,1002,58,Norte,106,51002,198.12,6,28.95,2,14,3,55.7,1,2,9,4.2,0,8,0.0,Adulto,Detrator,0.15,True,0.281142741772663
1002,1003,30,Norte,13,51003,228.76,3,26.71,7,5,0,44.83,2,1,6,4.1,0,2,5.8,Jovem Adulto,Detrator,0.12,False,0.19596957510054205
1003,1004,45,Sudeste,112,51004,300.88,2,28.88,11,7,4,39.72,2,1,0,4.7,0,3,4.9,Adulto,Detrator,0.1,True,0.1320127625631481
1004,1005,45,Nordeste,15,51005,819.32,5,26.25,6,5,1,42.99,1,4,3,5.6,0,7,2.6,Adulto,Detrator,0.03,True,0.0524703412586047
1005,1006,36,Sul,53,51006,443.59,1,26.75,2,6,2,38.58,1,1,0,4.3,0,3,6.7,Adulto,Detrator,0.06,True,0.0869722040623098
1006,1007,54,Sul,97,51007,676.14,1,2.96,1,6,4,32.27,3,0,1,1.8,0,2,5.4,Adulto,Detrator,0.0,True,0.04772680214156832
1007,1008,48,Sul,71,51008,319.82,3,0.1,2,8,7,27.94,1,1,0,0.0,0,3,0.9,Adulto,,0.0,True,0.08736164092301921
1008,1009,67,Sudeste,43,51009,1048.14,4,5.75,6,10,4,42.07,1,1,7,0.9,0,3,0.4,Idoso,Detrator,0.01,True,0.040137767855439155
1009,1010,59,Centro-Oeste,117,51010,155.44,5,39.09,11,3,5,43.63,3,0,5,1.9,0,4,1.6,Adulto,Detrator,0.25,True,0.28068708183221824
1010,1011,56,Sudeste,15,51011,237.82,1,44.05,3,8,4,47.95,2,0,5,2.4,0,3,3.7,Adulto,Detrator,0.19,True,0.2016230762761753
1011,1012,34,Sul,11,51012,269.15,4,78.77,2,10,2,49.66,2,1,10,8.8,1,2,0.2,Adulto,Promotor,0.29,True,0.18450678060561027
1012,1013,45,Sudeste,95,51013,133.27,1,59.37,10,8,4,25.78,3,4,3,0.0,0,8,0.7,Adulto,,0.45,True,0.19344188489532527
1013,1014,21,Norte,67,51014,577.2,2,52.92,4,4,3,32.63,3,2,10,2.3,0,6,0.0,Jovem Adulto,Detrator,0.09,True,0.05653153153153153
1014,1015,23,Centro-Oeste,11,51015,170.66,1,43.83,7,5,4,36.63,2,3,5,0.0,0,5,0.0,Jovem Adulto,,0.26,True,0.21463729051916092
1015,1016,36,Centro-Oeste,3,51016,96.22,3,40.83,3,10,0,24.75,3,0,7,9.1,1,1,5.3,Adulto,Promotor,0.42,False,0.2572230305549782
1016,1017,40,Nordeste,90,51017,445.11,4,67.03,8,8,1,27.71,3,0,7,3.0,0,2,4.9,Adulto,Detrator,0.15,True,0.06225427422434904
1017,1018,57,Norte,15,51018,518.25,2,30.71,10,12,2,20.98,1,0,6,5.5,0,4,4.9,Adulto,Detrator,0.06,True,0.040482392667631456
1018,1019,62,Sul,94,51019,87.73,2,61.55,8,13,1,23.42,1,2,3,0.0,0,5,5.2,Idoso,,0.7,True,0.26695543143736467
1019,1020,59,Nordeste,35,51020,23.06,6,52.52,9,6,2,16.46,1,3,5,6.2,0,5,1.4,Adulto,Neutro,2.28,True,0.7137901127493496
1020,1021,23,Sudeste,30,51021,440.54,2,20.05,11,4,3,37.59,3,1,7,0.1,0,3,2.5,Jovem Adulto,Detrator,0.05,True,0.08532709856085713
1021,1022,41,Nordeste,65,51022,617.05,5,45.43,11,13,1,37.72,1,4,3,5.1,0,7,3.2,Adulto,Detrator,0.07,True,0.061129568106312294
1022,1023,39,Sul,55,51023,211.59,2,40.16,5,4,3,24.0,1,2,0,4.9,0,6,6.2,Adulto,Detrator,0.19,True,0.11342691053452432
1023,1024,38,Sul,58,51024,224.41,2,23.93,10,3,2,36.12,2,3,0,3.1,0,5,4.8,Adulto,Detrator,0.11,True,0.16095539414464596
1024,1025,31,Centro-Oeste,24,51025,239.0,2,16.32,2,14,3,22.79,1,1,6,1.1,0,4,2.8,Adulto,Detrator,0.07,True,0.09535564853556484
1025,1026,41,Centro-Oeste,53,51026,681.24,3,36.6,9,4,2,49.72,2,0,9,6.3,0,2,1.3,Adulto,Neutro,0.05,True,0.07298455757148728
1026,1027,42,Norte,11,51027,306.18,2,14.2,8,12,3,34.77,3,0,7,6.5,0,2,3.6,Adulto,Neutro,0.05,True,0.11356065059768765
1027,1028,34,Norte,8,51028,75.6,1,72.81,8,8,1,37.31,1,0,4,6.0,0,1,5.6,Adulto,Detrator,0.96,True,0.4935185185185186
1028,1029,68,Nordeste,41,51029,1292.5,3,86.22,5,12,0,30.42,3,1,8,4.2,0,2,3.6,Idoso,Detrator,0.07,False,0.023535783365570603
1029,1030,63,Norte,9,51030,178.49,4,113.62,1,8,2,39.05,1,2,8,1.5,0,7,0.6,Idoso,Detrator,0.64,True,0.2187797635721889
1030,1031,52,Centro-Oeste,96,51031,626.91,5,82.54,1,12,2,55.81,2,3,7,2.4,0,6,0.8,Adulto,Detrator,0.13,True,0.08902394283070936
1031,1032,34,Norte,39,51032,200.12,5,3.02,4,10,1,56.3,3,1,4,4.7,0,3,4.9,Adulto,Detrator,0.02,True,0.28133120127923245
1032,1033,45,Norte,49,51033,179.06,5,6.13,6,8,3,47.87,2,1,7,0.0,0,7,1.5,Adulto,,0.03,True,0.26734055623813247
1033,1034,19,Centro-Oeste,53,51034,252.46,5,5.47,11,13,2,59.95,3,1,4,4.5,0,4,4.9,Jovem Adulto,Detrator,0.02,True,0.23746336053236156
1034,1035,51,Norte,115,51035,825.72,1,62.9,8,12,3,35.74,2,1,7,0.0,0,3,0.9,Adulto,,0.08,True,0.0432834374848617
1035,1036,18,Sudeste,61,51036,1000.58,6,40.24,4,10,1,36.9,1,2,8,4.4,0,6,0.5,,Detrator,0.04,True,0.03687861040596454
1036,1037,64,Centro-Oeste,79,51037,717.07,4,64.48,10,4,1,31.94,2,2,4,5.5,0,5,4.9,Idoso,Detrator,0.09,True,0.044542373826823044
1037,1038,20,Sudeste,3,51038,80.05,5,25.79,9,2,4,36.66,3,1,8,1.8,0,5,0.0,Jovem Adulto,Detrator,0.32,True,0.45796377264209864
1038,1039,39,Centro-Oeste,12,51039,499.44,2,14.15,11,2,1,30.66,1,1,5,7.8,0,4,4.5,Adulto,Neutro,0.03,True,0.06138875540605478
1039,1040,59,Sudeste,80,51040,155.11,5,20.98,2,6,3,24.02,2,0,5,6.9,0,2,3.5,Adulto,Neutro,0.14,True,0.15485784282122364
1040,1041,21,Nordeste,4,51041,63.84,5,9.2,1,9,3,50.19,3,1,3,2.8,0,6,3.7,Jovem Adulto,Detrator,0.14,True,0.7861842105263157
1041,1042,32,Centro-Oeste,104,51042,347.61,5,4.42,2,2,4,23.83,1,2,3,4.2,0,7,2.8,Adulto,Detrator,0.01,True,0.0685538390725238
1042,1043,53,Norte,37,51043,460.87,1,4.18,7,10,3,28.28,3,0,7,4.3,0,3,3.8,Adulto,Detrator,0.01,True,0.06136220626206956
1043,1044,56,Sul,31,51044,688.36,5,77.19,5,4,2,42.26,1,0,10,5.6,0,2,1.7,Adulto,Detrator,0.11,True,0.061392294729502
1044,1045,29,Sudeste,101,51045,116.95,4,51.35,8,6,0,36.4,3,2,0,7.2,0,5,8.0,Jovem Adulto,Neutro,0.44,False,0.31124412141941
1045,1046,54,Centro-Oeste,7,51046,160.92,1,14.39,11,5,7,51.92,3,1,5,0.0,0,5,0.0,Adulto,,0.09,True,0.3226447924434502
1046,1047,65,Sudeste,42,51047,238.77,1,13.09,9,3,1,5.81,2,1,10,4.7,0,3,2.2,Idoso,Detrator,0.05,True,0.024333040164174726
1047,1048,58,Nordeste,83,51048,840.99,5,28.96,2,9,1,56.54,1,3,2,5.0,0,5,4.0,Adulto,Detrator,0.03,True,0.06723028811281942
1048,1049,24,Sudeste,13,51049,323.96,1,0.24,1,2,0,39.88,1,4,6,4.7,0,6,2.4,Jovem Adulto,Detrator,0.0,False,0.12310161748363997
1049,1050,48,Nordeste,115,51050,788.38,3,18.53,11,11,5,24.37,2,1,5,3.7,0,6,0.0,Adulto,Detrator,0.02,True,0.030911489383292322
1050,1051,22,Nordeste,115,51051,328.88,4,24.7,5,2,2,25.37,2,1,8,5.6,0,3,2.4,Jovem Adulto,Detrator,0.08,True,0.0771405983945512
1051,1052,44,Norte,6,51052,241.59,1,4.99,1,12,6,37.73,1,1,3,4.0,0,5,0.8,Adulto,Detrator,0.02,True,0.1561736826855416
1052,1053,42,Sudeste,22,51053,289.0,1,41.56,6,5,0,42.19,3,1,4,10.0,1,1,6.5,Adulto,Promotor,0.14,False,0.14598615916955016
1053,1054,34,Sul,60,51054,217.35,5,18.4,5,10,1,34.07,1,2,0,7.7,0,4,6.6,Adulto,Neutro,0.08,True,0.15675178283873936
1054,1055,45,Centro-Oeste,96,51055,421.83,3,75.88,8,9,0,65.26,3,4,5,4.9,0,6,2.0,Adulto,Detrator,0.18,False,0.15470687243676365
1055,1056,44,Nordeste,59,51056,142.73,2,8.91,6,7,2,40.64,1,0,7,4.0,0,4,4.7,Adulto,Detrator,0.06,True,0.28473341273733627
1056,1057,43,Norte,34,51057,665.48,3,44.01,2,3,4,36.6,1,2,4,0.0,0,4,1.4,Adulto,,0.07,True,0.054997896255334494
1057,1058,66,Sudeste,26,51058,250.64,6,1.21,10,2,1,28.02,3,2,4,3.1,0,6,5.4,Idoso,Detrator,0.0,True,0.11179380785189914
1058,1059,46,Sul,51,51059,140.63,6,10.15,2,8,0,19.05,2,4,10,4.2,0,6,0.0,Adulto,Detrator,0.07,False,0.13546185024532462
1059,1060,44,Nordeste,81,51060,692.01,5,6.74,3,14,5,35.11,1,0,6,2.1,0,3,0.5,Adulto,Detrator,0.01,True,0.05073626103669022
1060,1061,34,Centro-Oeste,50,51061,1102.87,6,4.42,11,10,3,30.47,2,0,7,4.9,0,2,2.5,Adulto,Detrator,0.0,True,0.027627916254862314
1061,1062,55,Sudeste,74,51062,717.06,5,26.17,8,9,3,61.2,1,0,7,6.9,0,3,2.6,Adulto,Neutro,0.04,True,0.08534850640113799
1062,1063,33,Sudeste,43,51063,424.42,1,0.17,2,4,2,28.23,2,0,9,5.1,0,3,1.3,Adulto,Detrator,0.0,True,0.06651430187078837
1063,1064,26,Sudeste,36,51064,261.2,2,77.81,6,7,2,32.74,1,2,0,7.8,0,5,6.5,Jovem Adulto,Neutro,0.3,True,0.1253445635528331
1064,1065,49,Norte,26,51065,395.12,6,133.66,8,5,0,40.72,2,0,8,8.3,1,0,4.6,Adulto,Promotor,0.34,False,0.10305729904839035
1065,1066,18,Nordeste,13,51066,533.08,2,16.95,3,3,2,44.3,2,1,6,5.3,0,3,2.2,,Detrator,0.03,True,0.08310197343738275
1066,1067,26,Centro-Oeste,94,51067,330.85,5,51.66,9,10,4,48.23,2,0,0,6.5,0,1,5.6,Jovem Adulto,Neutro,0.16,True,0.14577603143418466
1067,1068,67,Centro-Oeste,14,51068,496.05,1,1.38,2,3,2,37.12,1,2,4,2.0,0,4,3.0,Idoso,Detrator,0.0,True,0.07483116621308335
1068,1069,24,Sul,11,51069,1089.78,2,37.55,4,4,1,39.5,2,1,7,6.9,0,5,4.3,Jovem Adulto,Neutro,0.03,True,0.03624584778579163
1069,1070,61,Norte,61,51070,737.46,3,8.36,7,10,1,27.88,1,1,8,7.7,0,3,2.1,Idoso,Neutro,0.01,True,0.03780544029506685
1070,1071,54,Norte,18,51071,441.68,3,24.7,8,6,3,43.68,3,1,1,3.6,0,4,5.6,Adulto,Detrator,0.06,True,0.09889512769425829
1071,1072,57,Sul,86,51072,480.64,2,0.02,6,6,5,52.63,2,1,5,3.6,0,3,0.0,Adulto,Detrator,0.0,True,0.10949983355525966
1072,1073,68,Nordeste,23,51073,266.94,2,26.84,7,6,2,41.4,1,1,10,6.6,0,4,0.0,Idoso,Neutro,0.1,True,0.15509103169251517
1073,1074,62,Norte,101,51074,495.79,6,19.17,11,8,3,20.88,2,4,10,1.0,0,7,0.0,Idoso,Detrator,0.04,True,0.04211460497388007
1074,1075,23,Norte,119,51075,473.34,1,70.21,1,12,1,22.94,3,2,8,6.9,0,4,2.2,Jovem Adulto,Neutro,0.15,True,0.048464106139350156
1075,1076,54,Sul,7,51076,681.77,3,22.47,3,12,1,40.11,2,2,6,8.0,1,6,2.2,Adulto,Neutro,0.03,True,0.058832157472461385
1076,1077,56,Sudeste,66,51077,85.85,1,1.05,3,5,1,38.96,1,1,11,4.4,0,3,0.8,Adulto,Detrator,0.01,True,0.45381479324403035
1077,1078,21,Sudeste,25,51078,163.0,3,10.68,9,9,3,28.27,2,0,4,9.4,1,5,4.4,Jovem Adulto,Promotor,0.07,True,0.17343558282208588
1078,1079,66,Centro-Oeste,103,51079,772.48,2,19.49,5,10,3,38.28,3,3,9,0.3,0,5,0.0,Idoso,Detrator,0.03,True,0.049554681027340515
1079,1080,54,Sul,88,51080,531.07,6,13.17,5,5,4,31.21,3,1,10,2.9,0,4,0.0,Adulto,Detrator,0.02,True,0.058768147325211365
1080,1081,27,Sudeste,107,51081,386.97,3,0.41,9,13,2,49.52,1,1,7,3.2,0,3,2.2,Jovem Adulto,Detrator,0.0,True,0.12796857637542963
1081,1082,27,Sudeste,85,51082,1136.38,1,70.64,10,2,4,17.23,1,1,2,5.4,0,6,3.9,Jovem Adulto,Detrator,0.06,True,0.015162181664584029
1082,1083,66,Sudeste,51,51083,591.75,4,134.67,7,4,2,14.51,3,1,11,6.3,0,3,0.1,Idoso,Neutro,0.23,True,0.02452049007182087
1083,1084,52,Norte,17,51084,451.04,6,78.42,3,7,1,52.0,3,1,6,5.9,0,4,4.4,Adulto,Detrator,0.17,True,0.11528910961333806
1084,1085,25,Centro-Oeste,51,51085,758.04,2,11.11,9,11,4,49.94,2,2,11,1.4,0,4,0.0,Jovem Adulto,Detrator,0.01,True,0.06588042847343148
1085,1086,40,Nordeste,24,51086,268.99,5,6.54,9,13,4,14.45,3,0,8,2.0,0,3,1.3,Adulto,Detrator,0.02,True,0.053719469125246284
1086,1087,66,Sul,23,51087,526.92,4,1.39,10,2,2,41.45,3,1,6,0.0,0,4,4.2,Idoso,,0.0,True,0.07866469293251349
1087,1088,69,Nordeste,99,51088,232.1,4,47.45,7,6,2,43.75,3,1,1,1.7,0,3,5.1,Idoso,Detrator,0.2,True,0.1884963377854373
1088,1089,24,Norte,22,51089,491.63,5,55.02,3,10,3,21.79,1,1,4,6.6,0,3,3.3,Jovem Adulto,Neutro,0.11,True,0.044321949433517076
1089,1090,19,Sudeste,116,51090,342.67,5,81.52,4,10,3,43.57,2,2,8,3.4,0,5,0.0,Jovem Adulto,Detrator,0.24,True,0.12714856859369073
1090,1091,55,Centro-Oeste,73,51091,453.48,5,47.67,2,12,5,35.3,3,1,0,3.2,0,5,3.7,Adulto,Detrator,0.11,True,0.0778424627326453
1091,1092,37,Nordeste,79,51092,575.52,5,18.97,11,14,4,32.64,1,3,4,1.8,0,6,1.2,Adulto,Detrator,0.03,True,0.0567139282735613
1092,1093,48,Nordeste,104,51093,540.3,3,42.27,11,2,3,40.85,3,3,11,0.0,0,7,0.0,Adulto,,0.08,True,0.07560614473440681
1093,1094,47,Norte,22,51094,293.76,2,23.4,7,4,0,39.26,3,1,2,5.8,0,2,7.3,Adulto,Detrator,0.08,False,0.13364651416122003
1094,1095,65,Sudeste,10,51095,1089.9,2,9.48,2,14,1,29.37,2,5,5,1.1,0,7,2.0,Idoso,Detrator,0.01,True,0.026947426369391687
1095,1096,42,Nordeste,107,51096,695.91,3,56.14,2,9,5,52.95,2,0,10,1.9,0,5,0.0,Adulto,Detrator,0.08,True,0.07608742509807304
1096,1097,27,Nordeste,48,51097,112.19,1,119.93,3,5,2,18.1,2,1,6,8.5,1,2,3.4,Jovem Adulto,Promotor,1.07,True,0.16133345217933864
1097,1098,34,Nordeste,62,51098,271.43,2,24.94,6,7,1,36.41,1,2,3,3.1,0,4,5.2,Adulto,Detrator,0.09,True,0.13414139925579338
1098,1099,26,Norte,114,51099,450.74,1,9.09,3,5,2,51.34,1,1,0,6.1,0,5,5.6,Jovem Adulto,Neutro,0.02,True,0.11390158406176511
1099,1100,60,Sul,69,51100,508.46,2,9.85,7,9,3,43.86,3,2,6,4.2,0,5,1.1,Adulto,Detrator,0.02,True,0.08626047280022027
1100,1101,49,Sudeste,10,51101,129.61,4,2.72,1,12,2,47.23,1,3,2,3.0,0,7,3.5,Adulto,Detrator,0.02,True,0.36440089499267025
1101,1102,41,Centro-Oeste,35,51102,281.81,2,2.39,2,12,0,40.03,3,1,6,6.7,0,3,5.1,Adulto,Neutro,0.01,False,0.14204605940172457
1102,1103,33,Norte,21,51103,705.61,3,9.24,3,5,2,21.15,1,2,8,4.1,0,6,0.2,Adulto,Detrator,0.01,True,0.029974064993409953
1103,1104,63,Norte,11,51104,193.62,3,41.32,8,10,3,55.43,3,1,2,3.9,0,5,4.0,Idoso,Detrator,0.21,True,0.28628240884206174
1104,1105,29,Nordeste,104,51105,148.15,1,21.21,4,3,1,47.81,3,0,2,7.2,0,4,6.7,Jovem Adulto,Neutro,0.14,True,0.322713466081674
1105,1106,52,Sudeste,116,51106,110.48,2,30.15,5,2,2,19.39,1,2,4,6.6,0,5,2.8,Adulto,Neutro,0.27,True,0.17550687907313542
1106,1107,60,Centro-Oeste,3,51107,81.77,2,30.91,10,9,2,41.66,3,2,9,4.2,0,4,0.0,Adulto,Detrator,0.38,True,0.5094778035954506
1107,1108,64,Sudeste,87,51108,736.79,3,29.54,2,12,2,19.19,2,0,0,9.0,1,1,6.9,Idoso,Promotor,0.04,True,0.026045413211362806
1108,1109,63,Norte,114,51109,491.93,4,39.3,1,11,0,30.19,3,3,11,3.7,0,4,0.0,Idoso,Detrator,0.08,False,0.06137052019596284
1109,1110,34,Norte,109,51110,153.14,5,14.99,1,12,1,12.87,1,3,2,1.1,0,6,4.0,Adulto,Detrator,0.1,True,0.08404074702886248
1110,1111,46,Sudeste,50,51111,805.66,1,8.06,1,6,2,42.07,3,4,11,5.3,0,7,0.0,Adulto,Detrator,0.01,True,0.052218057244991685
1111,1112,53,Norte,103,51112,839.25,2,56.7,1,3,4,31.87,1,2,11,1.6,0,4,0.0,Adulto,Detrator,0.07,True,0.03797438188859101
1112,1113,52,Sul,91,51113,463.66,4,22.48,5,4,0,50.04,1,3,7,4.9,0,4,2.2,Adulto,Detrator,0.05,False,0.10792390976146313
1113,1114,21,Nordeste,87,51114,92.04,5,79.35,1,7,3,10.23,1,4,11,2.6,0,7,0.0,Jovem Adulto,Detrator,0.86,True,0.11114732724902217
1114,1115,24,Sudeste,118,51115,1110.66,5,20.14,9,6,2,31.05,3,0,5,6.0,0,2,3.8,Jovem Adulto,Detrator,0.02,True,0.027956350278212954
1115,1116,36,Norte,50,51116,625.97,5,64.98,8,9,1,40.12,2,1,11,2.6,0,3,0.5,Adulto,Detrator,0.1,True,0.06409252839592951
1116,1117,64,Sudeste,43,51117,178.47,3,26.01,6,3,0,34.23,3,3,7,6.2,0,4,2.7,Idoso,Neutro,0.15,False,0.19179694066229616
1117,1118,45,Norte,9,51118,220.56,4,21.78,2,2,2,42.22,2,0,3,5.1,0,2,5.6,Adulto,Detrator,0.1,True,0.19142183532825535
1118,1119,58,Centro-Oeste,4,51119,490.48,5,37.29,6,14,2,20.27,3,4,7,1.1,0,8,0.0,Adulto,Detrator,0.08,True,0.041326863480671994
1119,1120,39,Nordeste,111,51120,491.87,3,34.41,5,11,3,27.47,2,0,6,0.4,0,3,2.9,Adulto,Detrator,0.07,True,0.05584808994246447
1120,1121,38,Sudeste,9,51121,767.45,1,18.13,1,12,3,11.67,1,4,4,2.5,0,8,0.8,Adulto,Detrator,0.02,True,0.015206202358459833
1121,1122,22,Sudeste,73,51122,115.89,4,14.7,3,4,0,40.09,3,3,3,4.0,0,4,5.4,Jovem Adulto,Detrator,0.13,False,0.3459314867546812
1122,1123,62,Sudeste,78,51123,619.85,6,14.22,9,5,3,72.67,3,3,10,3.6,0,7,0.0,Idoso,Detrator,0.02,True,0.11723804146164395
1123,1124,66,Sudeste,78,51124,346.65,5,50.02,10,10,2,59.57,2,0,4,6.5,0,2,4.4,Idoso,Neutro,0.14,True,0.17184480023078033
1124,1125,49,Centro-Oeste,46,51125,121.59,2,6.08,8,13,2,42.14,3,0,1,7.5,0,3,6.4,Adulto,Neutro,0.05,True,0.3465745538284398
1125,1126,18,Norte,107,51126,394.49,3,36.81,2,7,2,28.61,3,1,3,7.3,0,3,4.8,,Neutro,0.09,True,0.07252401835280996
1126,1127,37,Sudeste,103,51127,281.2,1,4.7,10,13,4,30.55,3,1,7,3.5,0,3,0.9,Adulto,Detrator,0.02,True,0.10864153627311522
1127,1128,45,Sul,27,51128,700.58,6,57.29,1,13,0,6.77,3,1,2,9.8,1,2,8.1,Adulto,Promotor,0.08,False,0.009663421736275657
1128,1129,61,Sudeste,55,51129,816.09,3,14.98,11,3,3,49.61,2,3,5,2.5,0,5,0.3,Idoso,Detrator,0.02,True,0.060789863863054315
1129,1130,65,Sul,83,51130,397.15,5,6.08,11,7,1,39.49,2,0,5,8.6,1,2,5.5,Idoso,Promotor,0.02,True,0.0994334634269168
1130,1131,54,Sul,95,51131,381.97,1,55.39,9,6,1,50.44,1,0,5,5.5,0,4,5.7,Adulto,Detrator,0.15,True,0.13205225541272872
1131,1132,29,Norte,110,51132,410.46,2,7.89,11,7,1,56.66,2,2,8,5.0,0,4,2.1,Jovem Adulto,Detrator,0.02,True,0.13804024752716465
1132,1133,35,Sudeste,2,51133,288.05,4,6.01,2,3,2,51.08,2,3,4,1.5,0,6,2.8,Adulto,Detrator,0.02,True,0.17733032459642423
1133,1134,62,Nordeste,8,51134,866.54,5,67.55,1,13,2,42.33,2,2,0,6.3,0,4,6.9,Idoso,Neutro,0.08,True,0.0488494472269024
1134,1135,68,Norte,70,51135,161.54,5,3.28,2,11,3,52.24,2,3,3,0.5,0,7,1.6,Idoso,Detrator,0.02,True,0.32338739631051133
1135,1136,67,Centro-Oeste,50,51136,288.97,1,0.56,5,6,1,34.25,3,0,6,4.0,0,3,4.7,Idoso,Detrator,0.0,True,0.11852441429906217
1136,1137,22,Sul,103,51137,72.67,3,20.24,5,2,2,43.21,2,3,0,4.5,0,7,4.0,Jovem Adulto,Detrator,0.28,True,0.5946057520297234
1137,1138,48,Sudeste,77,51138,297.59,6,18.86,9,14,3,33.46,2,1,5,5.7,0,3,1.2,Adulto,Detrator,0.06,True,0.11243657380960383
1138,1139,19,Sul,20,51139,357.92,6,0.24,10,10,2,45.67,3,1,11,6.8,0,4,0.0,Jovem Adulto,Neutro,0.0,True,0.12759834599910594
1139,1140,62,Nordeste,27,51140,122.62,4,13.34,6,7,3,38.98,1,0,11,1.1,0,2,0.2,Idoso,Detrator,0.11,True,0.3178926765617354
1140,1141,26,Centro-Oeste,117,51141,649.44,3,4.71,7,2,2,42.08,1,1,11,5.3,0,3,0.0,Jovem Adulto,Detrator,0.01,True,0.06479428430647942
1141,1142,19,Sudeste,44,51142,608.86,5,31.55,10,5,4,25.96,2,1,10,2.9,0,3,0.0,Jovem Adulto,Detrator,0.05,True,0.042637059422527344
1142,1143,35,Sudeste,11,51143,100.27,5,48.12,9,11,6,38.87,1,2,6,0.0,0,4,0.0,Adulto,,0.48,True,0.38765333599281937
1143,1144,52,Nordeste,83,51144,1474.92,6,25.22,8,8,1,41.48,2,1,11,6.6,0,2,1.9,Adulto,Neutro,0.02,True,0.02812355924389119
1144,1145,61,Sul,66,51145,225.29,6,24.51,2,5,0,40.58,2,0,0,9.4,1,2,10.0,Idoso,Promotor,0.11,False,0.18012339651116338
1145,1146,42,Sudeste,1,51146,698.97,4,77.98,9,13,0,41.1,2,1,11,4.0,0,2,1.8,Adulto,Detrator,0.11,False,0.058800806901583756
1146,1147,33,Norte,71,51147,471.22,2,52.51,4,11,1,31.94,3,0,1,2.9,0,2,7.3,Adulto,Detrator,0.11,True,0.06778150333177708
1147,1148,58,Sul,45,51148,575.72,4,104.89,3,14,0,37.47,3,2,11,7.0,0,2,1.5,Adulto,Neutro,0.18,False,0.06508372125338706
1148,1149,61,Norte,23,51149,334.37,1,39.93,2,4,2,10.0,2,0,8,3.2,0,2,3.5,Idoso,Detrator,0.12,True,0.029906989263390853
1149,1150,63,Centro-Oeste,102,51150,147.8,6,12.51,3,13,3,26.47,1,0,7,2.1,0,3,2.5,Idoso,Detrator,0.08,True,0.1790933694181326
1150,1151,37,Centro-Oeste,21,51151,465.89,5,52.43,6,6,1,41.31,2,0,0,7.7,0,4,9.3,Adulto,Neutro,0.11,True,0.08866899911996395
1151,1152,21,Sul,118,51152,662.69,4,42.11,7,12,3,42.97,2,0,3,5.0,0,2,4.4,Jovem Adulto,Detrator,0.06,True,0.06484178122500717
1152,1153,49,Sul,31,51153,623.73,4,45.52,8,6,4,42.97,2,1,10,6.1,0,4,0.0,Adulto,Neutro,0.07,True,0.068891988520674
1153,1154,69,Norte,24,51154,168.78,5,38.13,10,8,1,58.82,2,0,11,7.6,0,2,1.7,Idoso,Neutro,0.23,True,0.3485010072283446
1154,1155,37,Norte,114,51155,168.86,1,49.22,1,4,1,62.68,2,3,11,4.5,0,5,0.0,Adulto,Detrator,0.29,True,0.37119507284140707
1155,1156,56,Norte,24,51156,789.15,6,7.97,11,12,2,38.52,3,2,4,4.4,0,4,3.5,Adulto,Detrator,0.01,True,0.04881201292529938
1156,1157,32,Norte,20,51157,168.52,3,2.9,2,7,0,35.22,2,3,11,3.5,0,4,0.0,Adulto,Detrator,0.02,False,0.20899596487063848
1157,1158,35,Centro-Oeste,102,51158,129.35,3,31.88,7,13,1,52.4,2,0,4,3.4,0,4,5.5,Adulto,Detrator,0.25,True,0.405102435253189
1158,1159,24,Nordeste,33,51159,267.53,1,25.33,3,5,1,44.47,1,0,11,5.3,0,2,2.7,Jovem Adulto,Detrator,0.09,True,0.16622434867117708
1159,1160,20,Centro-Oeste,15,51160,529.48,4,19.48,5,8,3,44.32,1,1,4,3.1,0,7,3.1,Jovem Adulto,Detrator,0.04,True,0.08370476694114981
1160,1161,25,Sudeste,77,51161,342.43,3,29.84,10,10,0,30.85,1,2,10,4.2,0,4,2.9,Jovem Adulto,Detrator,0.09,False,0.09009140554273866
1161,1162,46,Centro-Oeste,115,51162,770.46,6,38.04,8,8,2,32.27,2,1,8,6.4,0,4,2.4,Adulto,Neutro,0.05,True,0.041884069257326795
1162,1163,25,Centro-Oeste,42,51163,161.36,4,17.76,3,7,3,34.63,2,3,6,6.0,0,4,0.0,Jovem Adulto,Detrator,0.11,True,0.21461328705999008
1163,1164,18,Centro-Oeste,24,51164,633.66,1,37.91,11,12,3,49.09,3,3,0,1.4,0,6,4.0,,Detrator,0.06,True,0.07747056781239152
1164,1165,60,Centro-Oeste,66,51165,457.41,2,13.06,1,12,1,43.19,1,0,5,7.3,0,3,5.5,Adulto,Neutro,0.03,True,0.09442294659058612
1165,1166,38,Sul,116,51166,115.53,6,0.75,11,11,2,23.55,2,0,11,1.9,0,4,0.8,Adulto,Detrator,0.01,True,0.20384315762139704
1166,1167,56,Centro-Oeste,46,51167,104.07,2,17.14,3,4,3,24.67,3,0,8,2.4,0,3,1.8,Adulto,Detrator,0.16,True,0.23705198424137602
1167,1168,62,Sudeste,80,51168,489.05,4,89.59,2,14,1,49.71,3,2,2,5.3,0,5,6.5,Idoso,Detrator,0.18,True,0.10164604846130253
1168,1169,19,Sul,7,51169,480.57,4,1.41,9,9,2,24.39,2,0,10,6.3,0,3,0.4,Jovem Adulto,Neutro,0.0,True,0.05075223172482677
1169,1170,51,Sul,108,51170,142.86,3,28.3,4,13,0,58.16,1,2,3,3.3,0,4,6.6,Adulto,Detrator,0.2,False,0.4071118577628447
1170,1171,38,Sul,117,51171,184.42,2,21.94,5,7,2,43.18,3,1,1,5.7,0,5,5.7,Adulto,Detrator,0.12,True,0.23413946426634857
1171,1172,65,Sudeste,81,51172,212.06,2,20.22,4,14,1,23.25,2,1,6,6.7,0,2,4.0,Idoso,Neutro,0.1,True,0.10963878147694049
1172,1173,50,Sul,8,51173,124.93,3,26.82,6,5,5,60.23,1,2,2,0.2,0,5,1.8,Adulto,Detrator,0.21,True,0.48210998158969015
1173,1174,56,Centro-Oeste,1,51174,465.65,4,20.19,6,14,1,33.41,2,2,2,5.5,0,4,5.6,Adulto,Detrator,0.04,True,0.07174916782991517
1174,1175,57,Nordeste,98,51175,378.26,2,22.81,6,3,4,44.84,2,1,11,0.0,0,3,0.0,Adulto,,0.06,True,0.11854280124781898
1175,1176,24,Sudeste,1,51176,539.02,6,16.34,1,14,2,44.91,1,1,9,4.6,0,4,1.3,Jovem Adulto,Detrator,0.03,True,0.08331787317724759
1176,1177,32,Centro-Oeste,90,51177,357.3,3,3.7,10,9,4,42.53,1,0,3,2.4,0,3,2.7,Adulto,Detrator,0.01,True,0.1190316260845228
1177,1178,26,Norte,114,51178,289.45,3,7.09,5,6,2,35.55,3,1,3,1.6,0,4,4.2,Jovem Adulto,Detrator,0.02,True,0.12281913974779754
1178,1179,47,Sul,106,51179,680.72,5,21.68,7,4,2,43.0,1,2,3,1.5,0,4,4.0,Adulto,Detrator,0.03,True,0.06316840991890939
1179,1180,61,Nordeste,84,51180,83.92,4,14.2,8,4,4,40.02,2,1,11,0.8,0,5,0.0,Idoso,Detrator,0.17,True,0.47688274547187803
1180,1181,68,Norte,88,51181,134.8,3,19.03,3,6,1,51.21,1,0,3,8.4,1,1,6.8,Idoso,Promotor,0.14,True,0.3798961424332344
1181,1182,34,Norte,18,51182,256.38,4,22.47,6,10,2,3.55,1,2,10,4.7,0,4,0.6,Adulto,Detrator,0.09,True,0.01384663390280053
1182,1183,55,Norte,4,51183,714.48,4,29.19,1,7,1,70.64,2,1,0,7.6,0,3,8.6,Adulto,Neutro,0.04,True,0.09886910760273206
1183,1184,58,Norte,107,51184,426.27,5,2.55,7,11,3,54.33,3,4,10,0.0,0,8,0.0,Adulto,,0.01,True,0.12745443029066086
1184,1185,56,Norte,111,51185,421.79,5,23.64,3,3,1,26.52,3,1,6,2.6,0,4,2.8,Adulto,Detrator,0.06,True,0.06287489034827758
1185,1186,65,Norte,82,51186,534.72,3,7.53,5,5,1,54.62,2,1,7,10.0,1,2,4.1,Idoso,Promotor,0.01,True,0.10214691801316576
1186,1187,38,Norte,47,51187,446.76,4,11.34,5,11,3,58.5,2,3,1,0.0,0,8,2.0,Adulto,,0.03,True,0.13094278807413376
1187,1188,20,Sul,118,51188,96.7,6,51.72,4,6,2,32.6,3,3,4,1.9,0,7,2.3,Jovem Adulto,Detrator,0.53,True,0.33712512926577043
1188,1189,54,Nordeste,109,51189,694.73,2,6.08,10,9,4,40.84,3,3,8,4.2,0,7,0.0,Adulto,Detrator,0.01,True,0.05878542743223986
1189,1190,34,Norte,66,51190,407.43,3,3.62,4,2,2,46.36,1,5,9,0.4,0,7,0.0,Adulto,Detrator,0.01,True,0.11378641729867707
1190,1191,34,Norte,95,51191,172.0,4,14.71,10,2,4,24.84,2,2,4,3.7,0,4,0.6,Adulto,Detrator,0.09,True,0.1444186046511628
1191,1192,28,Sul,82,51192,289.1,1,36.66,6,6,2,37.6,2,1,2,6.8,0,3,5.4,Jovem Adulto,Neutro,0.13,True,0.13005880318228985
1192,1193,27,Sul,17,51193,194.67,6,10.81,3,9,1,19.84,2,0,8,7.5,0,4,2.0,Jovem Adulto,Neutro,0.06,True,0.10191606308111163
1193,1194,18,Sul,50,51194,309.37,2,40.6,10,8,1,52.17,3,3,2,10.0,1,4,4.9,,Promotor,0.13,True,0.1686330284125804
1194,1195,27,Norte,62,51195,1103.63,6,0.88,10,7,2,59.33,1,2,8,3.7,0,4,0.5,Jovem Adulto,Detrator,0.0,True,0.053758959071427914
1195,1196,42,Nordeste,27,51196,675.26,6,28.5,2,7,1,24.72,3,1,2,7.7,0,4,5.8,Adulto,Neutro,0.04,True,0.03660812131623375
1196,1197,33,Sul,30,51197,282.37,3,19.22,8,11,1,45.1,1,3,7,8.1,1,7,1.3,Adulto,Promotor,0.07,True,0.15971951694585118
1197,1198,55,Nordeste,12,51198,92.68,6,40.41,9,13,3,27.73,1,2,1,0.0,0,6,4.3,Adulto,,0.44,True,0.2992015537332758
1198,1199,49,Sul,53,51199,1009.83,3,8.92,5,4,2,55.15,3,0,7,7.3,0,1,3.0,Adulto,Neutro,0.01,True,0.054613152708871786
1199,1200,69,Sudeste,73,51200,483.66,2,20.82,10,3,3,39.08,3,1,7,2.1,0,5,0.7,Idoso,Detrator,0.04,True,0.08080056237853037
1200,1201,42,Nordeste,48,51201,1169.02,5,0.13,1,13,3,54.99,1,2,10,2.5,0,4,0.0,Adulto,Detrator,0.0,True,0.04703940052351543
1201,1202,30,Norte,13,51202,572.35,2,34.02,9,7,4,26.96,2,1,7,0.6,0,3,0.2,Jovem Adulto,Detrator,0.06,True,0.0471040447278763
1202,1203,60,Sul,108,51203,147.51,3,15.49,2,11,4,55.97,2,1,3,1.8,0,4,3.1,Adulto,Detrator,0.11,True,0.3794319029218358
1203,1204,33,Sudeste,58,51204,274.14,5,12.82,4,14,2,40.75,1,0,2,6.4,0,3,6.6,Adulto,Neutro,0.05,True,0.14864667688042607
1204,1205,67,Sul,6,51205,752.2,2,86.4,5,13,4,37.27,1,2,1,4.5,0,4,3.3,Idoso,Detrator,0.11,True,0.0495479925551715
1205,1206,58,Centro-Oeste,86,51206,1276.13,4,87.36,8,3,3,21.05,2,5,10,0.0,0,8,0.0,Adulto,,0.07,True,0.016495184659870075
1206,1207,37,Sudeste,61,51207,141.37,5,48.13,11,11,0,30.74,2,0,2,8.7,1,0,8.1,Adulto,Promotor,0.34,False,0.21744358774846145
1207,1208,45,Sudeste,65,51208,378.77,6,50.4,2,9,4,24.48,2,1,10,1.2,0,5,0.0,Adulto,Detrator,0.13,True,0.06463025054782587
1208,1209,25,Sudeste,22,51209,549.08,1,27.15,7,13,1,13.41,2,3,9,6.6,0,5,0.7,Jovem Adulto,Neutro,0.05,True,0.02442267064908574
1209,1210,48,Centro-Oeste,113,51210,592.69,4,38.79,9,4,0,37.25,2,1,2,5.5,0,3,7.8,Adulto,Detrator,0.07,False,0.06284904418836153
1210,1211,45,Sudeste,60,51211,269.19,6,75.68,6,13,2,25.43,3,2,6,5.1,0,6,3.6,Adulto,Detrator,0.28,True,0.09446859095805936
1211,1212,46,Sul,75,51212,319.81,4,23.55,2,5,3,37.66,1,2,2,4.7,0,4,2.4,Adulto,Detrator,0.07,True,0.1177574184672149
1212,1213,59,Centro-Oeste,59,51213,191.56,1,2.93,3,9,3,40.13,2,2,9,0.7,0,8,0.0,Adulto,Detrator,0.02,True,0.20949049906034664
1213,1214,51,Sul,117,51214,274.65,3,15.97,1,6,3,39.41,1,0,5,5.3,0,3,4.0,Adulto,Detrator,0.06,True,0.14349171673038413
1214,1215,54,Centro-Oeste,65,51215,600.72,3,11.79,11,11,1,48.42,1,4,9,3.4,0,6,0.0,Adulto,Detrator,0.02,True,0.08060327606871753
1215,1216,59,Sudeste,9,51216,126.96,5,9.42,5,2,2,36.17,2,1,4,1.9,0,6,3.9,Adulto,Detrator,0.07,True,0.284892879647133
1216,1217,37,Centro-Oeste,41,51217,58.54,4,18.08,9,14,3,59.89,2,1,11,1.2,0,3,0.0,Adulto,Detrator,0.31,True,1.023061154765972
1217,1218,22,Norte,84,51218,617.18,1,4.37,5,6,4,31.01,3,0,9,4.5,0,3,0.0,Jovem Adulto,Detrator,0.01,True,0.05024466120094625
1218,1219,44,Sudeste,113,51219,537.11,2,7.91,8,12,2,48.0,3,0,4,6.0,0,1,5.5,Adulto,Detrator,0.01,True,0.08936716873638546
1219,1220,54,Sudeste,50,51220,402.0,5,2.08,1,12,1,22.27,1,2,10,3.4,0,5,0.7,Adulto,Detrator,0.01,True,0.05539800995024875
1220,1221,54,Sul,77,51221,247.08,6,6.83,3,12,3,50.98,1,0,9,5.8,0,2,0.8,Adulto,Detrator,0.03,True,0.2063299336247369
1221,1222,48,Norte,74,51222,315.47,5,11.57,6,5,4,15.39,1,2,3,0.0,0,8,2.8,Adulto,,0.04,True,0.04878435350429518
1222,1223,50,Nordeste,108,51223,45.74,6,22.62,8,9,0,34.54,2,0,3,8.7,1,1,7.4,Adulto,Promotor,0.49,False,0.7551377350240489
1223,1224,65,Sudeste,113,51224,283.62,6,133.64,8,4,1,28.63,1,2,11,5.5,0,5,0.0,Idoso,Detrator,0.47,True,0.1009449263098512
1224,1225,49,Sudeste,8,51225,350.65,4,29.65,9,14,1,42.95,3,4,8,2.7,0,6,0.0,Adulto,Detrator,0.08,True,0.12248681020961073
1225,1226,34,Norte,114,51226,782.53,1,39.61,10,12,4,38.27,1,1,10,3.2,0,3,0.0,Adulto,Detrator,0.05,True,0.04890547327259019
1226,1227,60,Nordeste,41,51227,484.08,3,13.24,11,11,5,28.93,1,0,0,0.7,0,2,4.6,Adulto,Detrator,0.03,True,0.05976284911584862
1227,1228,40,Nordeste,88,51228,526.18,6,19.12,2,9,2,46.66,3,1,3,6.1,0,3,4.6,Adulto,Neutro,0.04,True,0.08867687863468775
1228,1229,65,Sudeste,60,51229,761.74,3,75.54,3,11,1,47.38,2,3,9,2.1,0,6,0.0,Idoso,Detrator,0.1,True,0.062199700685273196
1229,1230,62,Centro-Oeste,117,51230,1360.73,1,7.89,11,10,1,27.89,3,1,8,6.2,0,2,2.9,Idoso,Neutro,0.01,True,0.020496351223240467
1230,1231,58,Centro-Oeste,33,51231,125.78,6,42.94,11,7,1,43.77,1,1,6,4.7,0,4,3.0,Adulto,Detrator,0.34,True,0.3479885514390205
1231,1232,54,Sul,103,51232,238.92,4,28.67,6,9,3,40.98,3,1,11,2.5,0,3,0.0,Adulto,Detrator,0.12,True,0.17152184831742842
1232,1233,34,Sul,88,51233,657.32,2,8.93,8,8,1,48.25,3,1,1,4.5,0,3,7.4,Adulto,Detrator,0.01,True,0.07340412584433761
1233,1234,65,Norte,104,51234,235.09,3,0.25,3,10,2,40.49,2,0,8,4.8,0,4,3.2,Idoso,Detrator,0.0,True,0.17223191118295123
1234,1235,35,Centro-Oeste,84,51235,155.1,5,27.87,6,11,3,35.1,1,3,5,0.0,0,5,1.1,Adulto,,0.18,True,0.22630560928433271
1235,1236,31,Sul,108,51236,544.72,4,13.02,3,12,4,40.15,3,1,0,5.3,0,3,5.1,Adulto,Detrator,0.02,True,0.0737075928917609
1236,1237,33,Sudeste,8,51237,400.55,6,57.85,7,14,1,28.47,3,0,1,9.1,1,2,8.8,Adulto,Promotor,0.14,True,0.07107726875546123
1237,1238,41,Nordeste,46,51238,860.86,6,41.13,5,3,1,16.81,1,0,7,7.4,0,2,4.1,Adulto,Neutro,0.05,True,0.01952698464326371
1238,1239,56,Sudeste,57,51239,573.51,4,5.3,1,13,3,25.77,1,0,1,6.6,0,2,6.0,Adulto,Neutro,0.01,True,0.044933828529581
1239,1240,20,Nordeste,95,51240,528.58,5,64.36,8,12,1,45.03,1,0,4,6.6,0,2,5.8,Jovem Adulto,Neutro,0.12,True,0.08519051042415528
1240,1241,30,Sul,119,51241,453.92,6,7.3,1,5,1,8.82,3,2,1,5.5,0,4,5.5,Jovem Adulto,Detrator,0.02,True,0.01943073669369052
1241,1242,56,Norte,59,51242,349.58,4,55.15,4,7,0,11.21,3,2,5,4.2,0,3,5.3,Adulto,Detrator,0.16,False,0.03206705189084044
1242,1243,38,Norte,12,51243,347.19,3,22.72,8,5,4,40.81,1,1,10,0.2,0,3,0.0,Adulto,Detrator,0.07,True,0.11754370805610762
1243,1244,36,Nordeste,49,51244,665.28,2,2.1,3,11,3,28.25,1,1,3,2.6,0,5,3.9,Adulto,Detrator,0.0,True,0.04246332371332372
1244,1245,33,Sul,63,51245,245.88,5,19.49,5,8,0,50.74,2,2,11,4.7,0,3,0.8,Adulto,Detrator,0.08,False,0.20636082641939157
1245,1246,45,Nordeste,118,51246,204.15,2,23.56,5,13,4,25.72,3,0,8,2.6,0,3,0.8,Adulto,Detrator,0.12,True,0.12598579475875582
1246,1247,22,Sudeste,47,51247,316.46,4,1.07,5,5,1,40.61,3,2,1,2.8,0,5,5.9,Jovem Adulto,Detrator,0.0,True,0.12832585476837516
1247,1248,25,Norte,12,51248,231.77,6,12.91,2,7,3,55.79,3,1,10,4.8,0,5,0.3,Jovem Adulto,Detrator,0.06,True,0.2407127755964965
1248,1249,32,Sul,19,51249,810.51,3,22.57,9,9,1,50.4,3,2,3,3.9,0,8,4.5,Adulto,Detrator,0.03,True,0.062183069918939925
1249,1250,26,Sudeste,104,51250,455.29,6,3.5,6,6,1,41.01,3,2,4,5.9,0,4,2.6,Jovem Adulto,Detrator,0.01,True,0.09007445803773419
1250,1251,35,Nordeste,50,51251,264.52,6,7.37,6,13,3,40.89,3,1,2,5.8,0,5,4.8,Adulto,Detrator,0.03,True,0.15458188416754878
1251,1252,37,Norte,22,51252,190.65,1,26.6,10,2,0,29.47,2,1,5,9.4,1,3,5.6,Adulto,Promotor,0.14,False,0.15457644899029635
1252,1253,53,Sul,32,51253,163.46,4,0.72,8,12,3,47.89,3,2,10,5.3,0,5,0.0,Adulto,Detrator,0.0,True,0.2929768750764713
1253,1254,62,Sudeste,29,51254,791.34,1,11.14,6,8,3,34.48,3,0,0,6.5,0,3,6.6,Idoso,Neutro,0.01,True,0.043571663254732475
1254,1255,61,Nordeste,77,51255,548.28,4,6.97,8,10,4,23.73,2,0,9,1.6,0,5,0.1,Idoso,Detrator,0.01,True,0.04328080542788357
1255,1256,43,Norte,88,51256,903.68,5,0.12,11,9,3,30.17,2,3,7,1.5,0,7,0.2,Adulto,Detrator,0.0,True,0.03338571175637394
1256,1257,19,Centro-Oeste,95,51257,58.63,2,2.52,3,2,1,35.3,2,2,1,6.5,0,3,5.7,Jovem Adulto,Neutro,0.04,True,0.6020808459832849
1257,1258,55,Sudeste,93,51258,220.2,5,10.85,10,10,2,30.35,2,1,0,9.3,1,3,6.7,Adulto,Promotor,0.05,True,0.13782924613987285
1258,1259,23,Centro-Oeste,7,51259,129.37,3,15.75,10,13,1,27.37,3,2,9,5.6,0,5,2.3,Jovem Adulto,Detrator,0.12,True,0.21156373193166886
1259,1260,20,Norte,62,51260,589.07,3,66.27,6,5,1,39.73,1,3,4,5.8,0,7,3.7,Jovem Adulto,Detrator,0.11,True,0.06744529512621589
1260,1261,38,Norte,11,51261,114.59,2,1.45,11,12,0,38.63,2,0,4,6.8,0,0,7.1,Adulto,Neutro,0.01,False,0.33711493149489485
1261,1262,40,Norte,86,51262,172.68,1,39.48,2,10,1,29.51,1,2,6,5.1,0,6,4.3,Adulto,Detrator,0.23,True,0.17089413944869122
1262,1263,43,Sudeste,70,51263,370.23,5,7.61,8,14,1,40.56,1,4,11,1.9,0,6,0.0,Adulto,Detrator,0.02,True,0.10955352078437727
1263,1264,66,Norte,101,51264,124.16,4,63.86,5,14,3,28.93,1,2,2,1.8,0,5,4.2,Idoso,Detrator,0.51,True,0.23300579896907217
1264,1265,39,Sul,73,51265,256.69,5,41.81,11,3,3,27.06,2,0,5,3.6,0,3,3.2,Adulto,Detrator,0.16,True,0.10541898788421832
1265,1266,37,Norte,48,51266,240.5,2,11.92,4,3,1,61.87,2,3,8,3.1,0,8,0.6,Adulto,Detrator,0.05,True,0.2572557172557172
1266,1267,62,Sul,49,51267,37.17,5,52.52,6,9,3,26.22,1,1,8,4.3,0,3,0.4,Idoso,Detrator,1.41,True,0.7054075867635189
1267,1268,47,Centro-Oeste,15,51268,421.96,5,119.39,1,4,1,59.63,1,0,2,0.4,0,2,6.7,Adulto,Detrator,0.28,True,0.1413167124845957
1268,1269,49,Sul,111,51269,652.4,6,12.79,8,3,5,38.21,1,1,8,0.2,0,5,0.0,Adulto,Detrator,0.02,True,0.0585683629675046
1269,1270,65,Nordeste,46,51270,87.36,5,1.62,8,14,1,35.57,2,1,6,6.2,0,5,3.8,Idoso,Neutro,0.02,True,0.4071657509157509
1270,1271,19,Norte,43,51271,97.04,4,2.59,2,12,2,43.71,2,0,2,6.9,0,1,7.1,Jovem Adulto,Neutro,0.03,True,0.4504328112118714
1271,1272,65,Nordeste,6,51272,348.48,3,123.3,6,14,2,46.72,3,1,7,7.0,0,2,3.0,Idoso,Neutro,0.35,True,0.13406795224977042
1272,1273,57,Sul,79,51273,411.73,5,25.22,1,3,2,32.77,2,0,5,5.7,0,4,4.4,Adulto,Detrator,0.06,True,0.07959099409807398
1273,1274,56,Nordeste,110,51274,502.7,3,28.15,4,5,2,22.31,3,2,8,3.1,0,7,0.6,Adulto,Detrator,0.06,True,0.04438034613089317
1274,1275,55,Nordeste,98,51275,1172.8,6,21.18,4,9,1,45.23,1,0,10,5.0,0,3,3.0,Adulto,Detrator,0.02,True,0.03856582537517053
1275,1276,47,Sudeste,45,51276,361.89,4,114.81,5,9,5,51.73,2,0,1,3.7,0,3,3.8,Adulto,Detrator,0.32,True,0.14294398850479428
1276,1277,49,Sudeste,88,51277,273.76,5,37.31,6,9,2,32.09,3,2,8,2.1,0,4,1.6,Adulto,Detrator,0.14,True,0.11721946230274695
1277,1278,44,Sul,29,51278,397.87,4,16.18,1,6,3,34.26,2,1,3,2.3,0,5,5.3,Adulto,Detrator,0.04,True,0.08610852791112675
1278,1279,29,Sul,111,51279,247.62,5,12.71,7,8,0,31.22,2,1,1,8.0,1,1,7.6,Jovem Adulto,Neutro,0.05,False,0.12608028430659882
1279,1280,63,Norte,34,51280,351.85,4,93.53,9,8,0,26.69,3,1,10,10.0,1,2,3.2,Idoso,Promotor,0.27,False,0.07585618871678272
1280,1281,40,Centro-Oeste,70,51281,519.32,5,14.47,1,9,2,15.42,3,0,6,5.3,0,3,3.4,Adulto,Detrator,0.03,True,0.0296926750365863
1281,1282,32,Sul,43,51282,308.77,2,6.1,7,14,3,42.5,2,0,5,4.8,0,4,4.3,Adulto,Detrator,0.02,True,0.13764290572270624
1282,1283,52,Nordeste,116,51283,148.25,5,37.57,8,3,1,29.75,2,2,1,7.0,0,7,5.4,Adulto,Neutro,0.25,True,0.20067453625632378
1283,1284,58,Sul,81,51284,154.68,5,66.43,7,12,4,29.59,1,1,1,3.0,0,4,4.3,Adulto,Detrator,0.43,True,0.1912981639513835
1284,1285,67,Norte,41,51285,419.18,4,69.44,5,2,0,27.62,3,1,3,9.6,1,4,6.8,Idoso,Promotor,0.17,False,0.06589054821317811
1285,1286,60,Nordeste,32,51286,208.34,1,21.13,10,7,2,37.02,2,2,3,6.0,0,4,4.1,Adulto,Detrator,0.1,True,0.1776903139099549
1286,1287,20,Nordeste,32,51287,424.14,3,0.42,3,2,5,26.43,3,2,0,1.4,0,4,1.8,Jovem Adulto,Detrator,0.0,True,0.06231433017399915
1287,1288,32,Nordeste,12,51288,234.09,3,4.68,10,6,5,56.03,3,1,6,0.0,0,3,0.0,Adulto,,0.02,True,0.2393523858345081
1288,1289,22,Sul,46,51289,192.35,1,49.56,9,3,1,60.51,1,1,7,7.7,0,2,3.1,Jovem Adulto,Neutro,0.26,True,0.3145827917858071
1289,1290,45,Sul,25,51290,131.18,3,13.45,8,11,2,24.86,2,2,4,1.6,0,4,3.2,Adulto,Detrator,0.1,True,0.18951059612745844
1290,1291,57,Norte,32,51291,340.1,3,55.26,3,4,3,51.14,1,0,10,4.7,0,2,0.7,Adulto,Detrator,0.16,True,0.15036753895912966
1291,1292,27,Sudeste,16,51292,281.76,4,33.18,11,12,2,19.95,2,3,1,1.8,0,6,4.0,Jovem Adulto,Detrator,0.12,True,0.07080494037478706
1292,1293,63,Centro-Oeste,118,51293,403.59,1,28.73,11,2,2,46.69,3,0,9,4.5,0,2,2.1,Idoso,Detrator,0.07,True,0.11568671176193662
1293,1294,39,Norte,16,51294,1296.25,2,3.05,9,5,4,49.71,1,4,3,0.0,0,7,0.0,Adulto,,0.0,True,0.038349083895853425
1294,1295,20,Centro-Oeste,59,51295,159.86,5,18.96,3,3,4,23.9,3,1,11,0.9,0,4,0.0,Jovem Adulto,Detrator,0.12,True,0.14950581759039158
1295,1296,67,Nordeste,16,51296,727.45,2,10.69,7,10,2,34.21,2,2,7,6.6,0,4,1.0,Idoso,Neutro,0.01,True,0.047027287098769674
1296,1297,56,Norte,94,51297,467.89,3,26.48,2,8,3,46.27,2,0,1,3.0,0,3,7.4,Adulto,Detrator,0.06,True,0.09889076492337943
1297,1298,55,Sudeste,38,51298,90.36,6,19.93,11,14,3,35.35,2,3,5,2.1,0,6,0.0,Adulto,Detrator,0.22,True,0.39121292607348385
1298,1299,53,Sul,35,51299,614.47,4,24.45,2,5,2,33.83,1,1,4,6.1,0,2,4.8,Adulto,Neutro,0.04,True,0.0550555763503507
1299,1300,61,Nordeste,21,51300,247.93,3,13.55,3,4,2,46.58,1,2,4,3.5,0,5,3.2,Idoso,Detrator,0.05,True,0.18787561005122413
1300,1301,19,Centro-Oeste,61,51301,552.92,5,22.51,3,4,1,43.12,3,4,7,4.6,0,6,0.4,Jovem Adulto,Detrator,0.04,True,0.07798596541995226
1301,1302,42,Nordeste,32,51302,427.42,4,14.98,8,6,2,27.84,1,3,7,3.4,0,5,0.7,Adulto,Detrator,0.04,True,0.06513499602264751
1302,1303,55,Nordeste,33,51303,402.01,4,40.75,1,3,0,21.99,3,2,4,7.9,0,3,6.2,Adulto,Neutro,0.1,False,0.05470013183751648
1303,1304,47,Norte,49,51304,241.91,4,2.61,3,12,1,44.05,1,2,6,5.0,0,5,2.6,Adulto,Detrator,0.01,True,0.1820925137447811
1304,1305,23,Sul,35,51305,542.55,3,93.08,9,11,2,29.2,3,2,0,6.2,0,6,5.9,Jovem Adulto,Neutro,0.17,True,0.05381992443092803
1305,1306,32,Norte,55,51306,514.86,1,12.99,7,5,1,32.46,1,2,4,6.6,0,5,4.2,Adulto,Neutro,0.03,True,0.06304626500407878
1306,1307,38,Sul,110,51307,568.47,4,52.27,6,5,0,32.77,1,0,8,6.0,0,0,5.0,Adulto,Detrator,0.09,False,0.057645961968089784
1307,1308,37,Norte,23,51308,662.34,4,33.55,6,7,4,32.87,1,3,8,2.5,0,5,0.0,Adulto,Detrator,0.05,True,0.04962707974756167
1308,1309,30,Sul,42,51309,386.9,6,8.84,1,3,2,33.7,1,2,9,8.0,1,4,0.0,Jovem Adulto,Neutro,0.02,True,0.08710261049366763
1309,1310,28,Sudeste,52,51310,290.3,1,10.93,10,10,3,45.93,2,2,7,4.9,0,7,1.7,Jovem Adulto,Detrator,0.04,True,0.15821563899414398
1310,1311,21,Sul,11,51311,469.05,1,15.06,2,4,1,55.83,1,1,0,8.1,1,3,6.9,Jovem Adulto,Promotor,0.03,True,0.11902782219379597
1311,1312,51,Sudeste,118,51312,264.11,2,32.84,8,2,1,57.2,2,0,0,10.0,1,3,9.3,Adulto,Promotor,0.12,True,0.21657642648896294
1312,1313,31,Norte,102,51313,140.0,4,26.97,4,3,2,34.58,1,2,1,2.9,0,6,4.8,Adulto,Detrator,0.19,True,0.247
1313,1314,55,Sul,2,51314,792.28,4,41.14,4,8,0,50.3,3,2,2,9.2,1,3,5.4,Adulto,Promotor,0.05,False,0.0634876558792346
1314,1315,29,Sudeste,74,51315,281.99,3,75.82,1,7,5,43.62,3,0,2,2.2,0,2,3.0,Jovem Adulto,Detrator,0.27,True,0.15468633639490761
1315,1316,31,Centro-Oeste,113,51316,73.61,4,29.85,3,3,3,43.21,3,1,2,0.0,0,3,4.3,Adulto,,0.41,True,0.5870126341529683
1316,1317,31,Sudeste,29,51317,146.7,1,11.31,11,11,0,42.13,3,3,5,7.2,0,3,3.3,Adulto,Neutro,0.08,False,0.287184730743013
1317,1318,42,Sudeste,119,51318,487.05,1,2.02,6,3,6,33.21,3,2,9,1.2,0,6,0.0,Adulto,Detrator,0.0,True,0.06818601786264245
1318,1319,36,Norte,66,51319,308.59,6,13.33,5,5,5,41.98,3,0,7,4.6,0,4,0.9,Adulto,Detrator,0.04,True,0.13603810881752487
1319,1320,35,Nordeste,65,51320,295.55,5,12.3,2,9,0,32.61,3,1,4,10.0,1,1,6.6,Adulto,Promotor,0.04,False,0.11033666046354254
1320,1321,66,Sudeste,40,51321,606.22,5,13.73,3,6,2,33.7,3,0,8,4.9,0,2,2.8,Idoso,Detrator,0.02,True,0.05559037973013098
1321,1322,29,Sul,110,51322,106.3,5,3.06,7,7,3,41.63,3,4,9,1.7,0,6,0.0,Jovem Adulto,Detrator,0.03,True,0.39162746942615245
1322,1323,20,Norte,59,51323,447.27,1,29.75,8,8,2,21.89,1,2,1,7.7,0,4,6.6,Jovem Adulto,Neutro,0.07,True,0.04894135533346748
1323,1324,54,Sul,37,51324,85.19,2,8.23,1,9,4,43.76,3,0,0,4.8,0,3,5.9,Adulto,Detrator,0.1,True,0.513675314003991
1324,1325,26,Sudeste,5,51325,1002.8,4,57.79,7,7,0,42.37,3,2,2,8.7,1,2,7.7,Jovem Adulto,Promotor,0.06,False,0.04225169525329078
1325,1326,46,Norte,72,51326,287.21,3,17.12,7,12,1,32.45,1,1,3,6.4,0,2,6.0,Adulto,Neutro,0.06,True,0.11298353121409424
1326,1327,45,Nordeste,108,51327,600.7,3,92.51,5,5,3,37.42,3,2,9,2.7,0,7,0.2,Adulto,Detrator,0.15,True,0.06229399034459797
1327,1328,39,Nordeste,113,51328,267.81,1,50.89,7,5,3,41.14,3,1,11,2.1,0,3,0.0,Adulto,Detrator,0.19,True,0.15361636981442067
1328,1329,18,Sul,2,51329,436.62,4,5.01,11,10,0,21.75,2,0,7,7.0,0,0,6.3,,Neutro,0.01,False,0.04981448399065549
1329,1330,29,Norte,118,51330,433.61,4,17.2,11,11,6,45.03,2,0,4,1.6,0,4,1.6,Jovem Adulto,Detrator,0.04,True,0.1038490809713798
1330,1331,21,Sul,32,51331,463.01,2,19.37,3,14,3,46.85,1,1,4,5.5,0,5,1.9,Jovem Adulto,Detrator,0.04,True,0.10118571953089567
1331,1332,41,Nordeste,43,51332,586.65,4,45.95,4,11,2,33.25,3,1,2,4.8,0,6,5.5,Adulto,Detrator,0.08,True,0.05667774652688997
1332,1333,20,Sul,64,51333,1308.05,6,12.29,3,9,1,34.8,2,2,3,7.5,0,5,4.4,Jovem Adulto,Neutro,0.01,True,0.026604487596039905
1333,1334,23,Centro-Oeste,6,51334,698.12,6,4.94,8,14,4,23.75,2,0,0,3.8,0,3,5.0,Jovem Adulto,Detrator,0.01,True,0.034019939265455795
1334,1335,18,Sudeste,49,51335,183.95,6,4.3,9,8,1,28.03,2,0,9,3.3,0,4,3.1,,Detrator,0.02,True,0.1523783636857842
1335,1336,34,Nordeste,23,51336,413.3,5,9.08,7,4,3,31.71,2,1,5,5.3,0,3,1.7,Adulto,Detrator,0.02,True,0.07672392934914106
1336,1337,20,Centro-Oeste,9,51337,106.28,6,9.72,4,3,6,46.73,1,1,7,0.3,0,5,0.0,Jovem Adulto,Detrator,0.09,True,0.43968761761385017
1337,1338,68,Nordeste,1,51338,762.89,4,104.76,4,12,1,48.96,2,2,10,3.0,0,5,1.3,Idoso,Detrator,0.14,True,0.06417701110251806
1338,1339,20,Sudeste,23,51339,372.78,4,5.37,3,11,3,32.85,2,2,3,5.0,0,6,2.4,Jovem Adulto,Detrator,0.01,True,0.08812168034765815
1339,1340,26,Nordeste,54,51340,443.04,1,4.09,1,3,3,42.22,3,1,2,2.7,0,4,4.1,Jovem Adulto,Detrator,0.01,True,0.09529613578909353
1340,1341,35,Nordeste,35,51341,675.9,5,66.49,10,12,4,57.54,2,3,4,0.0,0,6,0.8,Adulto,,0.1,True,0.08513093652907235
1341,1342,50,Norte,27,51342,452.2,1,7.46,11,3,3,26.1,2,2,0,2.8,0,6,3.7,Adulto,Detrator,0.02,True,0.05771782397169394
1342,1343,60,Centro-Oeste,47,51343,1842.3,1,6.68,2,14,4,23.56,3,5,9,0.0,0,7,0.0,Adulto,,0.0,True,0.012788362373120555
1343,1344,43,Sul,3,51344,499.62,1,43.79,4,3,5,47.72,1,1,5,2.2,0,3,1.2,Adulto,Detrator,0.09,True,0.09551258956807174
1344,1345,39,Nordeste,92,51345,280.49,4,53.47,11,5,1,19.68,2,1,11,4.7,0,5,0.6,Adulto,Detrator,0.19,True,0.07016292915968483
1345,1346,18,Sudeste,102,51346,62.54,4,43.26,7,6,2,17.98,3,2,7,2.4,0,5,1.4,,Detrator,0.69,True,0.28749600255836266
1346,1347,36,Nordeste,14,51347,492.2,2,23.28,11,5,1,42.8,1,1,9,6.3,0,4,1.5,Adulto,Neutro,0.05,True,0.08695652173913043
1347,1348,23,Sudeste,25,51348,1511.97,3,40.03,9,4,2,22.27,2,2,2,4.7,0,6,4.5,Jovem Adulto,Detrator,0.03,True,0.014729128223443586
1348,1349,43,Centro-Oeste,49,51349,557.88,6,20.48,11,12,1,38.91,2,1,3,6.7,0,2,4.8,Adulto,Neutro,0.04,True,0.0697461819746182
1349,1350,38,Sul,23,51350,112.19,5,30.19,7,6,4,36.73,1,1,6,2.0,0,7,0.2,Adulto,Detrator,0.27,True,0.32739103306890094
1350,1351,22,Nordeste,98,51351,560.38,3,3.37,9,3,2,29.77,2,3,11,3.2,0,6,0.0,Jovem Adulto,Detrator,0.01,True,0.05312466540561762
1351,1352,35,Sul,51,51352,151.61,4,8.24,11,11,2,34.98,3,3,3,5.7,0,7,4.1,Adulto,Detrator,0.05,True,0.2307235670470285
1352,1353,62,Sul,62,51353,577.56,5,32.7,2,2,0,49.52,3,4,10,6.1,0,5,0.0,Idoso,Neutro,0.06,False,0.08574000969596234
1353,1354,32,Sudeste,7,51354,330.03,4,40.74,5,6,2,48.12,1,3,5,2.9,0,6,1.2,Adulto,Detrator,0.12,True,0.14580492682483412
1354,1355,37,Nordeste,87,51355,105.56,3,6.11,5,5,2,38.35,2,1,10,5.2,0,5,1.2,Adulto,Detrator,0.06,True,0.36330049261083747
1355,1356,65,Norte,53,51356,438.07,5,20.56,10,2,3,40.28,3,0,6,1.2,0,3,3.3,Idoso,Detrator,0.05,True,0.09194877530988199
1356,1357,45,Nordeste,60,51357,138.4,4,7.14,11,8,2,34.64,1,0,7,7.9,0,1,2.7,Adulto,Neutro,0.05,True,0.2502890173410405
1357,1358,54,Norte,33,51358,213.36,5,48.83,1,5,1,30.73,3,0,11,6.2,0,2,2.5,Adulto,Neutro,0.23,True,0.14402887139107612
1358,1359,68,Norte,92,51359,736.84,4,16.38,3,13,1,39.05,3,6,3,4.7,0,10,0.5,Idoso,Detrator,0.02,True,0.05299657999022854
1359,1360,26,Centro-Oeste,20,51360,494.51,5,38.9,1,3,1,33.93,3,1,1,10.0,1,4,7.2,Jovem Adulto,Promotor,0.08,True,0.06861337485591798
1360,1361,43,Centro-Oeste,37,51361,225.62,2,47.2,2,13,0,36.32,1,1,6,6.0,0,2,5.3,Adulto,Detrator,0.21,False,0.16097863664568743
1361,1362,37,Norte,2,51362,659.61,3,133.51,2,13,1,51.86,2,2,6,5.6,0,7,2.9,Adulto,Detrator,0.2,True,0.07862221615803278
1362,1363,60,Nordeste,95,51363,55.61,2,26.26,3,14,3,20.22,1,2,5,3.5,0,4,1.5,Adulto,Detrator,0.47,True,0.3636036684049631
1363,1364,24,Centro-Oeste,35,51364,68.85,1,140.73,9,13,0,43.23,3,0,4,9.8,1,1,7.5,Jovem Adulto,Promotor,2.04,False,0.6278867102396514
1364,1365,68,Centro-Oeste,88,51365,120.15,2,0.52,8,14,1,62.59,3,0,5,7.3,0,1,6.9,Idoso,Neutro,0.0,True,0.5209321681231793
1365,1366,26,Centro-Oeste,54,51366,298.62,4,15.57,7,3,1,47.83,3,0,9,3.7,0,2,3.6,Jovem Adulto,Detrator,0.05,True,0.16017011586631838
1366,1367,50,Sudeste,49,51367,266.59,2,18.44,9,6,0,34.51,2,2,2,7.3,0,3,6.6,Adulto,Neutro,0.07,False,0.12944971679357817
1367,1368,39,Norte,4,51368,346.08,2,27.88,7,4,6,26.5,3,1,11,1.5,0,3,0.0,Adulto,Detrator,0.08,True,0.07657189089227924
1368,1369,18,Nordeste,69,51369,383.81,5,3.05,5,10,1,34.43,3,1,10,6.2,0,3,1.8,,Neutro,0.01,True,0.08970584403741434
1369,1370,25,Centro-Oeste,17,51370,181.95,3,23.26,11,10,2,36.43,1,1,1,7.9,0,5,6.4,Jovem Adulto,Neutro,0.13,True,0.20021984061555373
1370,1371,67,Sudeste,88,51371,468.76,6,19.97,4,8,4,38.39,2,2,11,0.0,0,5,0.0,Idoso,,0.04,True,0.08189691953238332
1371,1372,51,Nordeste,74,51372,551.6,2,16.95,3,12,3,37.63,3,2,8,2.3,0,5,0.0,Adulto,Detrator,0.03,True,0.06821972443799855
1372,1373,65,Nordeste,51,51373,269.6,6,12.18,1,5,2,34.11,2,1,9,3.1,0,3,1.7,Idoso,Detrator,0.05,True,0.12652077151335311
1373,1374,56,Nordeste,78,51374,186.08,1,9.96,9,3,0,45.79,3,4,3,5.4,0,7,3.6,Adulto,Detrator,0.05,False,0.24607695614789335
1374,1375,42,Nordeste,81,51375,431.58,1,23.33,7,4,3,42.27,3,1,7,2.6,0,5,3.0,Adulto,Detrator,0.05,True,0.09794244404281942
1375,1376,50,Nordeste,19,51376,398.64,1,17.47,1,10,2,40.05,2,2,10,0.8,0,7,0.7,Adulto,Detrator,0.04,True,0.1004665863937387
1376,1377,26,Centro-Oeste,89,51377,845.79,2,4.21,3,9,2,46.93,2,0,2,4.1,0,2,6.6,Jovem Adulto,Detrator,0.0,True,0.05548658650492439
1377,1378,61,Sudeste,107,51378,293.23,1,3.12,4,5,2,37.16,2,2,9,4.7,0,7,0.1,Idoso,Detrator,0.01,True,0.1267264604576612
1378,1379,61,Nordeste,63,51379,333.16,2,20.68,4,5,2,54.76,3,1,3,6.0,0,3,4.9,Idoso,Detrator,0.06,True,0.1643654700444231
1379,1380,66,Nordeste,57,51380,74.87,2,23.68,8,10,0,34.17,3,0,6,5.9,0,1,5.6,Idoso,Detrator,0.32,False,0.4563910778683051
1380,1381,34,Norte,13,51381,1036.63,6,34.79,6,3,3,45.96,1,0,5,5.2,0,3,3.0,Adulto,Detrator,0.03,True,0.04433597329809093
1381,1382,28,Sul,9,51382,754.71,3,46.16,10,7,0,56.69,1,3,9,2.5,0,4,0.6,Jovem Adulto,Detrator,0.06,False,0.07511494481323952
1382,1383,36,Nordeste,5,51383,357.08,2,5.38,8,12,1,59.96,1,3,6,6.4,0,6,2.4,Adulto,Neutro,0.02,True,0.16791755348941415
1383,1384,39,Sudeste,42,51384,58.0,3,7.64,2,2,2,47.46,2,1,2,3.4,0,4,5.8,Adulto,Detrator,0.13,True,0.8182758620689655
1384,1385,26,Norte,17,51385,273.42,3,26.7,2,7,1,41.2,2,0,6,7.0,0,1,5.1,Jovem Adulto,Neutro,0.1,True,0.1506839294857728
1385,1386,27,Nordeste,3,51386,699.7,1,17.16,7,13,4,46.93,1,0,8,2.7,0,4,1.6,Jovem Adulto,Detrator,0.02,True,0.06707160211519222
1386,1387,42,Sul,76,51387,186.9,5,32.75,1,7,5,55.3,1,0,8,1.9,0,2,0.0,Adulto,Detrator,0.18,True,0.2958801498127341
1387,1388,38,Sul,106,51388,490.3,5,65.72,6,5,1,22.58,2,3,8,4.2,0,5,0.6,Adulto,Detrator,0.13,True,0.046053436671425654
1388,1389,28,Sul,46,51389,489.61,1,17.65,10,14,1,30.82,3,1,3,8.9,1,2,5.3,Jovem Adulto,Promotor,0.04,True,0.06294806070137456
1389,1390,37,Norte,54,51390,1463.84,5,16.9,7,3,3,26.05,3,2,0,3.4,0,4,4.8,Adulto,Detrator,0.01,True,0.01779566072794841
1390,1391,29,Norte,108,51391,800.38,5,44.6,2,2,3,45.79,2,3,11,1.0,0,5,0.0,Jovem Adulto,Detrator,0.06,True,0.0572103250955796
1391,1392,56,Sudeste,20,51392,321.25,4,18.22,3,6,3,62.65,3,1,6,1.2,0,4,2.4,Adulto,Detrator,0.06,True,0.19501945525291828
1392,1393,67,Norte,102,51393,525.26,4,3.34,11,8,3,13.24,1,1,11,3.4,0,3,0.0,Idoso,Detrator,0.01,True,0.025206564368122453
1393,1394,32,Sudeste,22,51394,273.73,2,72.29,11,3,0,23.09,1,4,3,6.1,0,6,4.6,Adulto,Neutro,0.26,False,0.08435319475395463
1394,1395,23,Sul,42,51395,746.51,3,11.48,9,9,4,46.99,2,2,9,0.0,0,5,0.0,Jovem Adulto,,0.02,True,0.062946243184954
1395,1396,34,Centro-Oeste,79,51396,377.55,5,26.08,2,12,4,16.02,2,1,2,1.7,0,5,4.4,Adulto,Detrator,0.07,True,0.04243146603098927
1396,1397,22,Sul,40,51397,437.56,4,22.68,6,12,3,31.6,1,1,11,3.9,0,3,0.0,Jovem Adulto,Detrator,0.05,True,0.07221866715421885
1397,1398,32,Norte,55,51398,477.09,3,31.47,5,9,2,50.05,1,3,8,1.9,0,6,0.7,Adulto,Detrator,0.07,True,0.10490683099624809
1398,1399,49,Nordeste,7,51399,94.23,1,21.63,3,7,1,58.3,3,1,11,3.9,0,3,0.8,Adulto,Detrator,0.23,True,0.6186989281545154
1399,1400,65,Norte,69,51400,233.71,4,160.42,6,12,2,36.9,1,0,6,7.2,0,1,4.0,Idoso,Neutro,0.69,True,0.15788798083094432
1400,1401,68,Sudeste,65,51401,144.49,3,96.15,10,6,3,42.59,1,0,6,4.1,0,3,2.8,Idoso,Detrator,0.67,True,0.2947608831060973
1401,1402,20,Centro-Oeste,80,51402,602.13,5,2.9,11,4,2,25.08,1,0,1,4.2,0,3,7.9,Jovem Adulto,Detrator,0.0,True,0.04165213492103034
1402,1403,20,Norte,60,51403,179.58,1,76.07,5,3,2,34.17,3,3,8,1.9,0,5,0.1,Jovem Adulto,Detrator,0.42,True,0.19027731373204143
1403,1404,32,Norte,74,51404,412.37,3,14.43,8,5,1,40.51,1,1,4,7.9,0,4,5.0,Adulto,Neutro,0.03,True,0.09823702015180541
1404,1405,65,Nordeste,104,51405,68.2,6,197.6,3,7,1,26.64,3,1,2,8.1,1,2,7.1,Idoso,Promotor,2.9,True,0.3906158357771261
1405,1406,49,Sul,65,51406,194.45,4,72.38,2,3,3,31.22,1,4,10,0.0,0,6,0.0,Adulto,,0.37,True,0.1605554127024942
1406,1407,25,Sudeste,99,51407,74.8,1,14.54,2,9,3,24.86,2,0,8,4.2,0,3,1.9,Jovem Adulto,Detrator,0.19,True,0.3323529411764706
1407,1408,23,Sudeste,14,51408,99.21,4,12.41,9,11,3,45.7,3,0,6,7.4,0,1,2.9,Jovem Adulto,Neutro,0.13,True,0.4606390484830159
1408,1409,22,Sudeste,34,51409,199.75,2,17.43,3,9,1,46.04,3,0,6,4.7,0,2,4.7,Jovem Adulto,Detrator,0.09,True,0.2304881101376721
1409,1410,64,Sul,47,51410,107.16,6,1.39,6,13,3,27.14,3,1,11,5.1,0,3,0.0,Idoso,Detrator,0.01,True,0.2532661440836133
1410,1411,33,Norte,108,51411,271.42,2,46.12,9,11,4,18.8,3,2,7,0.4,0,7,0.0,Adulto,Detrator,0.17,True,0.06926534522142805
1411,1412,63,Centro-Oeste,16,51412,314.4,6,17.94,3,14,1,43.41,2,3,4,4.3,0,7,3.1,Idoso,Detrator,0.06,True,0.13807251908396947
1412,1413,34,Centro-Oeste,110,51413,381.05,3,5.4,6,10,3,48.09,1,2,0,6.1,0,4,4.8,Adulto,Neutro,0.01,True,0.12620391024799896
1413,1414,56,Nordeste,75,51414,504.77,5,47.68,3,12,4,27.05,3,1,2,5.3,0,5,3.5,Adulto,Detrator,0.09,True,0.05358876319908077
1414,1415,22,Sudeste,22,51415,309.22,6,0.33,11,11,2,31.38,1,3,0,3.4,0,6,5.6,Jovem Adulto,Detrator,0.0,True,0.10148114610956599
1415,1416,41,Norte,26,51416,560.4,5,18.52,10,2,4,37.7,2,1,9,1.2,0,4,0.0,Adulto,Detrator,0.03,True,0.06727337615988581
1416,1417,44,Nordeste,8,51417,220.46,4,23.75,8,10,1,46.25,3,2,1,4.0,0,5,5.8,Adulto,Detrator,0.11,True,0.20978862378662796
1417,1418,42,Sul,110,51418,85.18,6,17.14,4,9,2,36.32,2,5,6,0.0,0,7,0.0,Adulto,,0.2,True,0.4263911716365344
1418,1419,38,Sul,8,51419,702.2,3,4.21,6,5,1,38.38,2,2,2,3.4,0,7,5.6,Adulto,Detrator,0.01,True,0.05465679293648533
1419,1420,63,Nordeste,7,51420,54.96,3,7.99,7,6,3,48.07,1,0,6,5.2,0,3,2.8,Idoso,Detrator,0.15,True,0.8746360989810772
1420,1421,25,Nordeste,61,51421,225.31,3,9.02,7,14,0,40.69,1,2,4,9.4,1,4,5.6,Jovem Adulto,Promotor,0.04,False,0.18059562380719896
1421,1422,63,Sul,103,51422,222.54,2,63.18,2,8,2,19.64,2,2,5,3.5,0,5,2.3,Idoso,Detrator,0.28,True,0.08825379707018964
1422,1423,51,Centro-Oeste,40,51423,369.2,4,21.99,6,7,6,41.88,3,3,7,0.0,0,8,0.0,Adulto,,0.06,True,0.1134344528710726
1423,1424,32,Centro-Oeste,2,51424,157.16,4,41.93,5,4,1,44.17,1,1,5,6.8,0,3,5.5,Adulto,Neutro,0.27,True,0.28105115805548486
1424,1425,52,Sudeste,29,51425,661.76,1,18.87,11,13,0,60.04,1,2,3,8.4,1,3,5.0,Adulto,Promotor,0.03,False,0.09072775628626692
1425,1426,43,Centro-Oeste,25,51426,502.31,2,19.56,5,7,3,40.43,3,3,1,0.8,0,6,3.5,Adulto,Detrator,0.04,True,0.08048814477115725
1426,1427,53,Sul,83,51427,246.89,3,68.36,10,2,1,56.74,2,0,9,4.2,0,4,4.1,Adulto,Detrator,0.28,True,0.22981894770950628
1427,1428,51,Sudeste,37,51428,591.29,5,32.86,4,9,2,55.76,3,1,11,3.6,0,3,0.4,Adulto,Detrator,0.06,True,0.09430228821728763
1428,1429,52,Nordeste,112,51429,204.45,6,1.19,4,14,2,35.5,2,1,1,8.0,1,4,6.5,Adulto,Neutro,0.01,True,0.173636585962338
1429,1430,32,Sudeste,16,51430,868.25,1,4.04,11,8,1,37.17,2,0,0,7.1,0,2,8.1,Adulto,Neutro,0.0,True,0.042810250503887134
1430,1431,20,Sudeste,68,51431,359.73,3,14.05,9,3,1,65.13,3,3,11,3.9,0,6,0.0,Jovem Adulto,Detrator,0.04,True,0.18105245600867315
1431,1432,58,Centro-Oeste,26,51432,414.43,2,35.55,6,11,0,32.31,1,1,10,7.5,0,1,3.4,Adulto,Neutro,0.09,False,0.07796250271457182
1432,1433,26,Sul,1,51433,196.28,4,16.38,7,12,3,23.0,1,1,11,4.0,0,4,0.0,Jovem Adulto,Detrator,0.08,True,0.1171795394334624
1433,1434,53,Norte,117,51434,416.24,6,32.2,4,3,1,43.04,1,1,6,4.2,0,7,4.9,Adulto,Detrator,0.08,True,0.10340188352873342
1434,1435,69,Nordeste,28,51435,764.79,6,27.85,1,3,1,49.9,1,3,9,6.8,0,4,0.9,Idoso,Neutro,0.04,True,0.06524666902025393
1435,1436,60,Sul,25,51436,252.85,4,1.99,11,8,2,24.37,2,1,9,4.1,0,4,0.8,Adulto,Detrator,0.01,True,0.09638125370773186
1436,1437,43,Sudeste,33,51437,560.69,4,60.52,6,4,7,70.98,3,2,7,0.2,0,8,0.0,Adulto,Detrator,0.11,True,0.12659401808485973
1437,1438,27,Centro-Oeste,70,51438,323.7,1,1.81,10,4,0,49.08,3,5,3,4.1,0,8,2.7,Jovem Adulto,Detrator,0.01,False,0.15162187210379982
1438,1439,47,Sudeste,86,51439,180.27,6,0.28,8,11,1,33.55,3,1,1,5.3,0,4,7.8,Adulto,Detrator,0.0,True,0.18610972430243522
1439,1440,59,Sudeste,24,51440,48.24,6,15.61,9,13,3,34.29,3,1,8,1.1,0,3,0.0,Adulto,Detrator,0.32,True,0.710820895522388
1440,1441,53,Centro-Oeste,69,51441,362.46,4,5.46,4,3,5,18.89,3,0,9,3.5,0,3,0.0,Adulto,Detrator,0.02,True,0.05211609556916626
1441,1442,34,Sudeste,61,51442,94.49,3,3.7,7,11,1,63.15,1,3,11,0.0,0,7,0.0,Adulto,,0.04,True,0.6683246904434332
1442,1443,42,Centro-Oeste,85,51443,239.77,5,65.11,10,4,2,44.37,1,1,3,2.4,0,4,5.6,Adulto,Detrator,0.27,True,0.18505234182758476
1443,1444,28,Norte,112,51444,448.35,5,5.93,3,5,1,35.76,1,1,10,5.3,0,3,0.7,Jovem Adulto,Detrator,0.01,True,0.07975911676145868
1444,1445,64,Nordeste,111,51445,490.0,5,28.7,7,8,1,42.94,3,1,4,0.1,0,5,4.8,Idoso,Detrator,0.06,True,0.08763265306122449
1445,1446,48,Sudeste,47,51446,245.86,2,13.17,5,9,0,21.03,1,1,2,5.8,0,3,8.4,Adulto,Detrator,0.05,False,0.08553648417798747
1446,1447,29,Nordeste,26,51447,493.02,4,11.28,2,3,4,38.63,1,1,2,2.0,0,3,4.5,Jovem Adulto,Detrator,0.02,True,0.07835381931767475
1447,1448,42,Nordeste,107,51448,435.57,4,85.36,10,3,1,43.82,3,1,7,6.8,0,4,3.7,Adulto,Neutro,0.2,True,0.10060380650641688
1448,1449,43,Norte,109,51449,324.93,6,0.36,11,10,4,11.57,1,1,0,5.2,0,4,4.9,Adulto,Detrator,0.0,True,0.03560766934416643
1449,1450,56,Nordeste,93,51450,751.01,1,20.08,5,6,2,50.99,3,1,0,3.7,0,5,6.6,Adulto,Detrator,0.03,True,0.0678952344176509
1450,1451,30,Sul,53,51451,1262.26,6,7.92,4,12,2,29.41,1,1,4,2.6,0,3,4.5,Jovem Adulto,Detrator,0.01,True,0.023299478712785007
1451,1452,47,Norte,106,51452,138.62,4,4.05,3,7,3,31.24,3,0,10,4.1,0,2,0.0,Adulto,Detrator,0.03,True,0.2253643052950512
1452,1453,20,Centro-Oeste,82,51453,270.85,4,66.21,10,6,2,50.27,3,1,9,7.5,0,3,1.2,Jovem Adulto,Neutro,0.24,True,0.18560088609931696
1453,1454,48,Centro-Oeste,116,51454,454.45,1,15.58,8,8,3,32.91,2,2,5,6.2,0,5,2.0,Adulto,Neutro,0.03,True,0.07241720761359885
1454,1455,38,Sudeste,30,51455,465.63,5,11.2,3,7,1,37.46,3,1,5,3.2,0,3,5.2,Adulto,Detrator,0.02,True,0.08045014281725835
1455,1456,63,Sul,113,51456,288.19,6,25.26,10,13,0,34.68,3,2,6,8.7,1,3,4.4,Idoso,Promotor,0.09,False,0.12033727749054443
1456,1457,52,Norte,35,51457,250.99,3,1.29,1,4,4,38.52,1,1,10,1.1,0,4,0.0,Adulto,Detrator,0.01,True,0.1534722498904339
1457,1458,46,Sul,20,51458,585.77,5,48.92,8,14,3,40.15,1,2,10,3.0,0,5,0.0,Adulto,Detrator,0.08,True,0.06854226061423425
1458,1459,30,Norte,33,51459,450.21,2,12.47,1,8,2,38.85,3,1,4,5.6,0,3,3.4,Jovem Adulto,Detrator,0.03,True,0.086293063237156
1459,1460,47,Centro-Oeste,70,51460,778.49,2,12.21,9,4,3,35.92,3,0,11,6.3,0,1,0.0,Adulto,Neutro,0.02,True,0.0461406055312207
1460,1461,23,Nordeste,66,51461,302.48,1,40.62,11,6,1,43.64,3,1,0,3.7,0,3,6.0,Jovem Adulto,Detrator,0.13,True,0.14427400158688178
1461,1462,28,Sul,21,51462,644.59,5,48.61,7,9,0,22.86,2,1,8,6.6,0,1,3.7,Jovem Adulto,Neutro,0.08,False,0.03546440372950247
1462,1463,28,Sudeste,87,51463,143.26,6,49.8,7,9,2,21.84,1,1,4,5.7,0,4,3.6,Jovem Adulto,Detrator,0.35,True,0.15245009074410165
1463,1464,21,Sul,52,51464,455.0,1,34.0,11,12,2,24.57,3,1,8,3.6,0,3,1.2,Jovem Adulto,Detrator,0.07,True,0.054
1464,1465,67,Norte,83,51465,106.93,4,31.03,10,13,1,28.97,1,1,3,8.7,1,3,5.7,Idoso,Promotor,0.29,True,0.2709249041428972
1465,1466,39,Centro-Oeste,99,51466,1008.07,5,37.41,7,8,1,32.72,2,1,0,5.5,0,4,7.1,Adulto,Detrator,0.04,True,0.032458063428134946
1466,1467,51,Sudeste,15,51467,1070.81,3,68.36,10,4,2,32.49,3,2,11,5.8,0,5,0.0,Adulto,Detrator,0.06,True,0.030341517169245713
1467,1468,47,Sudeste,48,51468,263.98,4,34.02,6,11,4,61.51,3,1,10,0.8,0,4,0.0,Adulto,Detrator,0.13,True,0.23301007652094854
1468,1469,22,Sudeste,32,51469,192.77,6,27.24,11,11,2,31.48,3,4,1,2.2,0,6,4.5,Jovem Adulto,Detrator,0.14,True,0.1633034185817295
1469,1470,48,Sul,89,51470,349.87,5,10.05,4,12,1,35.87,2,1,9,8.3,1,3,2.7,Adulto,Promotor,0.03,True,0.10252379455226227
1470,1471,45,Sul,35,51471,543.54,2,5.04,6,9,5,43.56,2,0,3,1.4,0,4,2.7,Adulto,Detrator,0.01,True,0.08014129594878022
1471,1472,48,Norte,80,51472,234.17,1,42.49,11,5,1,40.51,3,1,7,8.0,1,2,2.8,Adulto,Neutro,0.18,True,0.1729939787333988
1472,1473,40,Nordeste,48,51473,655.41,3,41.85,10,6,4,28.99,2,2,2,3.3,0,4,2.9,Adulto,Detrator,0.06,True,0.04423185486947102
1473,1474,20,Sudeste,11,51474,251.16,6,16.08,1,11,2,59.45,3,2,0,5.6,0,5,5.8,Jovem Adulto,Detrator,0.06,True,0.23670170409300845
1474,1475,52,Sudeste,76,51475,415.49,1,0.8,5,6,3,50.8,1,0,8,2.4,0,4,2.1,Adulto,Detrator,0.0,True,0.12226527714265084
1475,1476,38,Nordeste,111,51476,585.43,3,18.34,11,6,3,44.05,2,0,11,3.1,0,3,0.9,Adulto,Detrator,0.03,True,0.07524383786276755
1476,1477,38,Centro-Oeste,19,51477,115.59,5,41.51,4,6,3,49.34,3,1,4,4.0,0,3,3.0,Adulto,Detrator,0.36,True,0.4268535340427373
1477,1478,27,Sul,52,51478,53.36,1,28.02,5,10,1,43.76,3,1,1,6.4,0,2,6.4,Jovem Adulto,Neutro,0.53,True,0.8200899550224887
1478,1479,29,Sudeste,112,51479,235.41,2,15.46,2,6,3,50.47,2,0,8,3.3,0,4,1.5,Jovem Adulto,Detrator,0.07,True,0.2143919119833482
1479,1480,44,Norte,118,51480,427.64,1,0.34,3,10,2,45.33,3,2,10,6.1,0,5,0.9,Adulto,Neutro,0.0,True,0.10600037414647835
1480,1481,54,Sul,12,51481,115.02,3,80.58,7,9,1,37.96,2,0,7,4.0,0,3,3.8,Adulto,Detrator,0.7,True,0.33002956007650847
1481,1482,29,Sudeste,101,51482,87.28,1,13.01,4,13,4,31.42,1,3,3,1.8,0,7,2.1,Jovem Adulto,Detrator,0.15,True,0.3599908340971586
1482,1483,40,Nordeste,26,51483,211.81,3,6.76,8,8,1,26.44,3,0,6,9.5,1,2,4.2,Adulto,Promotor,0.03,True,0.12482885605023371
1483,1484,39,Norte,49,51484,387.3,4,10.41,11,4,4,28.6,3,5,8,0.0,0,7,0.0,Adulto,,0.03,True,0.07384456493674155
1484,1485,40,Norte,56,51485,98.69,4,15.38,11,10,2,45.74,1,2,8,0.9,0,7,0.5,Adulto,Detrator,0.16,True,0.46347147634005476
1485,1486,40,Sul,40,51486,298.99,3,4.58,9,7,2,24.98,1,3,5,2.9,0,5,2.0,Adulto,Detrator,0.02,True,0.08354794474731596
1486,1487,32,Sudeste,80,51487,401.35,6,102.81,8,10,4,51.3,3,0,9,5.8,0,3,0.0,Adulto,Detrator,0.26,True,0.12781861218387938
1487,1488,43,Sudeste,6,51488,156.64,1,31.41,4,12,1,68.18,3,4,0,3.5,0,6,5.2,Adulto,Detrator,0.2,True,0.4352655771195098
1488,1489,45,Norte,100,51489,634.33,1,7.76,4,13,1,43.16,3,0,11,8.1,1,1,3.1,Adulto,Promotor,0.01,True,0.06804029448394368
1489,1490,30,Nordeste,101,51490,102.23,5,22.56,5,5,3,28.58,1,0,0,6.6,0,2,7.9,Jovem Adulto,Neutro,0.22,True,0.27956568521960284
1490,1491,52,Sudeste,59,51491,383.99,2,11.63,4,9,1,49.46,3,0,4,9.3,1,1,6.2,Adulto,Promotor,0.03,True,0.12880543764160524
1491,1492,54,Nordeste,3,51492,1146.7,5,36.39,6,11,1,23.64,2,4,7,2.7,0,6,0.5,Adulto,Detrator,0.03,True,0.020615679776750676
1492,1493,61,Nordeste,17,51493,278.54,1,30.87,7,10,3,36.72,2,2,7,5.2,0,5,1.1,Idoso,Detrator,0.11,True,0.13183025777267177
1493,1494,55,Sudeste,114,51494,395.99,5,1.23,5,9,2,40.41,2,1,8,5.1,0,5,2.9,Adulto,Detrator,0.0,True,0.10204803151594737
1494,1495,21,Nordeste,10,51495,891.78,6,4.0,9,10,0,14.96,1,1,1,9.6,1,1,8.4,Jovem Adulto,Promotor,0.0,False,0.016775437888268407
1495,1496,31,Sul,102,51496,136.43,1,16.92,1,2,4,39.46,3,0,8,1.8,0,3,0.5,Adulto,Detrator,0.12,True,0.289232573480906
1496,1497,64,Sudeste,12,51497,344.26,5,26.39,10,8,4,34.14,2,4,7,0.0,0,7,0.0,Idoso,,0.08,True,0.09916923255678847
1497,1498,54,Sudeste,47,51498,338.2,2,19.02,3,3,1,41.31,3,2,0,7.7,0,4,6.8,Adulto,Neutro,0.06,True,0.12214665878178593
1498,1499,25,Centro-Oeste,68,51499,672.84,1,39.5,4,6,2,25.88,2,0,7,6.9,0,1,4.4,Jovem Adulto,Neutro,0.06,True,0.03846382498067891
1499,1500,51,Sudeste,82,51500,411.08,5,26.7,5,8,1,52.95,1,2,2,3.7,0,5,5.4,Adulto,Detrator,0.06,True,0.12880704485744868
1500,1501,19,Norte,18,51501,507.76,2,39.16,10,5,1,41.88,3,2,5,4.6,0,6,3.7,Jovem Adulto,Detrator,0.08,True,0.08247991176933986
1501,1502,25,Norte,34,51502,372.06,2,1.21,10,11,1,35.07,1,0,10,8.8,1,1,1.9,Jovem Adulto,Promotor,0.0,True,0.09425899048540558
1502,1503,42,Nordeste,32,51503,398.1,2,38.72,1,8,1,65.16,2,0,5,7.2,0,2,5.5,Adulto,Neutro,0.1,True,0.1636774679728711
1503,1504,44,Sudeste,86,51504,206.08,1,34.26,11,6,2,23.38,3,1,8,5.0,0,3,1.5,Adulto,Detrator,0.17,True,0.11345108695652173
1504,1505,28,Sudeste,47,51505,255.69,3,4.34,10,4,3,45.43,2,4,0,2.1,0,8,2.5,Jovem Adulto,Detrator,0.02,True,0.1776760921428292
1505,1506,34,Sul,25,51506,384.22,6,10.71,6,7,2,17.16,3,2,6,3.5,0,4,1.0,Adulto,Detrator,0.03,True,0.04466191244599448
1506,1507,47,Sul,110,51507,273.91,5,5.82,3,9,1,43.3,2,2,6,6.6,0,5,3.2,Adulto,Neutro,0.02,True,0.15808112153627102
1507,1508,68,Sudeste,33,51508,132.71,2,42.15,3,4,4,45.22,1,2,8,0.1,0,5,0.0,Idoso,Detrator,0.32,True,0.340742973400648
1508,1509,55,Centro-Oeste,14,51509,230.48,6,15.3,5,13,2,15.72,2,2,4,3.4,0,4,4.2,Adulto,Detrator,0.07,True,0.06820548420687261
1509,1510,27,Nordeste,115,51510,704.45,6,2.81,7,6,0,33.35,1,4,5,2.9,0,6,2.9,Jovem Adulto,Detrator,0.0,False,0.047341897934558876
1510,1511,51,Norte,113,51511,217.88,6,63.54,2,11,5,46.34,1,2,6,0.0,0,8,0.0,Adulto,,0.29,True,0.21268588213695613
1511,1512,32,Sul,58,51512,375.46,6,10.18,1,8,3,26.92,1,0,10,1.3,0,5,1.1,Adulto,Detrator,0.03,True,0.07169871624141054
1512,1513,39,Sul,34,51513,219.83,2,51.71,3,12,6,30.04,2,0,5,1.9,0,3,0.5,Adulto,Detrator,0.24,True,0.13665104853750623
1513,1514,42,Nordeste,48,51514,253.67,3,11.0,9,14,4,51.28,1,3,4,1.8,0,6,0.0,Adulto,Detrator,0.04,True,0.20215240272795365
1514,1515,31,Norte,4,51515,440.81,5,13.03,4,8,2,44.41,1,1,3,4.5,0,3,5.2,Adulto,Detrator,0.03,True,0.10074635330414464
1515,1516,42,Nordeste,24,51516,381.68,3,3.5,9,3,4,55.32,3,0,2,3.5,0,3,4.0,Adulto,Detrator,0.01,True,0.14493816809893104
1516,1517,62,Norte,105,51517,469.56,6,20.72,7,7,3,23.79,1,2,6,2.7,0,5,1.2,Idoso,Detrator,0.04,True,0.050664451827242524
1517,1518,34,Norte,90,51518,111.53,4,40.19,9,8,3,28.38,3,1,2,2.3,0,3,4.6,Adulto,Detrator,0.36,True,0.2544606832242446
1518,1519,60,Norte,58,51519,115.9,4,74.51,3,5,1,29.78,3,0,1,5.7,0,5,8.8,Adulto,Detrator,0.64,True,0.25694564279551335
1519,1520,19,Sudeste,113,51520,198.1,3,3.57,1,2,1,31.99,3,2,10,6.6,0,4,1.3,Jovem Adulto,Neutro,0.02,True,0.16148409893992932
1520,1521,46,Norte,88,51521,866.71,6,48.85,1,5,4,43.48,3,0,4,2.6,0,6,3.1,Adulto,Detrator,0.06,True,0.05016672243310911
1521,1522,38,Sudeste,85,51522,453.73,4,8.69,1,6,5,15.44,2,1,8,0.0,0,6,0.0,Adulto,,0.02,True,0.03402904811231349
1522,1523,65,Norte,51,51523,267.38,3,32.21,3,2,1,36.99,1,2,3,4.4,0,6,3.2,Idoso,Detrator,0.12,True,0.13834243398907922
1523,1524,19,Centro-Oeste,36,51524,232.29,3,16.87,6,13,2,44.73,1,2,0,6.3,0,4,5.4,Jovem Adulto,Neutro,0.07,True,0.19256102285935683
1524,1525,69,Sul,96,51525,262.47,1,28.2,5,2,2,31.43,2,1,3,6.0,0,3,4.6,Idoso,Detrator,0.11,True,0.11974701870689983
1525,1526,49,Centro-Oeste,89,51526,14.58,3,2.02,3,14,1,48.92,1,3,2,0.0,0,6,4.1,Adulto,,0.14,True,3.355281207133059
1526,1527,25,Norte,56,51527,312.04,3,9.09,6,7,0,12.04,3,0,4,10.0,1,2,7.4,Jovem Adulto,Promotor,0.03,False,0.03858479682092039
1527,1528,53,Sudeste,43,51528,525.0,1,8.5,2,7,3,35.24,3,2,10,0.0,0,7,0.0,Adulto,,0.02,True,0.06712380952380953
1528,1529,44,Nordeste,18,51529,268.09,4,13.46,8,7,3,29.51,2,3,11,0.9,0,7,0.0,Adulto,Detrator,0.05,True,0.11007497482188819
1529,1530,44,Sudeste,80,51530,404.4,2,12.49,10,5,5,25.46,2,1,10,0.7,0,4,0.0,Adulto,Detrator,0.03,True,0.0629574678536103
1530,1531,59,Norte,80,51531,427.38,2,11.99,9,12,4,33.5,1,2,11,1.8,0,4,0.0,Adulto,Detrator,0.03,True,0.07838457578735551
1531,1532,40,Centro-Oeste,34,51532,595.57,4,3.81,9,14,3,43.9,1,1,6,4.9,0,4,3.4,Adulto,Detrator,0.01,True,0.07371089880282754
1532,1533,29,Sudeste,76,51533,679.11,1,10.05,5,11,1,44.97,1,0,0,8.4,1,1,8.3,Jovem Adulto,Promotor,0.01,True,0.06621902195520607
1533,1534,23,Centro-Oeste,110,51534,453.33,5,129.59,8,2,2,42.95,1,2,7,0.0,0,5,1.9,Jovem Adulto,,0.29,True,0.09474334370105664
1534,1535,60,Sudeste,45,51535,289.33,1,14.56,9,2,3,21.79,2,1,10,1.6,0,4,0.0,Adulto,Detrator,0.05,True,0.07531192755676909
1535,1536,41,Nordeste,51,51536,453.95,2,19.2,6,6,0,34.17,2,3,6,2.6,0,6,3.3,Adulto,Detrator,0.04,False,0.07527260711532108
1536,1537,54,Norte,95,51537,864.07,6,23.97,10,7,1,18.65,1,0,8,5.6,0,4,3.2,Adulto,Detrator,0.03,True,0.021583899452590642
1537,1538,42,Sul,102,51538,908.39,4,26.94,9,4,1,44.67,1,1,2,6.8,0,2,6.3,Adulto,Neutro,0.03,True,0.049174913858584975
1538,1539,37,Sul,83,51539,1111.05,5,91.4,9,6,2,42.64,3,2,5,5.7,0,6,0.7,Adulto,Detrator,0.08,True,0.03837811079609379
1539,1540,64,Norte,102,51540,357.46,4,66.51,10,6,1,27.88,3,3,11,4.3,0,6,0.1,Idoso,Detrator,0.19,True,0.07799474067028479
1540,1541,62,Norte,45,51541,719.25,4,5.28,6,2,2,34.49,1,1,0,8.2,1,4,6.7,Idoso,Promotor,0.01,True,0.047952728536670146
1541,1542,54,Sudeste,74,51542,44.28,5,12.11,10,2,1,11.14,1,3,1,3.6,0,6,4.6,Adulto,Detrator,0.27,True,0.25158084914182477
1542,1543,23,Centro-Oeste,40,51543,307.57,5,13.19,5,12,0,54.67,1,3,1,8.9,1,3,5.8,Jovem Adulto,Promotor,0.04,False,0.17774815489156942
1543,1544,38,Norte,49,51544,170.59,2,6.35,2,12,0,32.01,2,2,9,6.0,0,3,3.1,Adulto,Detrator,0.04,False,0.18764288645289876
1544,1545,48,Centro-Oeste,119,51545,1476.68,3,3.85,11,3,2,40.35,1,3,10,3.4,0,5,0.0,Adulto,Detrator,0.0,True,0.027324809708264484
1545,1546,50,Sul,36,51546,47.58,1,46.01,9,12,1,35.74,1,1,9,5.6,0,3,2.0,Adulto,Detrator,0.97,True,0.7511559478772594
1546,1547,65,Sul,22,51547,1219.79,1,102.07,9,12,1,11.63,1,4,9,3.2,0,6,0.0,Idoso,Detrator,0.08,True,0.00953442805728855
1547,1548,34,Norte,26,51548,353.5,2,42.17,5,2,1,47.19,2,1,11,4.3,0,4,1.7,Adulto,Detrator,0.12,True,0.1334936350777935
1548,1549,50,Sudeste,105,51549,512.99,4,8.36,1,7,3,66.01,2,1,7,3.4,0,5,1.5,Adulto,Detrator,0.02,True,0.12867697226066785
1549,1550,66,Norte,55,51550,219.74,6,71.01,6,3,4,50.99,2,0,5,2.8,0,3,3.0,Idoso,Detrator,0.32,True,0.2320469645945208
1550,1551,19,Nordeste,73,51551,534.5,4,2.36,11,13,0,44.0,3,0,11,7.8,0,0,3.2,Jovem Adulto,Neutro,0.0,False,0.0823199251637044
1551,1552,57,Centro-Oeste,25,51552,309.7,5,50.56,8,7,3,40.94,2,4,10,0.0,0,7,0.0,Adulto,,0.16,True,0.13219244430093638
1552,1553,50,Sudeste,89,51553,143.7,3,2.63,2,14,1,23.55,3,2,6,3.8,0,5,2.7,Adulto,Detrator,0.02,True,0.16388308977035493
1553,1554,19,Sudeste,9,51554,606.49,5,39.05,1,2,2,46.72,1,0,8,1.8,0,3,3.1,Jovem Adulto,Detrator,0.06,True,0.07703342182064007
1554,1555,62,Sudeste,19,51555,549.62,1,3.84,6,9,1,41.44,1,2,11,4.7,0,5,0.1,Idoso,Detrator,0.01,True,0.07539754739638295
1555,1556,31,Sudeste,99,51556,103.61,1,0.89,9,14,3,51.47,2,1,10,6.0,0,4,0.0,Adulto,Detrator,0.01,True,0.4967667213589422
1556,1557,20,Sudeste,90,51557,555.71,2,85.85,11,9,2,54.49,2,2,3,5.4,0,5,3.9,Jovem Adulto,Detrator,0.15,True,0.09805474078206258
1557,1558,43,Nordeste,74,51558,72.55,5,3.81,11,8,5,22.71,3,4,8,0.0,0,9,0.0,Adulto,,0.05,True,0.3130254996554101
1558,1559,41,Sudeste,80,51559,420.4,4,23.1,7,4,7,19.06,2,1,0,0.0,0,4,1.7,Adulto,,0.05,True,0.045337773549000954
1559,1560,29,Sul,10,51560,531.99,6,47.06,7,5,1,36.61,2,1,3,5.0,0,5,6.3,Jovem Adulto,Detrator,0.09,True,0.06881708302787647
1560,1561,68,Sul,60,51561,445.34,4,10.14,11,2,2,35.94,3,3,4,5.8,0,5,3.1,Idoso,Detrator,0.02,True,0.0807023846948399
1561,1562,26,Centro-Oeste,70,51562,647.05,3,27.03,4,3,2,31.69,3,0,0,8.0,1,3,7.2,Jovem Adulto,Neutro,0.04,True,0.04897612240166912
1562,1563,21,Norte,73,51563,493.06,3,43.42,6,7,2,35.2,3,1,8,5.3,0,3,2.6,Jovem Adulto,Detrator,0.09,True,0.07139090577211699
1563,1564,22,Centro-Oeste,57,51564,352.7,6,23.54,7,7,2,39.12,2,1,3,6.8,0,3,4.0,Jovem Adulto,Neutro,0.07,True,0.11091579245817976
1564,1565,22,Sul,107,51565,220.97,1,17.84,6,4,3,56.08,2,1,10,2.3,0,6,0.0,Jovem Adulto,Detrator,0.08,True,0.2537901072543784
1565,1566,29,Nordeste,1,51566,441.31,5,23.95,3,13,0,43.87,3,4,2,7.0,0,6,5.2,Jovem Adulto,Neutro,0.05,False,0.09940857900342162
1566,1567,62,Norte,67,51567,556.82,4,54.07,2,12,4,38.17,2,1,11,1.9,0,3,0.0,Idoso,Detrator,0.1,True,0.06854998024496246
1567,1568,28,Nordeste,114,51568,408.58,3,24.81,10,3,3,41.4,3,1,8,3.7,0,3,1.6,Jovem Adulto,Detrator,0.06,True,0.10132654559694552
1568,1569,45,Nordeste,36,51569,345.83,1,34.27,5,14,2,29.5,2,1,6,5.4,0,4,2.8,Adulto,Detrator,0.1,True,0.08530202700748923
1569,1570,44,Norte,52,51570,114.65,1,28.48,2,8,3,48.27,2,2,3,3.9,0,4,2.7,Adulto,Detrator,0.25,True,0.42102049716528567
1570,1571,39,Sul,96,51571,106.07,5,23.41,7,11,3,21.37,1,2,1,4.3,0,5,3.4,Adulto,Detrator,0.22,True,0.2014707268784765
1571,1572,20,Sudeste,102,51572,269.86,3,60.74,3,11,2,31.3,2,3,9,1.8,0,5,0.0,Jovem Adulto,Detrator,0.23,True,0.1159860668494775
1572,1573,38,Centro-Oeste,24,51573,483.15,1,10.94,9,13,3,42.59,3,2,3,3.4,0,4,2.9,Adulto,Detrator,0.02,True,0.0881506778433199
1573,1574,28,Sul,79,51574,126.99,2,35.53,6,7,2,38.78,3,2,8,5.0,0,4,0.7,Jovem Adulto,Detrator,0.28,True,0.30537837625009845
1574,1575,45,Nordeste,109,51575,243.3,4,41.2,6,5,3,58.33,1,2,3,2.6,0,5,2.2,Adulto,Detrator,0.17,True,0.23974517057131112
1575,1576,46,Sul,110,51576,859.06,2,103.57,4,14,2,50.94,3,1,4,6.4,0,3,3.9,Adulto,Neutro,0.12,True,0.059297371545642914
1576,1577,34,Sul,43,51577,385.1,1,0.24,6,13,1,60.32,1,1,2,6.1,0,3,5.7,Adulto,Neutro,0.0,True,0.15663464035315502
1577,1578,27,Centro-Oeste,35,51578,913.88,5,80.41,4,5,0,12.67,2,0,1,10.0,1,0,9.9,Jovem Adulto,Promotor,0.09,False,0.013863964634306473
1578,1579,32,Sul,101,51579,513.85,6,7.8,2,6,4,41.98,2,2,4,0.0,0,5,1.5,Adulto,,0.02,True,0.08169699328597839
1579,1580,66,Nordeste,63,51580,45.1,6,2.32,2,5,2,29.92,2,2,1,4.5,0,5,5.0,Idoso,Detrator,0.05,True,0.6634146341463415
1580,1581,61,Sudeste,59,51581,382.29,5,20.05,1,5,1,23.56,1,0,7,4.5,0,3,4.2,Idoso,Detrator,0.05,True,0.06162860655523293
1581,1582,46,Centro-Oeste,106,51582,244.61,5,10.78,5,8,2,27.99,3,1,11,2.0,0,4,0.0,Adulto,Detrator,0.04,True,0.1144270471362577
1582,1583,21,Norte,61,51583,177.14,2,107.25,10,10,0,39.83,3,2,11,6.0,0,3,1.3,Jovem Adulto,Detrator,0.61,False,0.22485040081291635
1583,1584,56,Norte,96,51584,738.19,6,34.16,2,8,5,25.67,3,3,9,1.4,0,8,0.0,Adulto,Detrator,0.05,True,0.034774245113046776
1584,1585,41,Sul,18,51585,421.28,6,11.18,3,11,1,69.55,3,0,5,4.5,0,3,4.9,Adulto,Detrator,0.03,True,0.16509210026585644
1585,1586,62,Sul,7,51586,207.38,5,5.95,2,14,3,47.01,2,1,0,2.1,0,4,5.2,Idoso,Detrator,0.03,True,0.2266853119876555
1586,1587,41,Sul,79,51587,421.32,5,110.56,2,3,1,54.37,3,1,6,4.1,0,4,2.9,Adulto,Detrator,0.26,True,0.12904680527864806
1587,1588,31,Centro-Oeste,69,51588,430.78,1,0.14,6,4,4,34.31,3,2,0,5.9,0,5,2.8,Adulto,Detrator,0.0,True,0.07964622313013604
1588,1589,43,Sul,29,51589,324.37,3,61.45,1,7,2,47.0,2,1,6,5.5,0,3,2.7,Adulto,Detrator,0.19,True,0.1448962604433209
1589,1590,28,Sul,92,51590,485.61,3,35.78,3,13,1,47.55,3,1,7,4.4,0,5,3.5,Jovem Adulto,Detrator,0.07,True,0.09791808241181194
1590,1591,20,Norte,78,51591,618.38,6,15.23,10,3,1,42.32,2,0,4,4.9,0,3,4.8,Jovem Adulto,Detrator,0.02,True,0.06843688346971118
1591,1592,28,Norte,18,51592,731.33,4,38.41,6,8,3,34.9,1,1,3,2.2,0,4,3.4,Jovem Adulto,Detrator,0.05,True,0.047721274937442736
1592,1593,64,Centro-Oeste,42,51593,370.7,6,28.14,6,3,3,58.91,3,1,9,1.5,0,5,0.1,Idoso,Detrator,0.08,True,0.15891556514701916
1593,1594,63,Centro-Oeste,91,51594,383.5,3,9.87,9,9,2,15.24,2,1,2,5.3,0,5,4.9,Idoso,Detrator,0.03,True,0.03973924380704042
1594,1595,67,Sudeste,67,51595,250.52,1,26.91,3,5,2,47.18,3,1,1,5.7,0,3,6.1,Idoso,Detrator,0.11,True,0.1883282771834584
1595,1596,23,Sul,86,51596,535.4,4,18.02,11,2,3,48.1,2,3,6,2.5,0,6,0.1,Jovem Adulto,Detrator,0.03,True,0.08983937243182667
1596,1597,69,Sudeste,18,51597,509.8,6,39.45,9,8,0,37.35,2,2,3,8.7,1,4,5.8,Idoso,Promotor,0.08,False,0.07326402510788545
1597,1598,50,Norte,118,51598,316.61,4,39.48,5,4,8,36.26,2,2,1,0.0,0,4,0.0,Adulto,,0.12,True,0.1145257572407694
1598,1599,66,Sudeste,41,51599,270.17,5,9.08,6,12,3,35.09,1,2,9,3.3,0,5,0.0,Idoso,Detrator,0.03,True,0.12988118591997633
1599,1600,34,Centro-Oeste,7,51600,1047.21,4,20.75,6,10,2,46.66,1,2,7,4.8,0,5,2.9,Adulto,Detrator,0.02,True,0.044556488192435136
1600,1601,57,Norte,75,51601,52.64,5,0.49,1,12,1,50.36,3,3,6,2.6,0,5,2.1,Adulto,Detrator,0.01,True,0.9566869300911854
1601,1602,35,Norte,108,51602,328.47,3,15.86,8,8,1,48.54,1,2,4,4.6,0,4,5.2,Adulto,Detrator,0.05,True,0.14777605260754406
1602,1603,61,Nordeste,63,51603,481.9,1,28.55,8,6,0,33.38,1,1,0,6.9,0,1,8.6,Idoso,Neutro,0.06,False,0.06926748288026563
1603,1604,64,Norte,112,51604,157.66,1,0.3,8,12,2,40.78,1,1,4,3.5,0,5,3.4,Idoso,Detrator,0.0,True,0.2586578713687682
1604,1605,21,Sudeste,80,51605,301.56,2,23.06,10,3,0,32.81,1,1,3,8.8,1,4,6.2,Jovem Adulto,Promotor,0.08,False,0.10880090197638945
1605,1606,53,Nordeste,101,51606,471.9,5,15.14,2,8,1,34.83,2,2,7,4.5,0,4,2.8,Adulto,Detrator,0.03,True,0.07380801017164654
1606,1607,65,Norte,54,51607,538.99,2,58.74,11,5,1,32.65,1,1,6,5.5,0,3,5.2,Idoso,Detrator,0.11,True,0.06057626301044546
1607,1608,56,Sudeste,25,51608,64.3,3,12.35,7,13,2,50.44,1,2,2,4.1,0,4,4.6,Adulto,Detrator,0.19,True,0.784447900466563
1608,1609,66,Sul,4,51609,97.7,1,22.55,4,3,1,53.4,3,0,6,7.1,0,2,5.1,Idoso,Neutro,0.23,True,0.5465711361310133
1609,1610,32,Centro-Oeste,41,51610,93.09,3,41.18,6,2,1,26.47,2,5,5,4.6,0,7,1.5,Adulto,Detrator,0.44,True,0.2843484799656246
1610,1611,66,Sul,34,51611,449.07,2,58.09,7,6,1,39.71,2,0,8,5.0,0,4,3.0,Idoso,Detrator,0.13,True,0.08842719397866702
1611,1612,58,Nordeste,76,51612,897.65,2,4.05,5,8,5,15.81,1,2,1,1.5,0,7,1.6,Adulto,Detrator,0.0,True,0.017612655266529272
1612,1613,43,Sudeste,84,51613,174.71,3,11.93,2,12,3,7.18,1,1,5,3.8,0,3,2.2,Adulto,Detrator,0.07,True,0.041096674489153454
1613,1614,50,Norte,85,51614,263.38,1,0.28,6,9,2,38.38,1,2,5,6.9,0,5,2.9,Adulto,Neutro,0.0,True,0.14572101146632244
1614,1615,45,Nordeste,90,51615,1046.13,1,5.22,8,13,2,37.11,2,1,3,2.4,0,5,4.1,Adulto,Detrator,0.0,True,0.03547360270712053
1615,1616,47,Centro-Oeste,113,51616,747.45,3,37.37,11,6,3,34.84,2,1,4,0.5,0,4,3.2,Adulto,Detrator,0.05,True,0.04661181349923072
1616,1617,69,Sudeste,114,51617,916.48,3,32.2,3,9,0,22.28,2,2,7,7.8,0,4,3.5,Idoso,Neutro,0.04,False,0.02431040502793296
1617,1618,63,Sudeste,100,51618,546.92,3,8.39,2,7,2,44.55,2,2,3,4.5,0,5,3.7,Idoso,Detrator,0.02,True,0.08145615446500402
1618,1619,45,Centro-Oeste,106,51619,147.16,3,55.23,8,7,1,41.42,3,1,0,5.3,0,3,7.8,Adulto,Detrator,0.38,True,0.28146235390051644
1619,1620,62,Centro-Oeste,9,51620,160.55,2,18.7,9,9,2,6.71,3,1,0,6.7,0,4,6.1,Idoso,Neutro,0.12,True,0.0417938336966677
1620,1621,57,Sul,15,51621,155.46,3,12.52,10,7,1,44.49,3,0,3,9.7,1,2,7.1,Adulto,Promotor,0.08,True,0.28618294094944036
1621,1622,51,Norte,63,51622,64.87,4,83.33,9,14,1,38.01,3,1,0,9.9,1,3,7.8,Adulto,Promotor,1.28,True,0.5859411129952211
1622,1623,27,Norte,26,51623,325.48,3,24.44,6,10,1,22.93,1,0,11,5.5,0,2,1.7,Jovem Adulto,Detrator,0.08,True,0.07044979722256359
1623,1624,56,Nordeste,22,51624,399.72,2,8.74,2,9,3,20.15,2,2,3,3.4,0,4,3.3,Adulto,Detrator,0.02,True,0.050410287201040724
1624,1625,66,Norte,45,51625,573.33,3,50.66,5,10,2,28.71,2,3,8,2.6,0,8,0.0,Idoso,Detrator,0.09,True,0.05007587253414264
1625,1626,32,Sudeste,74,51626,267.62,4,128.32,11,12,1,30.59,2,2,1,7.6,0,5,6.6,Adulto,Neutro,0.48,True,0.11430386368731783
1626,1627,61,Norte,24,51627,344.99,1,16.15,5,12,2,31.62,3,2,5,6.2,0,3,2.0,Idoso,Neutro,0.05,True,0.09165483057479927
1627,1628,69,Norte,71,51628,314.04,5,36.04,4,7,4,13.07,3,2,8,3.5,0,4,0.0,Idoso,Detrator,0.11,True,0.04161890205069418
1628,1629,47,Norte,96,51629,264.58,2,40.84,8,7,4,48.75,1,0,5,3.0,0,2,2.2,Adulto,Detrator,0.15,True,0.1842542898178245
1629,1630,45,Nordeste,87,51630,585.06,3,13.95,2,14,3,20.39,2,1,3,1.9,0,4,3.3,Adulto,Detrator,0.02,True,0.034851126380200326
1630,1631,56,Sudeste,102,51631,257.43,1,13.14,4,2,4,29.74,3,3,0,0.0,0,6,2.3,Adulto,,0.05,True,0.11552655090704268
1631,1632,43,Centro-Oeste,50,51632,247.16,5,5.22,7,6,2,20.08,3,0,3,9.0,1,1,4.8,Adulto,Promotor,0.02,True,0.08124291956627286
1632,1633,43,Centro-Oeste,51,51633,402.62,5,1.3,1,7,0,64.08,1,1,7,9.5,1,2,4.1,Adulto,Promotor,0.0,False,0.15915751825542696
1633,1634,61,Sudeste,83,51634,126.06,2,31.41,11,14,2,22.18,2,2,8,4.9,0,5,1.3,Idoso,Detrator,0.25,True,0.17594796128827542
1634,1635,18,Sul,76,51635,155.47,6,34.47,10,14,5,40.27,1,2,11,0.0,0,5,0.0,,,0.22,True,0.25902103299671964
1635,1636,39,Norte,52,51636,169.52,2,12.68,3,7,3,32.27,1,2,5,5.8,0,4,1.9,Adulto,Detrator,0.07,True,0.1903610193487494
1636,1637,40,Sul,16,51637,555.7,3,3.58,11,14,3,33.07,3,3,0,5.4,0,6,3.6,Adulto,Detrator,0.01,True,0.05951052726291164
1637,1638,42,Norte,57,51638,298.17,4,2.29,2,11,3,45.19,2,0,0,6.8,0,1,6.4,Adulto,Neutro,0.01,True,0.15155783613374918
1638,1639,25,Sul,25,51639,346.06,1,30.22,1,4,4,13.34,1,1,3,2.8,0,3,2.7,Jovem Adulto,Detrator,0.09,True,0.03854822863087326
1639,1640,51,Sudeste,116,51640,391.76,2,49.2,7,13,1,22.55,3,3,10,6.0,0,5,0.1,Adulto,Detrator,0.13,True,0.057560751480498266
1640,1641,69,Nordeste,70,51641,893.62,2,2.97,8,4,1,51.42,1,1,3,7.2,0,2,5.5,Idoso,Neutro,0.0,True,0.05754123676730601
1641,1642,32,Nordeste,71,51642,350.01,2,14.61,9,6,2,35.32,1,2,9,4.6,0,4,0.2,Adulto,Detrator,0.04,True,0.10091140253135625
1642,1643,19,Centro-Oeste,47,51643,308.64,4,22.93,4,2,3,47.16,3,3,3,3.2,0,7,2.9,Jovem Adulto,Detrator,0.07,True,0.15279937791601866
1643,1644,29,Sul,1,51644,846.57,2,23.25,9,5,6,37.5,3,3,7,0.0,0,8,0.0,Jovem Adulto,,0.03,True,0.04429639604521776
1644,1645,35,Centro-Oeste,49,51645,732.67,1,105.6,8,11,0,20.81,3,4,3,6.2,0,4,4.5,Adulto,Neutro,0.14,False,0.028402964499706553
1645,1646,24,Norte,94,51646,313.25,1,3.01,7,6,1,34.23,2,3,11,5.0,0,5,0.0,Jovem Adulto,Detrator,0.01,True,0.10927374301675977
1646,1647,59,Centro-Oeste,106,51647,503.34,3,66.18,8,9,3,56.15,1,3,7,0.7,0,5,0.3,Adulto,Detrator,0.13,True,0.11155481384352525
1647,1648,44,Sul,31,51648,574.18,1,8.43,10,5,4,37.68,1,1,6,3.0,0,3,0.6,Adulto,Detrator,0.01,True,0.06562402034205302
1648,1649,19,Sul,6,51649,548.3,6,13.42,7,6,2,54.82,3,1,2,6.8,0,3,5.7,Jovem Adulto,Neutro,0.02,True,0.09998176180922853
1649,1650,52,Sul,94,51650,470.98,5,0.81,9,12,1,45.09,1,2,10,5.6,0,4,0.0,Adulto,Detrator,0.0,True,0.09573654932268887
1650,1651,63,Norte,119,51651,802.83,6,57.08,5,8,3,46.14,3,0,11,2.3,0,2,0.2,Idoso,Detrator,0.07,True,0.05747169388288928
1651,1652,65,Centro-Oeste,60,51652,219.5,4,40.8,10,13,3,25.12,1,1,4,1.7,0,3,2.3,Idoso,Detrator,0.19,True,0.11444191343963554
1652,1653,30,Centro-Oeste,22,51653,456.69,1,46.28,2,13,3,29.97,2,2,9,2.4,0,4,0.0,Jovem Adulto,Detrator,0.1,True,0.06562438415555409
1653,1654,21,Centro-Oeste,20,51654,364.59,2,24.54,8,3,7,25.51,3,1,6,0.0,0,3,0.0,Jovem Adulto,,0.07,True,0.069969006281028
1654,1655,45,Centro-Oeste,118,51655,443.74,5,33.18,5,14,4,38.0,1,1,9,1.6,0,4,0.0,Adulto,Detrator,0.07,True,0.08563573263622842
1655,1656,40,Centro-Oeste,62,51656,324.49,5,58.37,1,5,2,38.72,1,0,10,4.5,0,2,1.1,Adulto,Detrator,0.18,True,0.11932571111590495
1656,1657,68,Sudeste,116,51657,177.39,4,44.7,10,8,3,34.29,2,2,8,0.2,0,4,0.5,Idoso,Detrator,0.25,True,0.19330289193302894
1657,1658,35,Sudeste,1,51658,509.15,4,43.33,3,7,0,13.4,2,2,4,6.7,0,4,5.5,Adulto,Neutro,0.09,False,0.02631837376018855
1658,1659,38,Centro-Oeste,109,51659,501.54,4,43.72,10,2,2,28.64,2,2,5,3.0,0,5,2.5,Adulto,Detrator,0.09,True,0.057104119312517444
1659,1660,56,Sul,104,51660,1133.5,4,9.7,7,4,0,34.82,3,2,1,4.0,0,5,7.5,Adulto,Detrator,0.01,False,0.030719011910013232
1660,1661,31,Nordeste,72,51661,135.56,1,15.66,1,4,1,40.94,2,1,0,6.7,0,7,7.5,Adulto,Neutro,0.12,True,0.30200649159043963
1661,1662,30,Nordeste,77,51662,244.71,1,3.33,5,10,1,41.74,2,2,7,2.7,0,4,2.8,Jovem Adulto,Detrator,0.01,True,0.17056924522904662
1662,1663,65,Sudeste,119,51663,405.18,3,65.29,11,3,2,62.07,2,2,10,3.9,0,5,0.0,Idoso,Detrator,0.16,True,0.15319117429290685
1663,1664,67,Norte,85,51664,638.29,2,31.65,10,6,1,47.35,2,1,3,6.8,0,2,6.4,Idoso,Neutro,0.05,True,0.0741825815851729
1664,1665,37,Norte,52,51665,105.05,1,9.85,6,11,2,35.03,2,3,6,5.2,0,5,0.7,Adulto,Detrator,0.09,True,0.33346025702046644
1665,1666,30,Sudeste,15,51666,158.16,6,111.61,10,11,2,49.43,3,0,7,5.7,0,4,3.9,Jovem Adulto,Detrator,0.71,True,0.31253161355589276
1666,1667,25,Sul,74,51667,203.79,2,53.64,4,2,2,35.86,2,0,5,5.8,0,3,4.5,Jovem Adulto,Detrator,0.26,True,0.17596545463467295
1667,1668,21,Norte,83,51668,599.12,1,45.86,7,14,3,30.1,2,4,9,0.0,0,6,0.0,Jovem Adulto,,0.08,True,0.05024035251702497
1668,1669,23,Sul,38,51669,117.62,5,29.79,10,10,1,40.32,1,2,6,9.4,1,4,2.4,Jovem Adulto,Promotor,0.25,True,0.34279884373405883
1669,1670,41,Centro-Oeste,81,51670,334.41,3,22.06,5,6,3,56.51,1,2,8,3.0,0,5,0.7,Adulto,Detrator,0.07,True,0.16898418109506294
1670,1671,67,Sudeste,107,51671,364.16,4,77.68,8,2,3,61.51,2,2,4,3.1,0,4,2.8,Idoso,Detrator,0.21,True,0.1689092706502636
1671,1672,41,Nordeste,49,51672,874.28,6,54.83,1,14,2,25.86,2,0,3,7.0,0,4,5.2,Adulto,Neutro,0.06,True,0.029578624696893444
1672,1673,66,Sudeste,12,51673,737.43,1,23.05,7,3,2,2.62,2,2,7,4.1,0,6,2.7,Idoso,Detrator,0.03,True,0.0035528795953514236
1673,1674,37,Centro-Oeste,64,51674,927.01,4,2.17,7,7,5,20.32,1,2,9,0.0,0,4,0.0,Adulto,,0.0,True,0.02191993613876873
1674,1675,30,Norte,39,51675,335.39,6,18.62,5,4,1,32.62,1,1,11,7.4,0,3,1.6,Jovem Adulto,Neutro,0.06,True,0.09725990637764989
1675,1676,51,Centro-Oeste,67,51676,1004.9,4,29.24,11,13,2,25.07,3,0,2,7.6,0,2,5.3,Adulto,Neutro,0.03,True,0.024947755995621455
1676,1677,25,Centro-Oeste,106,51677,210.74,6,87.75,11,3,1,48.28,2,4,2,4.0,0,6,3.9,Jovem Adulto,Detrator,0.42,True,0.22909746607193698
1677,1678,51,Sul,112,51678,265.31,1,31.87,10,6,1,44.13,1,2,11,2.9,0,7,0.0,Adulto,Detrator,0.12,True,0.1663337228148204
1678,1679,64,Sul,36,51679,533.31,6,40.97,5,12,5,37.2,3,0,10,5.1,0,2,0.0,Idoso,Detrator,0.08,True,0.06975305169601172
1679,1680,22,Nordeste,39,51680,214.31,5,1.0,4,9,1,19.04,1,0,11,6.7,0,2,0.7,Jovem Adulto,Neutro,0.0,True,0.08884326443003125
1680,1681,33,Norte,111,51681,383.44,2,1.24,11,8,2,56.0,1,1,3,6.8,0,3,4.7,Adulto,Neutro,0.0,True,0.14604631754642186
1681,1682,33,Nordeste,29,51682,134.61,6,60.15,2,5,3,33.58,1,3,10,3.3,0,6,0.0,Adulto,Detrator,0.45,True,0.24946140702770964
1682,1683,31,Nordeste,75,51683,273.3,1,3.03,6,13,1,35.4,2,3,3,4.6,0,7,5.4,Adulto,Detrator,0.01,True,0.12952799121844127
1683,1684,44,Sul,86,51684,568.92,4,7.76,4,12,0,22.44,1,0,0,10.0,1,0,8.3,Adulto,Promotor,0.01,False,0.0394431554524362
1684,1685,59,Nordeste,30,51685,483.04,1,21.94,9,7,2,28.0,1,0,5,6.6,0,2,3.9,Adulto,Neutro,0.05,True,0.057966213978138455
1685,1686,59,Nordeste,96,51686,390.7,3,24.54,3,7,1,40.66,3,1,11,1.6,0,4,0.5,Adulto,Detrator,0.06,True,0.10406961863322242
1686,1687,48,Sul,26,51687,775.91,6,21.91,11,6,4,49.15,3,1,2,5.9,0,4,3.4,Adulto,Detrator,0.03,True,0.06334497557706435
1687,1688,31,Centro-Oeste,116,51688,273.0,3,4.6,3,12,5,69.28,3,1,4,1.3,0,3,1.7,Adulto,Detrator,0.02,True,0.2537728937728938
1688,1689,48,Centro-Oeste,32,51689,1185.42,6,2.42,6,4,3,39.71,3,3,8,2.6,0,6,0.1,Adulto,Detrator,0.0,True,0.03349867557490172
1689,1690,31,Sul,119,51690,611.69,1,36.54,2,11,0,36.3,1,0,2,10.0,1,0,7.5,Adulto,Promotor,0.06,False,0.059343785250698874
1690,1691,41,Sudeste,28,51691,532.61,3,2.7,3,8,5,40.41,1,2,2,0.8,0,5,0.8,Adulto,Detrator,0.01,True,0.07587165092656915
1691,1692,52,Centro-Oeste,79,51692,265.26,1,12.38,8,4,4,47.96,2,2,9,1.0,0,5,0.0,Adulto,Detrator,0.05,True,0.18080373972706026
1692,1693,69,Norte,41,51693,316.67,4,9.8,10,12,3,41.49,2,0,11,3.8,0,3,0.4,Idoso,Detrator,0.03,True,0.1310196734771213
1693,1694,32,Sul,55,51694,107.37,4,121.72,2,12,1,22.03,3,4,10,3.4,0,8,0.0,Adulto,Detrator,1.13,True,0.20517835522026637
1694,1695,37,Sudeste,90,51695,587.13,1,7.56,5,14,2,31.84,3,4,3,0.0,0,6,2.4,Adulto,,0.01,True,0.05422989797830123
1695,1696,67,Nordeste,53,51696,594.93,4,110.26,4,4,0,58.7,2,2,6,5.7,0,5,5.2,Idoso,Detrator,0.19,False,0.09866707007547108
1696,1697,45,Nordeste,52,51697,347.52,3,10.79,2,13,3,17.34,1,3,4,0.0,0,5,1.0,Adulto,,0.03,True,0.049896408839779006
1697,1698,55,Sul,14,51698,303.39,6,91.29,2,14,3,36.04,1,1,7,4.6,0,4,1.4,Adulto,Detrator,0.3,True,0.11879099508882957
1698,1699,44,Nordeste,33,51699,265.59,6,37.2,10,2,2,43.48,2,4,0,5.9,0,9,3.5,Adulto,Detrator,0.14,True,0.163710983094243
1699,1700,18,Sul,32,51700,379.03,2,15.64,7,7,3,31.84,1,1,0,4.4,0,4,5.6,,Detrator,0.04,True,0.08400390470411313
1700,1701,29,Norte,98,51701,278.99,4,22.39,5,4,0,33.53,2,0,9,7.8,0,3,2.8,Jovem Adulto,Neutro,0.08,False,0.1201835191225492
1701,1702,56,Nordeste,111,51702,679.64,3,10.67,3,11,3,37.25,1,0,6,4.5,0,2,1.9,Adulto,Detrator,0.02,True,0.05480842799128951
1702,1703,44,Norte,38,51703,275.71,2,44.99,1,5,2,28.46,2,3,2,5.4,0,6,4.5,Adulto,Detrator,0.16,True,0.10322440245185159
1703,1704,53,Sul,33,51704,947.43,3,7.44,4,4,1,35.97,2,2,8,6.9,0,3,2.4,Adulto,Neutro,0.01,True,0.03796586555207245
1704,1705,48,Nordeste,76,51705,262.66,3,39.6,10,14,3,32.69,2,0,3,7.3,0,1,4.8,Adulto,Neutro,0.15,True,0.12445747353993754
1705,1706,41,Centro-Oeste,8,51706,168.43,5,43.05,7,9,2,39.44,2,2,8,6.1,0,5,1.4,Adulto,Neutro,0.26,True,0.23416256011399392
1706,1707,49,Sul,10,51707,74.37,1,41.6,11,10,3,28.73,1,2,0,2.0,0,4,4.3,Adulto,Detrator,0.56,True,0.38631168481914746
1707,1708,37,Norte,92,51708,658.08,4,146.48,11,5,1,24.71,1,2,0,8.2,1,3,6.6,Adulto,Promotor,0.22,True,0.03754862630683199
1708,1709,40,Nordeste,91,51709,148.3,3,36.44,5,4,2,54.7,3,1,8,6.9,0,5,2.0,Adulto,Neutro,0.25,True,0.36884693189480783
1709,1710,66,Centro-Oeste,22,51710,209.52,3,12.53,6,4,1,31.18,3,0,3,9.1,1,3,6.4,Idoso,Promotor,0.06,True,0.14881634211531117
1710,1711,20,Sudeste,56,51711,273.02,2,5.68,1,14,2,35.27,3,2,6,4.6,0,5,1.8,Jovem Adulto,Detrator,0.02,True,0.12918467511537618
1711,1712,33,Sul,17,51712,904.14,5,11.79,9,11,3,41.5,1,1,4,4.0,0,3,4.4,Adulto,Detrator,0.01,True,0.04589997124339151
1712,1713,64,Sul,98,51713,452.45,5,27.48,1,13,5,63.25,1,1,6,0.0,0,4,0.0,Idoso,,0.06,True,0.1397944524256824
1713,1714,19,Sul,102,51714,577.58,2,5.21,5,4,0,62.28,3,2,10,3.3,0,6,2.4,Jovem Adulto,Detrator,0.01,False,0.10782921846324318
1714,1715,54,Nordeste,63,51715,27.48,3,35.83,11,4,2,33.63,2,3,9,1.4,0,8,0.0,Adulto,Detrator,1.3,True,1.2237991266375547
1715,1716,38,Sul,22,51716,362.26,3,30.18,6,6,2,46.03,3,2,6,6.5,0,3,2.5,Adulto,Neutro,0.08,True,0.12706343510186055
1716,1717,20,Centro-Oeste,39,51717,709.72,2,6.81,11,4,5,38.5,2,2,5,4.9,0,6,0.0,Jovem Adulto,Detrator,0.01,True,0.05424674519528828
1717,1718,29,Centro-Oeste,86,51718,634.48,2,0.34,1,13,3,45.06,3,0,6,1.7,0,3,2.8,Jovem Adulto,Detrator,0.0,True,0.07101878703820451
1718,1719,45,Sul,79,51719,302.31,6,34.56,7,9,4,35.5,3,2,9,2.5,0,6,0.0,Adulto,Detrator,0.11,True,0.11742912903972744
1719,1720,42,Sul,59,51720,218.8,3,1.91,8,8,2,41.83,1,0,11,5.6,0,2,0.2,Adulto,Detrator,0.01,True,0.19117915904936014
1720,1721,33,Sudeste,43,51721,358.17,6,19.15,7,14,3,39.69,2,0,7,6.8,0,1,1.5,Adulto,Neutro,0.05,True,0.11081330094647791
1721,1722,29,Nordeste,62,51722,413.37,4,1.38,7,3,3,48.81,3,2,3,2.6,0,4,3.2,Jovem Adulto,Detrator,0.0,True,0.11807823499528268
1722,1723,38,Norte,90,51723,801.14,1,50.34,10,7,2,40.95,3,2,8,1.3,0,4,1.1,Adulto,Detrator,0.06,True,0.05111466160720973
1723,1724,62,Sul,108,51724,140.08,5,2.4,10,11,3,53.46,3,0,3,4.0,0,3,4.6,Idoso,Detrator,0.02,True,0.3816390633923472
1724,1725,39,Norte,104,51725,468.42,6,52.77,7,4,3,57.93,2,1,6,5.8,0,3,1.2,Adulto,Detrator,0.11,True,0.12367106442935827
1725,1726,36,Norte,84,51726,170.47,6,16.49,10,9,2,63.93,3,4,10,1.3,0,7,0.0,Adulto,Detrator,0.1,True,0.37502199800551417
1726,1727,29,Sul,108,51727,353.11,3,6.9,10,11,1,21.32,3,3,8,4.4,0,5,1.1,Jovem Adulto,Detrator,0.02,True,0.060377785959049586
1727,1728,29,Norte,20,51728,378.44,3,17.91,5,4,2,51.37,2,0,8,5.0,0,4,4.4,Jovem Adulto,Detrator,0.05,True,0.13574146496142056
1728,1729,65,Centro-Oeste,95,51729,219.11,3,27.38,5,9,1,20.5,2,0,8,6.1,0,5,3.7,Idoso,Neutro,0.12,True,0.09356031217196842
1729,1730,67,Sudeste,112,51730,89.36,6,18.72,10,2,3,19.86,1,3,10,3.2,0,5,0.0,Idoso,Detrator,0.21,True,0.22224709042076993
1730,1731,40,Nordeste,19,51731,1032.77,4,17.35,2,9,0,34.13,2,4,0,6.6,0,7,5.6,Adulto,Neutro,0.02,False,0.03304704822951868
1731,1732,59,Sudeste,54,51732,213.19,2,14.82,8,12,5,21.75,1,0,1,0.3,0,2,3.6,Adulto,Detrator,0.07,True,0.10202167081007552
1732,1733,52,Centro-Oeste,92,51733,445.01,5,8.28,1,14,3,4.08,2,0,1,9.1,1,4,6.1,Adulto,Promotor,0.02,True,0.009168333295880992
1733,1734,26,Sudeste,98,51734,322.05,5,40.78,10,7,0,24.8,3,0,2,10.0,1,3,9.5,Jovem Adulto,Promotor,0.13,False,0.07700667598199037
1734,1735,38,Norte,3,51735,126.52,1,27.55,9,2,2,43.38,2,2,4,2.4,0,4,3.5,Adulto,Detrator,0.22,True,0.3428706923806513
1735,1736,34,Norte,84,51736,206.01,4,20.09,10,7,2,45.23,2,1,3,3.4,0,6,4.9,Adulto,Detrator,0.1,True,0.21955244891024708
1736,1737,19,Norte,78,51737,654.84,5,11.22,11,2,2,43.85,3,2,7,5.7,0,4,1.8,Jovem Adulto,Detrator,0.02,True,0.06696292224054731
1737,1738,54,Sudeste,48,51738,229.26,6,39.0,7,2,0,44.62,1,5,1,4.6,0,9,4.4,Adulto,Detrator,0.17,False,0.19462618860682196
1738,1739,28,Sudeste,82,51739,110.02,1,14.27,10,3,1,25.66,1,0,1,7.4,0,1,8.6,Jovem Adulto,Neutro,0.13,True,0.23323032175968006
1739,1740,38,Norte,11,51740,431.19,6,4.15,2,8,2,29.1,1,0,0,5.7,0,2,8.9,Adulto,Detrator,0.01,True,0.06748765045571559
1740,1741,22,Centro-Oeste,115,51741,558.16,3,30.92,1,5,2,28.02,3,1,11,3.9,0,4,0.9,Jovem Adulto,Detrator,0.06,True,0.050200659309158666
1741,1742,51,Sul,110,51742,589.37,6,46.71,7,13,1,22.81,3,2,2,6.3,0,4,6.2,Adulto,Neutro,0.08,True,0.03870234318000577
1742,1743,67,Nordeste,96,51743,300.5,3,17.53,1,8,4,50.43,2,1,6,3.5,0,3,1.6,Idoso,Detrator,0.06,True,0.16782029950083194
1743,1744,54,Centro-Oeste,115,51744,1579.63,6,28.0,1,6,5,30.94,3,3,9,0.2,0,5,0.0,Adulto,Detrator,0.02,True,0.019586865278577895
1744,1745,49,Norte,79,51745,395.52,4,0.96,10,8,5,33.91,3,2,8,0.0,0,4,0.0,Adulto,,0.0,True,0.08573523462783171
1745,1746,27,Centro-Oeste,80,51746,170.07,6,2.89,3,11,2,40.61,1,2,7,3.4,0,4,1.2,Jovem Adulto,Detrator,0.02,True,0.2387840301052508
1746,1747,56,Centro-Oeste,89,51747,190.15,2,14.92,8,11,2,36.73,1,3,1,6.9,0,4,4.5,Adulto,Neutro,0.08,True,0.19316329213778594
1747,1748,30,Sudeste,64,51748,282.05,3,49.07,8,10,3,42.68,2,2,4,3.2,0,4,2.4,Jovem Adulto,Detrator,0.17,True,0.15132068782130828
1748,1749,19,Sul,95,51749,234.15,5,9.05,1,14,4,58.73,1,4,2,0.0,0,7,0.0,Jovem Adulto,,0.04,True,0.25082212257100145
1749,1750,40,Sul,115,51750,262.62,3,8.32,3,4,6,46.55,2,1,0,0.7,0,3,2.3,Adulto,Detrator,0.03,True,0.17725230370878073
1750,1751,57,Nordeste,53,51751,162.8,6,1.68,3,14,3,53.66,1,2,8,3.9,0,4,0.0,Adulto,Detrator,0.01,True,0.32960687960687957
1751,1752,20,Sudeste,3,51752,525.92,4,112.59,11,9,1,31.09,2,1,6,3.9,0,5,4.4,Jovem Adulto,Detrator,0.21,True,0.05911545482202617
1752,1753,38,Sul,61,51753,148.53,5,12.96,3,8,1,30.31,1,3,11,3.2,0,6,0.0,Adulto,Detrator,0.09,True,0.20406651854844138
1753,1754,27,Sul,43,51754,156.31,1,1.38,9,12,3,25.65,1,1,2,3.9,0,6,4.0,Jovem Adulto,Detrator,0.01,True,0.16409698675708526
1754,1755,20,Nordeste,7,51755,101.11,5,37.34,6,4,0,47.18,1,2,2,5.5,0,4,6.4,Jovem Adulto,Detrator,0.37,False,0.46662051231332213
1755,1756,32,Nordeste,47,51756,309.48,5,16.74,3,2,1,63.92,1,2,11,3.8,0,5,0.8,Adulto,Detrator,0.05,True,0.20654000258498126
1756,1757,27,Centro-Oeste,10,51757,446.45,3,12.22,1,4,4,19.24,3,2,3,1.1,0,5,2.5,Jovem Adulto,Detrator,0.03,True,0.0430955314144921
1757,1758,64,Sul,29,51758,224.25,3,24.15,1,8,2,45.8,3,4,9,3.2,0,8,0.0,Idoso,Detrator,0.11,True,0.20423634336677815
1758,1759,26,Sudeste,1,51759,33.61,3,18.68,2,5,3,57.72,2,1,11,1.6,0,5,0.0,Jovem Adulto,Detrator,0.56,True,1.7173460279678667
1759,1760,33,Centro-Oeste,31,51760,397.15,6,9.23,7,8,2,50.58,1,1,3,4.8,0,4,4.7,Adulto,Detrator,0.02,True,0.1273574216291074
1760,1761,41,Norte,27,51761,174.36,6,8.07,1,7,1,24.65,2,1,1,6.6,0,2,7.2,Adulto,Neutro,0.05,True,0.14137416838724476
1761,1762,37,Centro-Oeste,58,51762,441.56,1,63.4,7,12,4,44.68,1,2,8,1.5,0,4,0.1,Adulto,Detrator,0.14,True,0.10118670169399402
1762,1763,47,Sul,115,51763,522.64,6,2.87,2,3,7,45.93,1,2,10,0.0,0,6,0.0,Adulto,,0.01,True,0.0878807592224093
1763,1764,30,Nordeste,95,51764,102.76,5,15.82,2,13,2,27.34,3,2,7,2.7,0,5,2.7,Jovem Adulto,Detrator,0.15,True,0.2660568314519268
1764,1765,18,Sudeste,60,51765,391.99,6,17.51,10,12,2,21.15,3,3,11,4.2,0,5,0.0,,Detrator,0.04,True,0.053955458047399166
1765,1766,21,Nordeste,18,51766,396.21,3,45.62,4,2,1,51.29,2,2,7,5.7,0,5,1.4,Jovem Adulto,Detrator,0.12,True,0.1294515534691199
1766,1767,24,Norte,15,51767,278.68,3,120.51,10,6,1,54.73,2,3,4,4.2,0,7,3.2,Jovem Adulto,Detrator,0.43,True,0.1963901248744079
1767,1768,67,Norte,64,51768,584.77,6,22.12,7,8,1,35.37,1,0,11,9.6,1,3,1.2,Idoso,Promotor,0.04,True,0.06048531901431332
1768,1769,53,Norte,111,51769,370.2,4,21.2,3,5,3,21.88,1,0,6,5.5,0,2,3.1,Adulto,Detrator,0.06,True,0.05910318746623447
1769,1770,38,Sudeste,117,51770,569.52,5,0.14,11,5,2,33.96,2,0,4,2.8,0,3,4.9,Adulto,Detrator,0.0,True,0.05962916139907291
1770,1771,47,Sul,32,51771,265.32,2,22.56,7,4,3,47.47,3,1,0,6.0,0,2,5.9,Adulto,Detrator,0.09,True,0.1789160259309513
1771,1772,56,Sul,17,51772,119.54,3,23.79,2,2,1,59.2,2,0,7,5.8,0,4,4.2,Adulto,Detrator,0.2,True,0.4952317215994646
1772,1773,44,Sul,51,51773,711.9,5,80.08,11,10,1,42.64,2,3,8,3.2,0,6,1.0,Adulto,Detrator,0.11,True,0.0598960528164068
1773,1774,66,Norte,18,51774,373.25,3,14.06,1,11,5,25.3,3,2,6,0.0,0,5,0.0,Idoso,,0.04,True,0.06778298727394508
1774,1775,43,Nordeste,48,51775,660.74,1,37.11,4,10,6,34.89,2,0,7,0.0,0,2,0.0,Adulto,,0.06,True,0.052804431395102464
1775,1776,36,Nordeste,50,51776,135.24,4,14.51,4,8,5,44.62,2,3,3,0.0,0,7,0.0,Adulto,,0.11,True,0.3299319727891156
1776,1777,31,Centro-Oeste,77,51777,242.59,1,41.85,6,11,0,52.78,3,2,8,7.5,0,3,3.2,Adulto,Neutro,0.17,False,0.21756873737581928
1777,1778,69,Nordeste,93,51778,110.52,2,181.97,4,5,2,56.5,3,3,2,2.3,0,5,3.7,Idoso,Detrator,1.65,True,0.5112196887441187
1778,1779,57,Norte,57,51779,700.61,1,5.55,3,7,0,14.32,2,2,9,6.3,0,2,2.9,Adulto,Neutro,0.01,False,0.020439331439745363
1779,1780,59,Centro-Oeste,98,51780,340.23,3,48.81,5,8,3,25.09,2,2,0,5.1,0,4,4.4,Adulto,Detrator,0.14,True,0.07374423184316492
1780,1781,48,Centro-Oeste,65,51781,452.56,2,16.88,5,13,3,46.51,2,2,7,3.0,0,4,0.1,Adulto,Detrator,0.04,True,0.10277090330563902
1781,1782,24,Centro-Oeste,108,51782,683.42,3,71.66,10,8,3,29.28,2,0,10,6.2,0,2,1.0,Jovem Adulto,Neutro,0.1,True,0.04284334669749203
1782,1783,50,Nordeste,79,51783,68.03,6,62.03,9,3,2,46.21,1,1,2,4.6,0,7,5.6,Adulto,Detrator,0.91,True,0.6792591503748346
1783,1784,26,Sul,46,51784,512.0,5,34.04,10,2,3,69.43,3,4,8,1.1,0,6,0.0,Jovem Adulto,Detrator,0.07,True,0.13560546875
1784,1785,19,Sudeste,58,51785,589.08,2,86.68,6,3,2,32.13,3,1,1,3.9,0,4,5.7,Jovem Adulto,Detrator,0.15,True,0.054542676716235486
1785,1786,53,Sul,110,51786,1130.84,6,54.85,3,3,3,10.32,3,2,9,2.0,0,6,0.4,Adulto,Detrator,0.05,True,0.009125959463761452
1786,1787,24,Nordeste,70,51787,167.6,5,17.6,9,14,2,43.46,2,0,8,6.7,0,2,2.5,Jovem Adulto,Neutro,0.11,True,0.2593078758949881
1787,1788,22,Sul,98,51788,288.6,5,29.35,1,13,3,37.36,2,1,3,3.3,0,4,4.0,Jovem Adulto,Detrator,0.1,True,0.12945252945252944
1788,1789,39,Nordeste,6,51789,220.55,1,25.34,1,5,5,40.3,2,1,8,0.0,0,4,0.0,Adulto,,0.11,True,0.18272500566764904
1789,1790,51,Norte,78,51790,119.92,4,14.06,5,12,0,22.23,1,2,5,7.7,0,3,5.4,Adulto,Neutro,0.12,False,0.18537358238825885
1790,1791,33,Centro-Oeste,2,51791,892.36,3,31.72,11,2,3,35.06,3,1,7,3.9,0,4,1.3,Adulto,Detrator,0.04,True,0.039289076157604554
1791,1792,31,Sudeste,70,51792,220.47,5,5.68,5,13,1,50.32,1,0,0,10.0,1,2,8.3,Adulto,Promotor,0.03,True,0.22823966979634416
1792,1793,26,Sul,25,51793,317.21,3,4.52,8,8,0,31.63,3,3,4,5.7,0,8,4.5,Jovem Adulto,Detrator,0.01,False,0.09971312379811481
1793,1794,23,Sul,14,51794,618.52,6,10.18,1,10,3,35.73,2,2,0,5.9,0,5,4.5,Jovem Adulto,Detrator,0.02,True,0.057766927504365254
1794,1795,62,Sul,44,51795,193.11,5,152.31,7,11,2,49.51,2,1,0,6.7,0,3,6.8,Idoso,Neutro,0.79,True,0.25638237274092485
1795,1796,65,Centro-Oeste,43,51796,429.95,1,4.96,8,8,1,52.38,1,1,1,9.3,1,2,7.0,Idoso,Promotor,0.01,True,0.12182811954878475
1796,1797,68,Sudeste,119,51797,559.41,3,81.77,9,12,3,50.28,2,1,8,3.6,0,3,0.0,Idoso,Detrator,0.15,True,0.08988040971738082
1797,1798,54,Sul,49,51798,847.04,1,17.72,7,13,3,13.95,3,2,1,6.3,0,4,4.2,Adulto,Neutro,0.02,True,0.01646911598035512
1798,1799,58,Norte,85,51799,448.1,1,26.13,2,5,4,30.86,2,2,3,0.4,0,4,2.4,Adulto,Detrator,0.06,True,0.06886855612586476
1799,1800,19,Sudeste,18,51800,424.63,5,46.47,6,7,2,51.03,1,0,6,5.5,0,2,3.0,Jovem Adulto,Detrator,0.11,True,0.12017521136047854
1800,1801,54,Norte,39,51801,375.09,4,5.51,2,9,1,39.8,3,1,10,4.6,0,4,1.2,Adulto,Detrator,0.01,True,0.1061078674451465
1801,1802,61,Sul,34,51802,311.79,4,2.52,5,2,2,47.08,3,2,3,5.9,0,4,4.2,Idoso,Detrator,0.01,True,0.15099906988678274
1802,1803,59,Norte,77,51803,862.56,5,7.64,6,10,2,24.74,1,2,6,1.3,0,4,2.7,Adulto,Detrator,0.01,True,0.02868206269708774
1803,1804,59,Sul,78,51804,643.22,5,23.05,9,5,1,26.0,3,3,0,3.7,0,9,6.2,Adulto,Detrator,0.04,True,0.040421628680700226
1804,1805,36,Centro-Oeste,58,51805,242.06,3,33.33,6,2,6,39.08,3,3,5,0.0,0,5,0.0,Adulto,,0.14,True,0.16144757498140955
1805,1806,60,Sudeste,86,51806,161.35,6,31.79,10,7,0,39.77,3,2,7,5.8,0,5,3.6,Adulto,Detrator,0.2,False,0.24648280136349554
1806,1807,61,Centro-Oeste,69,51807,381.54,1,5.89,2,14,2,27.48,2,3,8,3.1,0,6,0.6,Idoso,Detrator,0.02,True,0.07202390312942286
1807,1808,34,Nordeste,91,51808,669.56,1,54.47,1,10,7,39.14,2,0,4,1.1,0,2,0.0,Adulto,Detrator,0.08,True,0.05845629965947787
1808,1809,18,Centro-Oeste,24,51809,139.8,1,12.35,6,11,3,28.03,2,2,0,2.0,0,5,5.5,,Detrator,0.09,True,0.20050071530758226
1809,1810,21,Nordeste,54,51810,159.16,2,11.63,10,10,4,49.6,3,3,0,0.0,0,6,2.8,Jovem Adulto,,0.07,True,0.31163608946971605
1810,1811,54,Nordeste,97,51811,839.1,4,77.66,5,12,5,30.42,2,4,6,0.0,0,7,0.0,Adulto,,0.09,True,0.036253128351805504
1811,1812,47,Norte,77,51812,104.16,3,94.87,7,2,2,44.98,2,0,5,4.3,0,4,4.8,Adulto,Detrator,0.91,True,0.43183563748079873
1812,1813,63,Centro-Oeste,55,51813,657.9,1,112.83,3,8,4,37.82,1,0,2,4.2,0,3,4.0,Idoso,Detrator,0.17,True,0.0574859401124791
1813,1814,47,Sudeste,37,51814,245.24,6,12.29,8,3,3,31.88,2,0,8,4.5,0,3,2.5,Adulto,Detrator,0.05,True,0.12999510683412166
1814,1815,46,Nordeste,57,51815,537.08,6,9.44,2,12,2,38.06,3,2,11,7.0,0,5,0.0,Adulto,Neutro,0.02,True,0.07086467565353392
1815,1816,63,Sudeste,118,51816,411.22,5,8.05,11,10,4,44.94,2,2,1,6.2,0,3,2.6,Idoso,Neutro,0.02,True,0.10928456787121248
1816,1817,38,Norte,111,51817,174.61,1,37.05,2,12,4,41.93,3,2,2,1.3,0,5,2.2,Adulto,Detrator,0.21,True,0.24013515835290072
1817,1818,20,Sul,64,51818,616.05,5,12.55,4,4,4,44.19,3,0,0,3.1,0,2,6.0,Jovem Adulto,Detrator,0.02,True,0.07173119065010958
1818,1819,67,Nordeste,37,51819,28.41,3,63.62,10,8,3,26.79,2,1,6,1.5,0,3,1.4,Idoso,Detrator,2.24,True,0.9429778247096092
1819,1820,42,Sul,115,51820,377.66,1,52.49,8,10,2,39.96,1,0,10,6.4,0,1,1.1,Adulto,Neutro,0.14,True,0.10580945824286395
1820,1821,20,Norte,85,51821,200.13,4,24.52,11,5,1,54.41,2,0,2,5.4,0,4,6.2,Jovem Adulto,Detrator,0.12,True,0.2718732823664618
1821,1822,28,Centro-Oeste,38,51822,767.71,3,6.8,4,3,2,52.79,1,3,8,4.5,0,7,0.2,Jovem Adulto,Detrator,0.01,True,0.06876294434096208
1822,1823,56,Sudeste,111,51823,363.18,1,28.02,8,6,2,29.16,3,0,5,6.7,0,2,4.6,Adulto,Neutro,0.08,True,0.080290764909962
1823,1824,63,Nordeste,45,51824,528.61,2,19.39,1,14,2,28.01,2,3,7,1.5,0,7,1.7,Idoso,Detrator,0.04,True,0.05298802519816122
1824,1825,65,Nordeste,80,51825,202.58,6,18.92,8,14,3,26.1,1,3,7,0.0,0,5,0.0,Idoso,,0.09,True,0.12883798992990422
1825,1826,54,Centro-Oeste,1,51826,206.34,1,57.21,7,14,5,11.93,3,3,10,0.0,0,7,0.0,Adulto,,0.28,True,0.057817194921004164
1826,1827,38,Sul,36,51827,906.87,5,40.28,2,12,2,17.47,1,4,8,1.8,0,6,0.0,Adulto,Detrator,0.04,True,0.019264062103719386
1827,1828,62,Sul,28,51828,525.01,1,20.25,3,5,2,61.92,1,3,10,3.0,0,5,0.0,Idoso,Detrator,0.04,True,0.11794061065503515
1828,1829,65,Sudeste,9,51829,233.43,1,31.45,10,13,1,44.21,1,2,0,7.7,0,3,6.7,Idoso,Neutro,0.13,True,0.1893929657713233
1829,1830,31,Sudeste,80,51830,329.96,3,22.66,2,6,3,44.38,1,1,6,7.1,0,2,2.5,Adulto,Neutro,0.07,True,0.13450115165474605
1830,1831,56,Sul,36,51831,133.98,1,52.6,11,12,0,55.25,2,0,6,8.1,1,1,5.4,Adulto,Promotor,0.39,False,0.4123749813404986
1831,1832,59,Norte,52,51832,463.22,4,21.62,10,5,0,46.27,1,0,8,10.0,1,4,5.1,Adulto,Promotor,0.05,False,0.09988774232546091
1832,1833,48,Nordeste,96,51833,685.32,2,21.93,7,11,4,23.36,2,1,9,2.9,0,3,0.0,Adulto,Detrator,0.03,True,0.034086266269771785
1833,1834,57,Nordeste,14,51834,140.51,5,70.64,1,4,2,48.62,2,2,4,4.3,0,6,3.1,Adulto,Detrator,0.5,True,0.34602519393637465
1834,1835,44,Centro-Oeste,86,51835,61.68,4,29.44,2,11,2,28.64,2,3,5,1.8,0,5,0.7,Adulto,Detrator,0.48,True,0.46433203631647213
1835,1836,34,Centro-Oeste,80,51836,839.76,3,84.87,2,9,0,59.14,1,1,0,10.0,1,1,8.2,Adulto,Promotor,0.1,False,0.07042488329999047
1836,1837,41,Norte,9,51837,208.1,4,18.86,6,3,1,52.7,2,0,5,3.5,0,2,6.1,Adulto,Detrator,0.09,True,0.2532436328688131
1837,1838,52,Nordeste,97,51838,342.72,4,11.63,6,7,0,33.36,1,2,2,5.3,0,5,5.4,Adulto,Detrator,0.03,False,0.09733893557422968
1838,1839,36,Centro-Oeste,13,51839,314.45,3,6.68,9,14,4,45.35,2,2,5,1.8,0,6,0.0,Adulto,Detrator,0.02,True,0.1442200667832724
1839,1840,51,Centro-Oeste,33,51840,263.56,6,11.39,2,5,3,22.78,3,1,3,5.4,0,6,4.9,Adulto,Detrator,0.04,True,0.08643193200789194
1840,1841,20,Norte,64,51841,214.06,3,29.29,10,2,4,32.05,2,3,11,0.0,0,7,0.0,Jovem Adulto,,0.14,True,0.14972437634308136
1841,1842,35,Nordeste,25,51842,781.26,1,17.98,4,7,3,20.2,2,1,9,4.2,0,5,1.2,Adulto,Detrator,0.02,True,0.02585566904743619
1842,1843,48,Norte,70,51843,633.9,3,12.8,3,14,1,34.44,1,2,7,6.0,0,5,2.2,Adulto,Detrator,0.02,True,0.054330336015144344
1843,1844,32,Nordeste,66,51844,435.65,3,44.54,1,11,1,47.15,2,2,0,3.8,0,5,6.7,Adulto,Detrator,0.1,True,0.10822908297945599
1844,1845,64,Nordeste,37,51845,26.05,5,11.62,3,3,2,47.26,3,2,5,4.7,0,4,2.8,Idoso,Detrator,0.45,True,1.8142034548944337
1845,1846,43,Centro-Oeste,71,51846,74.01,2,1.13,6,8,6,55.68,2,0,2,2.1,0,4,1.6,Adulto,Detrator,0.02,True,0.7523307661126875
1846,1847,58,Centro-Oeste,104,51847,706.06,4,9.59,6,12,3,46.66,3,3,9,2.6,0,5,0.0,Adulto,Detrator,0.01,True,0.06608503526612469
1847,1848,62,Sudeste,57,51848,179.94,6,6.67,5,14,5,35.39,1,0,3,3.2,0,3,2.8,Idoso,Detrator,0.04,True,0.1966766700011115
1848,1849,34,Norte,22,51849,178.84,3,1.27,6,2,2,58.77,2,1,1,5.2,0,3,6.1,Adulto,Detrator,0.01,True,0.3286177588906285
1849,1850,30,Sul,69,51850,208.33,6,39.45,6,11,1,14.87,1,1,0,6.3,0,4,8.0,Jovem Adulto,Neutro,0.19,True,0.07137714203427253
1850,1851,35,Sul,61,51851,294.32,2,3.52,3,8,0,42.34,3,1,8,7.7,0,1,4.2,Adulto,Neutro,0.01,False,0.1438570263658603
1851,1852,29,Sudeste,93,51852,180.98,3,44.61,4,11,1,53.95,1,1,11,6.0,0,3,1.8,Jovem Adulto,Detrator,0.25,True,0.298099237484805
1852,1853,39,Norte,65,51853,470.23,1,3.6,3,12,2,40.22,2,4,11,1.9,0,6,0.0,Adulto,Detrator,0.01,True,0.08553261170065712
1853,1854,54,Nordeste,107,51854,939.01,2,49.17,4,14,4,33.28,2,1,1,3.6,0,4,3.8,Adulto,Detrator,0.05,True,0.03544158209177751
1854,1855,62,Centro-Oeste,5,51855,330.11,4,9.23,9,3,3,41.56,1,3,10,0.0,0,5,0.0,Idoso,,0.03,True,0.12589742813001728
1855,1856,28,Norte,83,51856,474.63,3,30.64,10,6,1,39.77,1,2,2,6.5,0,4,5.3,Jovem Adulto,Neutro,0.06,True,0.08379158502412407
1856,1857,65,Centro-Oeste,114,51857,159.25,3,22.76,2,4,3,47.06,2,2,4,2.9,0,5,1.5,Idoso,Detrator,0.14,True,0.29551020408163264
1857,1858,30,Nordeste,67,51858,234.08,4,15.28,3,3,0,43.87,1,0,0,10.0,1,2,9.3,Jovem Adulto,Promotor,0.07,False,0.18741455912508542
1858,1859,53,Centro-Oeste,72,51859,728.57,3,31.13,5,8,1,51.31,2,3,11,3.1,0,5,0.0,Adulto,Detrator,0.04,True,0.07042562828554566
1859,1860,42,Sul,101,51860,448.02,3,21.81,1,10,2,36.01,2,1,2,2.0,0,3,5.5,Adulto,Detrator,0.05,True,0.08037587607696085
1860,1861,36,Norte,7,51861,859.15,2,67.46,5,5,3,32.79,2,6,10,0.0,0,10,0.0,Adulto,,0.08,True,0.03816562881918175
1861,1862,18,Centro-Oeste,101,51862,639.58,1,27.65,7,6,0,28.21,2,2,11,1.3,0,4,0.7,,Detrator,0.04,False,0.04410707026486131
1862,1863,31,Sudeste,23,51863,186.4,6,7.49,10,10,0,45.41,3,3,7,8.3,1,7,2.5,Adulto,Promotor,0.04,False,0.24361587982832617
1863,1864,19,Norte,101,51864,419.88,5,12.34,1,7,3,46.93,1,0,2,6.2,0,4,4.3,Jovem Adulto,Neutro,0.03,True,0.11177002953224731
1864,1865,22,Sul,24,51865,164.79,5,50.78,9,6,2,47.99,3,1,0,5.2,0,5,7.3,Jovem Adulto,Detrator,0.31,True,0.2912191273742339
1865,1866,66,Sul,109,51866,448.69,1,23.87,10,2,4,33.67,2,0,6,2.0,0,4,2.5,Idoso,Detrator,0.05,True,0.07504067396197821
1866,1867,24,Sul,96,51867,1086.46,4,17.79,3,2,1,27.11,1,0,0,10.0,1,2,8.6,Jovem Adulto,Promotor,0.02,True,0.024952598346924874
1867,1868,44,Norte,62,51868,274.26,6,14.12,10,5,0,33.54,2,2,8,6.1,0,3,3.6,Adulto,Neutro,0.05,False,0.12229271494202582
1868,1869,48,Centro-Oeste,65,51869,625.39,1,15.25,3,9,1,36.23,1,6,10,0.0,0,10,0.0,Adulto,,0.02,True,0.05793185052527223
1869,1870,58,Centro-Oeste,52,51870,196.9,2,5.63,11,8,2,34.77,1,2,11,3.6,0,5,0.0,Adulto,Detrator,0.03,True,0.1765871000507872
1870,1871,33,Sudeste,46,51871,497.13,3,0.52,3,13,2,27.68,1,1,2,3.5,0,6,6.3,Adulto,Detrator,0.0,True,0.05567960090921892
1871,1872,41,Nordeste,33,51872,1101.33,2,6.35,7,3,2,27.81,1,4,4,3.2,0,6,0.3,Adulto,Detrator,0.01,True,0.025251287080166707
1872,1873,63,Sudeste,94,51873,561.21,1,4.34,9,8,0,39.86,1,2,3,6.2,0,4,6.0,Idoso,Neutro,0.01,False,0.07102510646638513
1873,1874,50,Norte,80,51874,225.87,1,11.69,6,13,2,20.35,2,5,4,1.3,0,7,1.5,Adulto,Detrator,0.05,True,0.09009607296232347
1874,1875,51,Sudeste,5,51875,229.87,2,103.25,7,5,0,50.33,3,0,0,7.6,0,2,9.6,Adulto,Neutro,0.45,False,0.21894984121459954
1875,1876,23,Centro-Oeste,113,51876,445.63,5,65.13,4,5,1,36.83,1,0,5,9.1,1,2,4.9,Jovem Adulto,Promotor,0.15,True,0.08264703902340506
1876,1877,20,Centro-Oeste,25,51877,49.35,4,23.17,8,11,1,54.88,2,2,6,4.1,0,4,3.3,Jovem Adulto,Detrator,0.47,True,1.1120567375886525
1877,1878,51,Norte,49,51878,51.11,2,59.81,3,10,0,40.03,1,1,9,4.0,0,3,2.6,Adulto,Detrator,1.17,False,0.7832126785364899
1878,1879,28,Centro-Oeste,44,51879,788.55,4,50.42,7,12,3,26.29,1,1,11,1.5,0,5,0.0,Jovem Adulto,Detrator,0.06,True,0.03333967408534652
1879,1880,38,Nordeste,26,51880,496.26,3,33.99,10,14,3,45.66,2,2,2,6.2,0,5,3.6,Adulto,Neutro,0.07,True,0.09200822149679604
1880,1881,56,Sul,38,51881,324.18,5,1.37,3,3,4,42.46,3,2,11,1.8,0,5,0.0,Adulto,Detrator,0.0,True,0.13097661792831145
1881,1882,59,Sudeste,48,51882,572.01,6,14.77,1,10,1,32.66,2,0,9,6.1,0,1,3.2,Adulto,Neutro,0.03,True,0.05709690390028146
1882,1883,41,Norte,52,51883,971.7,3,27.64,7,8,0,55.05,1,3,0,8.4,1,5,6.8,Adulto,Promotor,0.03,False,0.05665328805186785
1883,1884,64,Sudeste,64,51884,466.64,2,40.15,3,4,3,49.22,1,4,2,1.6,0,8,2.9,Idoso,Detrator,0.09,True,0.10547745585462026
1884,1885,19,Sul,45,51885,118.34,6,45.14,7,4,3,51.67,3,1,6,2.9,0,3,2.6,Jovem Adulto,Detrator,0.38,True,0.43662328882879836
1885,1886,53,Norte,55,51886,443.93,2,44.28,3,2,2,27.08,2,2,0,5.6,0,6,5.8,Adulto,Detrator,0.1,True,0.06100060820399612
1886,1887,47,Centro-Oeste,48,51887,470.3,5,30.46,8,5,1,32.18,3,1,2,6.7,0,5,5.9,Adulto,Neutro,0.06,True,0.06842440995109504
1887,1888,44,Sul,12,51888,136.78,3,9.01,5,6,5,22.33,1,0,10,1.3,0,4,0.0,Adulto,Detrator,0.07,True,0.16325486182190377
1888,1889,24,Centro-Oeste,95,51889,576.06,5,47.06,6,4,1,23.26,2,1,4,3.3,0,4,5.1,Jovem Adulto,Detrator,0.08,True,0.04037773843002466
1889,1890,18,Centro-Oeste,17,51890,552.38,4,1.56,2,6,2,35.54,2,0,4,4.4,0,2,4.7,,Detrator,0.0,True,0.06433976610304501
1890,1891,57,Sudeste,82,51891,535.94,5,37.63,8,13,5,36.94,1,1,10,0.0,0,3,0.0,Adulto,,0.07,True,0.06892562600291076
1891,1892,40,Nordeste,96,51892,722.97,6,6.81,6,2,1,9.28,3,0,10,5.3,0,3,3.5,Adulto,Detrator,0.01,True,0.012835940633774568
1892,1893,24,Sul,91,51893,684.57,6,25.1,2,4,2,22.41,2,2,3,2.6,0,5,4.0,Jovem Adulto,Detrator,0.04,True,0.0327358779964065
1893,1894,34,Centro-Oeste,70,51894,382.88,5,69.09,8,14,0,50.28,3,2,10,5.3,0,4,2.5,Adulto,Detrator,0.18,False,0.13132051817801924
1894,1895,45,Centro-Oeste,92,51895,562.8,2,9.95,11,8,4,33.53,1,2,11,0.9,0,5,0.0,Adulto,Detrator,0.02,True,0.059577114427860706
1895,1896,37,Norte,116,51896,117.91,3,9.47,6,5,0,43.12,1,2,9,6.4,0,5,2.3,Adulto,Neutro,0.08,False,0.36570265456704265
1896,1897,48,Centro-Oeste,105,51897,264.11,2,5.37,10,11,3,35.01,3,1,10,1.5,0,7,0.1,Adulto,Detrator,0.02,True,0.13255840369542993
1897,1898,49,Nordeste,95,51898,259.39,1,8.78,5,2,5,56.7,3,0,0,3.9,0,4,3.7,Adulto,Detrator,0.03,True,0.21858976830255603
1898,1899,55,Sul,22,51899,1826.22,2,58.33,6,4,0,43.97,2,1,1,8.9,1,1,7.2,Adulto,Promotor,0.03,False,0.024077055338349158
1899,1900,20,Centro-Oeste,59,51900,565.66,4,25.04,1,8,1,23.7,2,2,4,8.5,1,4,3.3,Jovem Adulto,Promotor,0.04,True,0.041897959905243434
1900,1901,34,Norte,28,51901,196.84,6,5.52,2,2,4,41.18,1,2,8,2.4,0,4,0.0,Adulto,Detrator,0.03,True,0.2092054460475513
1901,1902,60,Norte,113,51902,511.9,5,33.07,2,2,1,32.63,2,1,1,6.3,0,2,7.9,Adulto,Neutro,0.06,True,0.06374291853877712
1902,1903,37,Sudeste,100,51903,588.29,3,2.18,9,2,1,43.77,1,1,1,7.1,0,2,7.5,Adulto,Neutro,0.0,True,0.0744020806065036
1903,1904,48,Sul,113,51904,215.74,3,5.73,10,6,2,35.48,3,3,4,5.0,0,6,1.4,Adulto,Detrator,0.03,True,0.1644572170204876
1904,1905,26,Centro-Oeste,9,51905,94.64,3,48.72,1,9,0,39.74,3,0,3,10.0,1,1,7.9,Jovem Adulto,Promotor,0.51,False,0.4199070160608622
1905,1906,40,Centro-Oeste,72,51906,277.69,1,64.51,10,5,2,41.87,1,3,2,2.3,0,7,4.4,Adulto,Detrator,0.23,True,0.15077964636825236
1906,1907,49,Sul,98,51907,100.37,2,0.43,10,6,4,42.46,3,2,11,5.0,0,4,0.0,Adulto,Detrator,0.0,True,0.4230347713460197
1907,1908,41,Nordeste,76,51908,157.4,4,43.98,1,3,1,64.8,2,2,1,1.3,0,5,6.5,Adulto,Detrator,0.28,True,0.41168996188055906
1908,1909,26,Sul,110,51909,474.72,4,67.29,11,7,5,20.34,3,3,10,0.0,0,6,0.0,Jovem Adulto,,0.14,True,0.04284630940343781
1909,1910,47,Sudeste,95,51910,175.25,4,58.83,2,9,1,37.18,1,1,2,8.5,1,4,6.2,Adulto,Promotor,0.34,True,0.2121540656205421
1910,1911,38,Sudeste,100,51911,370.99,1,23.05,11,4,3,33.71,1,0,2,4.0,0,4,5.3,Adulto,Detrator,0.06,True,0.09086498288363568
1911,1912,69,Sudeste,105,51912,466.79,6,0.55,2,9,3,33.27,2,1,9,4.5,0,3,0.3,Idoso,Detrator,0.0,True,0.07127402043745582
1912,1913,40,Sudeste,54,51913,691.21,6,3.67,4,8,2,60.21,1,2,6,3.7,0,5,1.5,Adulto,Detrator,0.01,True,0.08710811475528421
1913,1914,45,Centro-Oeste,7,51914,354.57,1,8.33,8,4,1,41.3,2,1,5,6.7,0,3,5.3,Adulto,Neutro,0.02,True,0.11647911554841074
1914,1915,63,Sudeste,103,51915,195.02,6,23.53,8,10,2,26.28,2,1,2,4.8,0,4,5.3,Idoso,Detrator,0.12,True,0.13475540970156907
1915,1916,23,Norte,116,51916,284.14,5,38.98,4,4,4,49.83,2,3,11,0.7,0,6,0.0,Jovem Adulto,Detrator,0.14,True,0.17537129584007885
1916,1917,37,Sul,8,51917,60.53,1,0.23,10,13,3,25.95,2,0,5,5.6,0,3,3.4,Adulto,Detrator,0.0,True,0.42871303485874773
1917,1918,32,Centro-Oeste,87,51918,1668.29,4,6.11,2,10,4,6.69,2,0,6,4.8,0,2,1.5,Adulto,Detrator,0.0,True,0.004010094168280095
1918,1919,67,Sudeste,85,51919,305.52,2,13.71,3,2,2,35.97,3,2,0,6.4,0,4,5.7,Idoso,Neutro,0.04,True,0.1177336999214454
1919,1920,69,Centro-Oeste,109,51920,208.31,2,0.46,2,12,2,38.89,2,0,8,0.0,0,4,2.6,Idoso,,0.0,True,0.18669290960587587
1920,1921,44,Norte,54,51921,551.6,6,38.22,4,10,0,37.64,2,3,9,5.1,0,6,1.2,Adulto,Detrator,0.07,False,0.06823785351704133
1921,1922,52,Centro-Oeste,27,51922,181.23,1,19.73,3,9,4,28.6,2,0,6,2.5,0,3,1.0,Adulto,Detrator,0.11,True,0.15781051702256801
1922,1923,38,Sul,13,51923,825.22,6,40.39,10,10,2,32.84,2,0,11,7.9,0,1,1.2,Adulto,Neutro,0.05,True,0.03979544848646422
1923,1924,57,Sul,52,51924,1230.69,4,1.89,4,14,3,42.3,1,3,4,0.0,0,6,2.6,Adulto,,0.0,True,0.03437096263071935
1924,1925,69,Norte,41,51925,218.24,2,5.93,4,3,0,37.24,2,4,5,6.8,0,5,3.3,Idoso,Neutro,0.03,False,0.17063782991202348
1925,1926,29,Nordeste,113,51926,688.33,1,46.3,4,8,0,44.52,2,0,5,7.3,0,3,6.5,Jovem Adulto,Neutro,0.07,False,0.06467827931370128
1926,1927,39,Sudeste,3,51927,220.26,2,2.95,6,4,2,34.64,2,3,10,2.4,0,7,0.0,Adulto,Detrator,0.01,True,0.15726868246617634
1927,1928,22,Nordeste,20,51928,560.06,5,2.76,5,2,4,16.11,1,1,2,1.0,0,4,2.9,Jovem Adulto,Detrator,0.0,True,0.02876477520265686
1928,1929,18,Norte,116,51929,492.59,2,2.46,3,12,2,55.57,2,2,7,1.2,0,5,1.4,,Detrator,0.0,True,0.11281187194218316
1929,1930,58,Norte,11,51930,1396.51,6,16.52,8,3,3,62.57,3,1,7,0.4,0,4,2.1,Adulto,Detrator,0.01,True,0.04480454848157192
1930,1931,66,Centro-Oeste,57,51931,39.17,4,38.59,9,13,2,41.58,2,2,9,4.3,0,5,0.0,Idoso,Detrator,0.99,True,1.0615266785805462
1931,1932,45,Centro-Oeste,98,51932,191.39,1,12.9,4,7,7,59.1,3,1,2,0.3,0,4,1.5,Adulto,Detrator,0.07,True,0.30879356288207327
1932,1933,20,Nordeste,44,51933,756.14,5,114.99,4,3,4,51.66,3,4,4,2.4,0,7,0.2,Jovem Adulto,Detrator,0.15,True,0.06832068135530457
1933,1934,49,Centro-Oeste,112,51934,373.64,6,31.31,1,14,2,19.46,3,0,2,7.2,0,2,5.1,Adulto,Neutro,0.08,True,0.05208221817792528
1934,1935,67,Sul,66,51935,222.92,6,17.1,7,9,2,45.11,1,2,0,5.2,0,5,6.6,Idoso,Detrator,0.08,True,0.2023595908846223
1935,1936,55,Nordeste,97,51936,207.11,4,18.09,11,13,1,31.76,3,1,10,4.7,0,3,2.6,Adulto,Detrator,0.09,True,0.15334846216986142
1936,1937,29,Centro-Oeste,7,51937,149.9,2,34.58,11,11,2,37.97,3,0,7,7.0,0,2,3.1,Jovem Adulto,Neutro,0.23,True,0.2533022014676451
1937,1938,23,Sul,95,51938,372.87,5,64.61,7,3,5,52.56,1,0,8,0.5,0,2,0.0,Jovem Adulto,Detrator,0.17,True,0.1409606565290852
1938,1939,53,Sudeste,92,51939,336.21,1,6.81,8,8,2,33.88,2,0,1,9.1,1,2,6.9,Adulto,Promotor,0.02,True,0.1007703518634187
1939,1940,38,Nordeste,106,51940,150.59,5,15.04,4,13,3,41.22,1,0,2,5.4,0,3,4.6,Adulto,Detrator,0.1,True,0.2737233548044359
1940,1941,68,Sul,59,51941,82.45,3,57.8,2,4,4,52.47,2,2,1,2.4,0,6,3.5,Idoso,Detrator,0.7,True,0.6363856882959369
1941,1942,43,Nordeste,105,51942,205.41,4,18.64,11,8,1,36.98,1,0,11,8.7,1,1,2.1,Adulto,Promotor,0.09,True,0.1800301835353683
1942,1943,20,Nordeste,27,51943,327.13,6,33.91,7,13,1,65.46,1,2,9,3.0,0,4,0.9,Jovem Adulto,Detrator,0.1,True,0.20010393421575517
1943,1944,63,Sul,81,51944,430.53,1,35.25,10,11,7,42.29,1,1,10,0.0,0,4,0.0,Idoso,,0.08,True,0.09822776577706548
1944,1945,19,Norte,91,51945,500.29,4,23.32,7,13,5,23.36,3,0,4,0.0,0,3,2.0,Jovem Adulto,,0.05,True,0.04669291810749765
1945,1946,60,Sudeste,78,51946,504.14,2,8.9,7,4,3,21.85,1,0,3,3.9,0,3,4.9,Adulto,Detrator,0.02,True,0.04334113539889713
1946,1947,26,Norte,13,51947,259.45,5,0.06,11,7,2,20.71,3,2,4,5.3,0,4,3.2,Jovem Adulto,Detrator,0.0,True,0.079822701869339
1947,1948,55,Sul,34,51948,143.97,6,33.99,2,14,1,40.01,2,1,4,3.9,0,4,5.6,Adulto,Detrator,0.24,True,0.2779051191220393
1948,1949,58,Centro-Oeste,90,51949,777.3,1,20.5,9,5,5,35.0,3,5,6,0.0,0,7,0.0,Adulto,,0.03,True,0.045027659848192465
1949,1950,67,Nordeste,63,51950,204.86,2,6.9,7,12,3,46.76,3,2,11,5.2,0,4,0.0,Idoso,Detrator,0.03,True,0.22825344137459727
1950,1951,69,Nordeste,26,51951,809.46,4,11.19,6,12,1,25.73,3,1,6,6.4,0,2,4.6,Idoso,Neutro,0.01,True,0.03178662318088602
1951,1952,34,Sul,25,51952,397.06,2,46.37,3,4,4,33.63,3,1,8,0.5,0,5,0.1,Adulto,Detrator,0.12,True,0.08469752682214275
1952,1953,38,Sul,113,51953,329.93,4,3.31,7,7,0,38.85,3,2,9,7.6,0,2,2.2,Adulto,Neutro,0.01,False,0.11775225047737399
1953,1954,38,Sul,112,51954,190.64,4,105.31,3,4,0,41.36,3,0,6,6.1,0,1,6.1,Adulto,Neutro,0.55,False,0.21695342005874949
1954,1955,60,Sul,1,51955,723.87,1,69.39,4,2,2,38.7,3,1,8,4.2,0,3,1.0,Adulto,Detrator,0.1,True,0.05346263831903519
1955,1956,58,Nordeste,20,51956,315.96,3,2.24,10,11,1,32.44,1,1,7,4.9,0,5,3.9,Adulto,Detrator,0.01,True,0.10267122420559564
1956,1957,68,Sudeste,15,51957,359.35,3,20.38,2,4,1,55.22,3,2,4,2.0,0,4,3.5,Idoso,Detrator,0.06,True,0.15366634200640042
1957,1958,52,Sul,21,51958,764.43,3,4.78,3,3,4,52.18,2,0,0,6.1,0,2,5.5,Adulto,Neutro,0.01,True,0.06826001072694687
1958,1959,51,Norte,92,51959,244.52,2,6.12,7,2,2,58.48,1,0,6,7.2,0,3,4.7,Adulto,Neutro,0.03,True,0.2391624407001472
1959,1960,20,Sul,114,51960,108.6,3,1.08,4,5,1,36.61,3,0,11,3.3,0,2,1.3,Jovem Adulto,Detrator,0.01,True,0.3371086556169429
1960,1961,37,Nordeste,99,51961,310.79,6,8.4,2,11,1,44.14,1,1,2,4.7,0,4,6.8,Adulto,Detrator,0.03,True,0.1420251616847389
1961,1962,66,Sul,13,51962,162.0,5,20.57,7,2,2,58.27,1,2,4,4.9,0,4,2.6,Idoso,Detrator,0.13,True,0.3596913580246914
1962,1963,39,Sudeste,84,51963,296.71,1,15.31,1,7,3,56.46,1,3,4,2.9,0,5,0.9,Adulto,Detrator,0.05,True,0.190286812038691
1963,1964,41,Nordeste,84,51964,395.57,4,28.52,8,10,0,35.2,2,2,4,6.2,0,2,5.4,Adulto,Neutro,0.07,False,0.08898551457390602
1964,1965,60,Centro-Oeste,4,51965,374.67,4,42.72,1,9,3,48.67,2,2,0,3.8,0,4,4.9,Adulto,Detrator,0.11,True,0.12990097952865187
1965,1966,66,Nordeste,108,51966,555.83,5,30.85,8,7,3,47.55,3,2,2,2.6,0,6,4.0,Idoso,Detrator,0.06,True,0.08554773941672812
1966,1967,46,Norte,60,51967,663.22,5,4.76,3,5,4,45.32,1,3,6,2.3,0,6,0.0,Adulto,Detrator,0.01,True,0.06833328307348994
1967,1968,29,Centro-Oeste,94,51968,499.55,4,8.28,8,5,1,31.73,3,1,5,7.7,0,4,4.3,Jovem Adulto,Neutro,0.02,True,0.06351716544890401
1968,1969,52,Norte,95,51969,819.13,2,10.11,2,11,1,44.86,2,3,5,4.3,0,7,2.5,Adulto,Detrator,0.01,True,0.0547654218500116
1969,1970,40,Centro-Oeste,41,51970,339.39,3,35.53,3,11,4,57.96,1,5,5,0.0,0,7,0.0,Adulto,,0.1,True,0.1707769822328295
1970,1971,31,Norte,4,51971,885.1,6,11.54,1,8,2,55.21,3,0,4,7.2,0,1,5.2,Adulto,Neutro,0.01,True,0.06237713252739804
1971,1972,48,Sudeste,118,51972,87.65,1,42.86,9,2,1,29.91,3,1,9,4.5,0,3,2.6,Adulto,Detrator,0.49,True,0.34124358243011976
1972,1973,56,Centro-Oeste,63,51973,419.32,3,6.0,8,3,4,43.58,2,0,3,5.5,0,3,2.6,Adulto,Detrator,0.01,True,0.10393017266049795
1973,1974,41,Centro-Oeste,102,51974,578.71,5,14.87,3,2,2,46.02,1,0,5,6.5,0,2,4.1,Adulto,Neutro,0.03,True,0.07952169480396053
1974,1975,57,Centro-Oeste,49,51975,893.47,3,2.47,1,11,3,30.3,1,2,3,1.4,0,4,3.0,Adulto,Detrator,0.0,True,0.033912722307408195
1975,1976,68,Norte,19,51976,613.83,3,3.05,2,11,2,40.42,1,1,2,6.5,0,3,5.7,Idoso,Neutro,0.0,True,0.06584885065897723
1976,1977,51,Centro-Oeste,13,51977,625.19,3,58.46,7,8,0,38.54,1,0,3,9.7,1,1,7.4,Adulto,Promotor,0.09,False,0.061645259841008326
1977,1978,56,Centro-Oeste,80,51978,599.17,4,4.89,10,7,1,41.45,2,1,4,5.7,0,7,4.9,Adulto,Detrator,0.01,True,0.06917903099287348
1978,1979,33,Norte,20,51979,629.58,1,12.21,4,10,2,45.29,3,0,1,7.0,0,3,6.2,Adulto,Neutro,0.02,True,0.07193684678674671
1979,1980,18,Sudeste,72,51980,89.59,1,18.17,1,11,0,43.19,3,1,8,5.0,0,4,4.0,,Detrator,0.2,False,0.4820850541355062
1980,1981,39,Nordeste,11,51981,608.13,3,39.51,9,13,4,36.14,2,2,11,1.1,0,4,0.0,Adulto,Detrator,0.06,True,0.05942808281124102
1981,1982,31,Centro-Oeste,21,51982,616.66,3,24.83,3,11,2,35.46,1,0,7,3.4,0,6,3.4,Adulto,Detrator,0.04,True,0.057503324360263355
1982,1983,52,Norte,111,51983,794.83,1,28.86,4,9,2,34.73,2,3,3,5.4,0,6,2.3,Adulto,Detrator,0.04,True,0.04369487815004466
1983,1984,31,Sul,119,51984,882.62,2,31.67,5,12,0,30.2,3,2,1,8.0,1,2,7.0,Adulto,Neutro,0.04,False,0.034216310530012915
1984,1985,67,Sudeste,28,51985,371.71,3,3.26,3,10,3,31.83,2,2,8,2.8,0,6,0.2,Idoso,Detrator,0.01,True,0.0856312716902962
1985,1986,20,Centro-Oeste,80,51986,206.37,3,4.01,7,12,2,33.5,3,0,2,3.4,0,2,5.9,Jovem Adulto,Detrator,0.02,True,0.16232979599748026
1986,1987,23,Centro-Oeste,39,51987,367.96,2,15.12,5,12,2,33.31,2,3,7,2.4,0,5,1.4,Jovem Adulto,Detrator,0.04,True,0.09052614414610285
1987,1988,62,Centro-Oeste,67,51988,830.23,3,15.41,3,6,2,55.98,3,2,0,5.2,0,5,4.3,Idoso,Detrator,0.02,True,0.06742709851486937
1988,1989,28,Sul,95,51989,533.7,6,31.85,5,2,3,30.66,2,1,11,2.0,0,3,0.0,Jovem Adulto,Detrator,0.06,True,0.05744800449690837
1989,1990,54,Sul,30,51990,66.57,1,21.54,4,2,4,22.62,2,1,11,1.6,0,4,0.0,Adulto,Detrator,0.32,True,0.3397926994141506
1990,1991,44,Centro-Oeste,8,51991,909.62,4,0.77,11,10,2,31.37,2,1,11,2.4,0,4,0.2,Adulto,Detrator,0.0,True,0.034486928607550406
1991,1992,46,Sudeste,113,51992,351.66,6,20.89,6,11,2,58.14,1,1,9,4.5,0,4,2.3,Adulto,Detrator,0.06,True,0.16533014843883295
1992,1993,28,Nordeste,32,51993,1461.91,6,23.92,11,13,1,54.99,2,0,8,7.9,0,1,3.3,Jovem Adulto,Neutro,0.02,True,0.03761517466875526
1993,1994,19,Sul,76,51994,489.59,6,39.27,8,8,4,53.25,1,3,10,2.8,0,6,0.0,Jovem Adulto,Detrator,0.08,True,0.10876447639861926
1994,1995,29,Centro-Oeste,75,51995,245.97,2,29.13,3,5,5,47.44,2,1,7,0.0,0,5,0.0,Jovem Adulto,,0.12,True,0.19286904907102492
1995,1996,41,Norte,63,51996,497.23,4,8.73,3,9,1,35.14,3,4,4,3.3,0,9,1.3,Adulto,Detrator,0.02,True,0.07067152022203005
1996,1997,41,Centro-Oeste,59,51997,587.06,5,18.96,2,11,2,62.51,1,0,1,7.5,0,1,6.9,Adulto,Neutro,0.03,True,0.10647974653357409
1997,1998,50,Centro-Oeste,34,51998,1126.92,6,48.74,8,4,3,43.7,2,2,9,2.1,0,7,0.0,Adulto,Detrator,0.04,True,0.03877826287580308
1998,1999,35,Sudeste,110,51999,701.83,1,59.58,11,9,3,42.8,3,0,11,4.6,0,2,1.7,Adulto,Detrator,0.08,True,0.06098342903552142
1999,2000,57,Nordeste,20,52000,94.62,4,45.77,1,3,5,36.95,3,1,10,0.0,0,4,0.0,Adulto,,0.48,True,0.3905094060452336
2000,2001,38,Sul,36,52001,399.95,6,2.85,4,4,0,42.29,1,4,9,4.5,0,7,1.3,Adulto,Detrator,0.01,False,0.10573821727715965
2001,2002,39,Norte,35,52002,101.28,6,5.3,7,7,0,35.49,2,2,7,5.7,0,4,3.8,Adulto,Detrator,0.05,False,0.35041469194312796
2002,2003,36,Sudeste,6,52003,164.11,2,18.91,6,8,1,30.45,1,1,11,7.5,0,2,1.4,Adulto,Neutro,0.12,True,0.18554627993419046
2003,2004,19,Sudeste,109,52004,204.54,6,31.81,9,5,1,27.54,2,1,9,8.2,1,3,2.6,Jovem Adulto,Promotor,0.16,True,0.13464359049574656
2004,2005,34,Sudeste,4,52005,1342.93,2,14.83,4,6,2,40.46,2,1,10,6.4,0,5,0.3,Adulto,Neutro,0.01,True,0.030128152621506706
2005,2006,57,Sudeste,44,52006,386.87,3,0.6,4,9,3,36.63,1,1,11,2.1,0,3,0.0,Adulto,Detrator,0.0,True,0.09468296843901053
2006,2007,68,Sudeste,84,52007,628.69,4,47.48,5,2,4,40.79,1,2,2,2.2,0,5,1.7,Idoso,Detrator,0.08,True,0.0648809429130414
2007,2008,21,Sudeste,46,52008,166.63,2,53.43,9,8,4,35.3,1,0,6,1.9,0,6,1.8,Jovem Adulto,Detrator,0.32,True,0.21184660625337573
2008,2009,27,Nordeste,31,52009,419.69,2,18.84,8,14,1,32.73,3,1,0,5.6,0,7,7.3,Jovem Adulto,Detrator,0.04,True,0.07798613262169696
2009,2010,60,Nordeste,2,52010,1257.6,4,19.62,9,7,1,25.23,3,0,4,5.2,0,2,6.4,Adulto,Detrator,0.02,True,0.020062022900763362
2010,2011,31,Norte,112,52011,401.35,3,85.02,3,11,0,46.33,1,3,10,6.5,0,4,0.2,Adulto,Neutro,0.21,False,0.11543540550641583
2011,2012,31,Sudeste,70,52012,791.46,1,10.45,8,6,3,40.06,2,2,4,3.5,0,4,2.1,Adulto,Detrator,0.01,True,0.05061531852525712
2012,2013,43,Sul,115,52013,199.51,5,2.52,4,8,1,41.86,3,1,10,5.9,0,5,2.1,Adulto,Detrator,0.01,True,0.20981404440880158
2013,2014,28,Sudeste,39,52014,498.08,5,28.99,7,12,3,40.71,1,1,9,3.0,0,3,0.9,Jovem Adulto,Detrator,0.06,True,0.08173385801477674
2014,2015,42,Norte,27,52015,416.92,3,11.88,3,10,3,48.69,1,0,10,5.7,0,4,1.2,Adulto,Detrator,0.03,True,0.11678499472320827
2015,2016,48,Norte,31,52016,28.5,4,3.17,1,7,4,36.46,2,1,3,1.6,0,3,3.5,Adulto,Detrator,0.11,True,1.2792982456140352
2016,2017,48,Norte,38,52017,65.76,4,3.21,9,14,2,37.14,2,0,7,3.9,0,3,2.9,Adulto,Detrator,0.05,True,0.5647810218978102
2017,2018,48,Norte,49,52018,654.59,2,77.13,8,6,3,39.92,2,2,4,0.8,0,6,2.1,Adulto,Detrator,0.12,True,0.06098473853862723
2018,2019,60,Sul,26,52019,278.11,6,29.09,2,6,4,32.46,3,2,1,3.9,0,6,2.9,Adulto,Detrator,0.1,True,0.11671640717701628
2019,2020,53,Centro-Oeste,7,52020,214.0,6,5.39,3,13,3,23.47,2,2,6,6.4,0,6,1.2,Adulto,Neutro,0.03,True,0.10967289719626168
2020,2021,42,Nordeste,74,52021,488.17,6,2.58,11,14,3,43.77,2,0,3,7.4,0,2,4.7,Adulto,Neutro,0.01,True,0.08966138845074462
2021,2022,48,Norte,12,52022,301.48,2,9.62,8,11,0,15.01,3,2,9,5.0,0,4,3.3,Adulto,Detrator,0.03,False,0.04978771394454026
2022,2023,40,Sul,115,52023,276.6,1,20.51,3,9,2,46.01,2,2,0,4.6,0,7,5.0,Adulto,Detrator,0.07,True,0.16634128705712217
2023,2024,59,Nordeste,73,52024,732.03,4,5.86,6,6,0,25.16,1,4,7,2.3,0,8,1.7,Adulto,Detrator,0.01,False,0.03437017608567955
2024,2025,31,Norte,83,52025,985.11,6,16.69,10,10,1,52.66,2,1,10,1.1,0,3,1.3,Adulto,Detrator,0.02,True,0.05345595923297906
2025,2026,67,Sudeste,18,52026,350.38,5,24.97,10,4,2,53.36,1,0,0,5.8,0,4,7.6,Idoso,Detrator,0.07,True,0.15229179747702495
2026,2027,34,Norte,80,52027,544.91,1,4.56,5,8,2,50.46,3,0,2,7.2,0,2,6.3,Adulto,Neutro,0.01,True,0.09260244811069719
2027,2028,23,Sudeste,69,52028,295.11,2,93.08,2,5,2,2.87,1,0,3,5.8,0,2,4.1,Jovem Adulto,Detrator,0.32,True,0.00972518721832537
2028,2029,22,Norte,75,52029,245.36,6,12.06,10,12,0,39.07,2,0,7,5.0,0,1,5.7,Jovem Adulto,Detrator,0.05,False,0.15923540919465276
2029,2030,36,Nordeste,46,52030,277.89,5,32.12,8,10,5,22.46,1,2,3,1.6,0,5,0.8,Adulto,Detrator,0.12,True,0.08082334736766347
2030,2031,55,Centro-Oeste,42,52031,111.3,4,20.05,2,7,3,26.39,2,1,11,1.4,0,3,0.0,Adulto,Detrator,0.18,True,0.2371069182389937
2031,2032,60,Sul,42,52032,96.41,1,81.15,10,5,1,48.83,2,2,8,5.5,0,4,1.7,Adulto,Detrator,0.84,True,0.5064827300072606
2032,2033,29,Sudeste,45,52033,385.19,5,21.34,5,14,4,42.09,2,1,1,0.0,0,4,3.9,Jovem Adulto,,0.06,True,0.10927074950024664
2033,2034,52,Centro-Oeste,45,52034,339.28,5,13.64,8,3,4,6.13,3,4,6,0.0,0,6,0.0,Adulto,,0.04,True,0.01806767271869842
2034,2035,32,Sul,97,52035,217.15,3,22.53,8,2,6,30.65,3,3,3,0.2,0,6,0.0,Adulto,Detrator,0.1,True,0.14114667280681556
2035,2036,53,Sudeste,68,52036,350.52,1,11.39,4,2,2,48.5,3,3,8,3.3,0,5,0.0,Adulto,Detrator,0.03,True,0.1383658564418578
2036,2037,39,Sul,58,52037,233.82,3,9.16,8,3,1,56.32,3,2,1,8.5,1,3,6.6,Adulto,Promotor,0.04,True,0.2408690445641947
2037,2038,30,Sudeste,17,52038,354.6,5,32.14,5,8,3,54.52,3,2,11,6.7,0,3,0.0,Jovem Adulto,Neutro,0.09,True,0.15375070501974056
2038,2039,63,Sul,85,52039,708.67,6,57.14,6,6,1,53.31,3,0,7,5.4,0,2,4.8,Idoso,Detrator,0.08,True,0.07522542226988585
2039,2040,31,Norte,27,52040,509.91,4,0.78,2,9,2,46.51,2,0,7,0.8,0,3,3.7,Adulto,Detrator,0.0,True,0.09121217469749562
2040,2041,23,Sul,67,52041,290.32,1,15.3,6,11,5,32.97,3,0,0,5.8,0,4,4.9,Jovem Adulto,Detrator,0.05,True,0.11356434279415817
2041,2042,28,Nordeste,36,52042,423.06,5,0.62,10,6,1,31.59,1,2,11,4.6,0,5,0.8,Jovem Adulto,Detrator,0.0,True,0.07467025953765423
2042,2043,47,Norte,40,52043,457.72,5,91.11,8,14,1,48.77,1,3,2,4.2,0,5,5.1,Adulto,Detrator,0.2,True,0.10654985580704361
2043,2044,20,Sudeste,19,52044,953.2,2,19.67,11,12,2,39.52,3,2,3,3.3,0,4,3.6,Jovem Adulto,Detrator,0.02,True,0.0414603441040705
2044,2045,26,Centro-Oeste,93,52045,563.3,6,14.66,6,12,5,37.95,3,1,4,1.9,0,4,1.8,Jovem Adulto,Detrator,0.03,True,0.06737085034617434
2045,2046,32,Sul,89,52046,182.71,2,15.34,5,5,4,20.27,1,3,10,1.0,0,6,0.0,Adulto,Detrator,0.08,True,0.11094083520332768
2046,2047,24,Centro-Oeste,114,52047,419.75,1,29.56,10,8,4,30.72,1,4,3,2.8,0,7,0.7,Jovem Adulto,Detrator,0.07,True,0.07318642048838594
2047,2048,21,Norte,61,52048,314.68,3,12.26,11,6,0,31.54,3,0,2,7.1,0,1,9.3,Jovem Adulto,Neutro,0.04,False,0.10022880386424303
2048,2049,49,Sul,81,52049,225.68,3,25.41,8,10,2,63.8,1,5,2,3.1,0,7,1.3,Adulto,Detrator,0.11,True,0.28270116979794396
2049,2050,29,Norte,32,52050,34.42,6,6.89,4,5,3,33.23,1,1,10,5.2,0,3,0.0,Jovem Adulto,Detrator,0.2,True,0.9654270772806507
2050,2051,42,Nordeste,93,52051,80.39,6,16.11,4,6,6,47.56,1,2,7,0.0,0,5,0.0,Adulto,,0.2,True,0.5916158726209728
2051,2052,49,Sul,23,52052,454.98,6,15.8,10,5,4,49.35,2,1,8,4.6,0,4,0.0,Adulto,Detrator,0.03,True,0.10846630621126203
2052,2053,32,Centro-Oeste,77,52053,421.44,1,4.7,10,13,0,39.67,1,1,5,7.6,0,1,5.4,Adulto,Neutro,0.01,False,0.09412965072133637
2053,2054,47,Sudeste,109,52054,199.72,1,62.48,4,11,3,36.06,2,1,1,4.9,0,4,5.4,Adulto,Detrator,0.31,True,0.18055277388343682
2054,2055,44,Norte,86,52055,835.91,3,0.06,6,5,2,45.96,2,1,10,2.9,0,4,0.6,Adulto,Detrator,0.0,True,0.05498199566939025
2055,2056,67,Nordeste,23,52056,604.69,6,7.52,3,5,3,41.7,2,2,10,2.5,0,4,0.0,Idoso,Detrator,0.01,True,0.06896095520018522
2056,2057,25,Norte,33,52057,996.42,3,9.6,8,4,4,39.62,2,4,6,0.8,0,8,0.0,Jovem Adulto,Detrator,0.01,True,0.03976234921017242
2057,2058,44,Centro-Oeste,9,52058,1075.37,2,0.87,11,7,0,26.33,3,0,6,8.0,1,0,5.4,Adulto,Neutro,0.0,False,0.024484595999516447
2058,2059,32,Centro-Oeste,26,52059,555.84,2,28.78,1,13,3,40.1,3,0,3,7.3,0,3,4.9,Adulto,Neutro,0.05,True,0.07214306275187105
2059,2060,23,Sul,19,52060,678.17,1,0.35,4,13,1,32.05,2,0,2,10.0,1,1,6.9,Jovem Adulto,Promotor,0.0,True,0.047259536694339174
2060,2061,66,Centro-Oeste,28,52061,605.25,5,16.65,7,14,2,32.12,2,2,4,6.3,0,4,3.3,Idoso,Neutro,0.03,True,0.05306897976042957
2061,2062,68,Norte,111,52062,349.57,3,42.01,10,2,2,39.17,2,3,9,0.0,0,7,0.0,Idoso,,0.12,True,0.11205194953800383
2062,2063,50,Norte,17,52063,240.84,4,11.99,10,8,4,22.31,2,2,9,2.2,0,5,0.0,Adulto,Detrator,0.05,True,0.09263411393456236
2063,2064,38,Sul,80,52064,674.77,3,33.68,11,3,0,49.3,1,4,9,2.9,0,6,0.0,Adulto,Detrator,0.05,False,0.07306193221393956
2064,2065,41,Nordeste,72,52065,695.21,6,169.16,8,8,2,45.22,2,3,6,6.1,0,4,1.7,Adulto,Neutro,0.24,True,0.06504509428805684
2065,2066,40,Nordeste,68,52066,659.68,6,10.37,3,4,0,38.28,3,2,7,5.3,0,3,4.3,Adulto,Detrator,0.02,False,0.05802813485326219
2066,2067,57,Centro-Oeste,39,52067,994.43,4,2.77,2,13,1,23.66,1,1,0,6.8,0,3,7.4,Adulto,Neutro,0.0,True,0.02379252436068904
2067,2068,31,Sudeste,50,52068,274.62,6,24.86,4,3,2,47.91,2,1,1,5.0,0,4,6.4,Adulto,Detrator,0.09,True,0.17445925278566746
2068,2069,56,Nordeste,7,52069,501.43,5,66.56,2,14,3,23.44,1,1,5,3.7,0,4,3.6,Adulto,Detrator,0.13,True,0.04674630556608101
2069,2070,41,Sudeste,78,52070,152.37,4,25.46,9,9,2,40.05,1,0,5,2.4,0,4,5.1,Adulto,Detrator,0.17,True,0.26284701712935615
2070,2071,58,Nordeste,108,52071,869.29,2,52.08,7,14,0,52.17,3,2,3,9.1,1,2,5.6,Adulto,Promotor,0.06,False,0.06001449458753696
2071,2072,48,Sudeste,77,52072,451.14,3,26.16,6,13,1,45.59,1,1,5,7.1,0,2,4.5,Adulto,Neutro,0.06,True,0.10105510484550252
2072,2073,60,Norte,94,52073,93.21,4,2.75,10,4,5,49.82,1,4,4,0.6,0,6,0.0,Adulto,Detrator,0.03,True,0.5344920072953546
2073,2074,20,Centro-Oeste,88,52074,391.66,4,22.93,1,12,2,25.72,2,1,11,4.1,0,4,0.0,Jovem Adulto,Detrator,0.06,True,0.06566920288004902
2074,2075,64,Centro-Oeste,16,52075,496.66,1,33.57,6,11,1,22.2,1,3,10,2.5,0,5,0.0,Idoso,Detrator,0.07,True,0.04469858655820883
2075,2076,38,Sudeste,98,52076,203.27,3,38.32,7,12,4,51.35,3,1,2,5.3,0,5,3.4,Adulto,Detrator,0.19,True,0.25261966842131156
2076,2077,37,Centro-Oeste,27,52077,636.38,5,5.54,10,2,3,42.42,2,1,1,4.5,0,4,5.1,Adulto,Detrator,0.01,True,0.06665828592979038
2077,2078,45,Nordeste,95,52078,285.22,3,67.41,8,10,1,45.55,3,1,1,4.5,0,3,6.4,Adulto,Detrator,0.24,True,0.1597012832199705
2078,2079,54,Nordeste,8,52079,1153.51,6,8.41,4,11,3,42.75,3,1,4,4.4,0,3,3.2,Adulto,Detrator,0.01,True,0.037060797045539266
2079,2080,22,Sul,73,52080,482.6,3,38.71,10,13,0,46.71,1,1,4,7.0,0,1,7.3,Jovem Adulto,Neutro,0.08,False,0.0967882304185661
2080,2081,33,Sul,81,52081,881.79,2,19.99,11,3,1,40.24,1,3,0,2.3,0,9,5.9,Adulto,Detrator,0.02,True,0.0456344481112283
2081,2082,44,Norte,72,52082,843.31,2,14.23,8,12,0,35.35,1,1,6,5.2,0,3,5.3,Adulto,Detrator,0.02,False,0.04191815583830383
2082,2083,40,Sudeste,60,52083,251.26,3,31.4,4,5,4,61.84,3,3,4,0.0,0,6,0.1,Adulto,,0.12,True,0.24611955743055006
2083,2084,49,Sul,83,52084,784.82,3,33.17,8,14,3,18.63,2,1,3,1.3,0,3,4.2,Adulto,Detrator,0.04,True,0.023737927168013043
2084,2085,47,Nordeste,28,52085,352.41,2,17.58,6,5,5,21.67,2,3,2,0.9,0,5,0.2,Adulto,Detrator,0.05,True,0.06149087710337391
2085,2086,23,Norte,72,52086,667.41,4,13.65,10,6,3,60.1,3,0,11,2.1,0,2,0.1,Jovem Adulto,Detrator,0.02,True,0.09004959470190738
2086,2087,24,Sudeste,84,52087,585.2,4,22.78,2,7,3,27.12,3,0,8,6.7,0,3,2.0,Jovem Adulto,Neutro,0.04,True,0.04634313055365687
2087,2088,32,Sudeste,56,52088,150.6,6,11.11,11,3,2,33.22,3,3,8,3.3,0,6,0.0,Adulto,Detrator,0.07,True,0.22058432934926958
2088,2089,35,Sudeste,86,52089,864.81,5,7.16,1,4,3,22.18,2,2,4,6.2,0,3,2.6,Adulto,Neutro,0.01,True,0.025647251997548595
2089,2090,58,Centro-Oeste,80,52090,266.26,4,16.63,9,6,1,35.55,1,2,2,3.4,0,4,4.7,Adulto,Detrator,0.06,True,0.13351611207090813
2090,2091,63,Sul,115,52091,247.4,3,7.97,4,10,1,50.9,1,1,2,6.1,0,3,5.6,Idoso,Neutro,0.03,True,0.2057396928051738
2091,2092,32,Sul,53,52092,432.54,5,38.67,9,14,1,33.17,1,0,10,5.7,0,4,2.7,Adulto,Detrator,0.09,True,0.0766865492208813
2092,2093,20,Centro-Oeste,44,52093,352.13,1,98.54,3,3,2,21.14,3,0,0,7.1,0,2,6.9,Jovem Adulto,Neutro,0.28,True,0.06003464629540227
2093,2094,68,Centro-Oeste,94,52094,670.2,1,90.22,3,13,0,30.68,3,4,10,3.2,0,8,0.0,Idoso,Detrator,0.13,False,0.04577737988660101
2094,2095,24,Nordeste,56,52095,429.21,1,67.98,8,2,2,25.87,1,2,9,4.6,0,5,0.5,Jovem Adulto,Detrator,0.16,True,0.060273525779921254
2095,2096,60,Nordeste,10,52096,142.25,3,5.39,9,13,0,38.35,3,1,2,6.1,0,3,7.6,Adulto,Neutro,0.04,False,0.26959578207381374
2096,2097,51,Sudeste,83,52097,553.67,4,0.04,6,13,1,25.93,2,1,3,6.1,0,4,6.0,Adulto,Neutro,0.0,True,0.04683295103581556
2097,2098,48,Centro-Oeste,90,52098,417.17,2,17.56,1,4,2,39.14,2,0,1,7.8,0,1,7.6,Adulto,Neutro,0.04,True,0.09382266222403336
2098,2099,18,Sudeste,51,52099,113.92,3,48.81,9,7,0,42.36,1,1,8,6.1,0,1,3.4,,Neutro,0.43,False,0.37183988764044945
2099,2100,23,Norte,11,52100,137.54,3,20.85,10,2,3,32.97,1,0,5,4.2,0,2,3.1,Jovem Adulto,Detrator,0.15,True,0.23971208375745237
2100,2101,47,Sul,91,52101,497.48,1,13.11,2,12,3,31.82,2,2,2,1.7,0,4,3.2,Adulto,Detrator,0.03,True,0.06396237034654659
2101,2102,20,Norte,49,52102,974.57,2,0.74,7,9,2,25.14,1,1,3,4.6,0,4,6.0,Jovem Adulto,Detrator,0.0,True,0.025795992078557723
2102,2103,31,Nordeste,109,52103,657.9,1,6.58,10,6,2,22.92,3,1,9,7.4,0,2,0.7,Adulto,Neutro,0.01,True,0.034838121295029646
2103,2104,68,Nordeste,78,52104,87.57,1,0.78,11,2,1,17.86,3,1,9,4.1,0,4,1.4,Idoso,Detrator,0.01,True,0.20395112481443417
2104,2105,22,Nordeste,82,52105,491.95,4,26.06,6,8,3,29.74,1,0,0,4.8,0,4,6.3,Jovem Adulto,Detrator,0.05,True,0.060453298099400345
2105,2106,60,Sul,68,52106,638.46,6,1.97,3,12,2,36.67,1,1,10,1.9,0,3,0.3,Adulto,Detrator,0.0,True,0.05743507815681483
2106,2107,40,Nordeste,62,52107,610.28,5,68.87,10,3,0,25.93,2,0,9,7.8,0,0,5.1,Adulto,Neutro,0.11,False,0.04248869371436062
2107,2108,44,Centro-Oeste,82,52108,323.03,4,15.4,9,3,3,28.96,1,2,4,3.3,0,6,2.1,Adulto,Detrator,0.05,True,0.08965111599541839
2108,2109,21,Sul,17,52109,719.29,3,10.24,1,4,3,15.23,3,0,2,7.6,0,2,5.6,Jovem Adulto,Neutro,0.01,True,0.021173657356559943
2109,2110,22,Centro-Oeste,33,52110,357.18,3,62.8,4,13,2,37.93,1,1,8,1.8,0,5,1.7,Jovem Adulto,Detrator,0.18,True,0.106192955932583
2110,2111,29,Norte,100,52111,605.59,4,3.03,10,5,0,39.59,1,0,2,6.7,0,0,8.0,Jovem Adulto,Neutro,0.01,False,0.06537426311530904
2111,2112,32,Sudeste,71,52112,315.43,2,5.95,11,8,0,48.75,3,0,8,9.1,1,1,5.6,Adulto,Promotor,0.02,False,0.15455093047585836
2112,2113,50,Sudeste,30,52113,1044.83,4,5.89,2,4,1,27.55,3,2,8,7.1,0,3,2.3,Adulto,Neutro,0.01,True,0.026367925882679482
2113,2114,43,Centro-Oeste,83,52114,1079.8,5,3.03,2,4,1,22.26,1,1,3,9.3,1,2,6.8,Adulto,Promotor,0.0,True,0.020614928690498243
2114,2115,24,Nordeste,101,52115,303.23,1,7.05,11,11,2,46.22,1,5,4,2.7,0,8,1.3,Jovem Adulto,Detrator,0.02,True,0.15242555156152093
2115,2116,41,Sul,89,52116,203.38,2,71.48,2,10,1,38.52,2,3,11,3.2,0,8,0.0,Adulto,Detrator,0.35,True,0.1893991542924575
2116,2117,37,Centro-Oeste,45,52117,375.02,1,21.53,7,8,2,47.51,2,1,5,4.4,0,3,3.8,Adulto,Detrator,0.06,True,0.1266865767159085
2117,2118,58,Sul,97,52118,522.59,2,1.4,10,9,1,27.01,1,0,10,7.6,0,1,2.0,Adulto,Neutro,0.0,True,0.05168487724602461
2118,2119,42,Sudeste,8,52119,648.74,3,53.59,6,12,3,53.68,3,1,8,0.8,0,6,1.3,Adulto,Detrator,0.08,True,0.08274501341061134
2119,2120,37,Sudeste,60,52120,206.5,3,24.41,6,12,1,43.45,2,2,3,7.0,0,3,4.8,Adulto,Neutro,0.12,True,0.21041162227602908
2120,2121,34,Sudeste,87,52121,176.71,4,24.92,3,13,1,15.82,3,4,3,4.6,0,7,1.9,Adulto,Detrator,0.14,True,0.0895252107973516
2121,2122,44,Nordeste,53,52122,855.72,5,95.94,6,6,1,35.42,3,2,9,6.6,0,4,0.0,Adulto,Neutro,0.11,True,0.04139204412658346
2122,2123,53,Centro-Oeste,80,52123,247.42,1,20.26,9,12,3,38.31,2,4,0,0.1,0,8,2.5,Adulto,Detrator,0.08,True,0.1548379274108803
2123,2124,52,Nordeste,71,52124,397.73,3,2.47,6,9,4,29.41,3,0,8,3.1,0,3,0.0,Adulto,Detrator,0.01,True,0.0739446358082116
2124,2125,65,Sudeste,43,52125,1410.34,1,87.38,10,5,2,41.69,1,3,3,1.9,0,5,2.9,Idoso,Detrator,0.06,True,0.02956024788348909
2125,2126,26,Sudeste,113,52126,525.67,2,109.29,5,8,1,48.19,1,2,1,5.2,0,5,6.3,Jovem Adulto,Detrator,0.21,True,0.09167348336408773
2126,2127,46,Norte,87,52127,506.53,6,2.69,8,11,1,31.43,3,1,1,8.6,1,4,7.2,Adulto,Promotor,0.01,True,0.06204963180857995
2127,2128,34,Centro-Oeste,14,52128,859.92,6,133.02,10,13,4,37.92,3,0,1,3.6,0,4,5.6,Adulto,Detrator,0.15,True,0.0440971253139827
2128,2129,24,Sudeste,39,52129,544.17,6,60.98,7,9,3,27.71,3,2,10,1.2,0,4,0.0,Jovem Adulto,Detrator,0.11,True,0.050921587004061235
2129,2130,65,Centro-Oeste,80,52130,454.29,5,74.57,4,12,1,49.77,1,1,4,5.0,0,5,6.2,Idoso,Detrator,0.16,True,0.10955557023046952
2130,2131,30,Sudeste,114,52131,1248.46,5,59.49,11,4,4,65.58,3,1,10,2.7,0,3,0.0,Jovem Adulto,Detrator,0.05,True,0.05252871537734489
2131,2132,35,Norte,118,52132,537.47,4,0.63,9,2,4,41.58,3,0,6,1.6,0,2,2.2,Adulto,Detrator,0.0,True,0.07736245743948499
2132,2133,57,Centro-Oeste,79,52133,225.33,3,179.99,6,14,0,59.57,3,2,8,4.5,0,4,2.5,Adulto,Detrator,0.8,False,0.26436781609195403
2133,2134,51,Sul,30,52134,666.34,2,43.94,9,2,2,39.84,3,1,4,3.9,0,3,4.5,Adulto,Detrator,0.07,True,0.05978929675541015
2134,2135,28,Centro-Oeste,99,52135,1095.19,5,43.47,11,9,0,70.01,2,3,8,7.7,0,3,2.5,Jovem Adulto,Neutro,0.04,False,0.06392498105351584
2135,2136,31,Centro-Oeste,116,52136,39.87,2,58.17,7,5,0,30.57,3,0,5,8.7,1,1,5.0,Adulto,Promotor,1.46,False,0.7667419112114372
2136,2137,69,Norte,45,52137,294.35,5,124.56,1,5,1,48.81,1,1,1,6.7,0,5,7.9,Idoso,Neutro,0.42,True,0.16582299983013418
2137,2138,33,Nordeste,46,52138,286.08,5,29.58,4,10,7,56.05,3,1,4,0.9,0,5,0.0,Adulto,Detrator,0.1,True,0.19592421700223714
2138,2139,60,Sul,3,52139,98.9,5,36.1,6,12,1,35.82,3,0,7,4.9,0,3,4.8,Adulto,Detrator,0.37,True,0.3621840242669363
2139,2140,36,Sudeste,103,52140,477.73,2,22.94,8,3,3,54.52,3,0,3,0.9,0,2,3.6,Adulto,Detrator,0.05,True,0.11412304021099784
2140,2141,26,Centro-Oeste,58,52141,1775.08,2,39.88,5,11,1,43.62,1,1,3,4.9,0,3,5.7,Jovem Adulto,Detrator,0.02,True,0.024573540347477295
2141,2142,46,Sudeste,22,52142,748.2,3,63.62,4,7,4,27.94,3,2,3,1.7,0,6,2.4,Adulto,Detrator,0.09,True,0.03734295642876236
2142,2143,26,Norte,61,52143,1164.08,1,12.96,8,7,0,42.24,2,2,10,6.1,0,2,1.4,Jovem Adulto,Neutro,0.01,False,0.03628616589925091
2143,2144,19,Norte,88,52144,197.07,3,11.56,5,6,3,42.61,1,2,1,5.5,0,6,3.5,Jovem Adulto,Detrator,0.06,True,0.2162175876592074
2144,2145,57,Sul,62,52145,537.69,3,42.91,6,9,3,23.28,1,0,5,6.9,0,2,3.8,Adulto,Neutro,0.08,True,0.04329632316018524
2145,2146,24,Sudeste,47,52146,191.86,3,26.5,3,13,4,25.15,3,0,7,3.9,0,4,1.7,Jovem Adulto,Detrator,0.14,True,0.13108516626706973
2146,2147,53,Norte,111,52147,382.79,3,13.93,9,7,0,18.55,1,0,4,8.7,1,1,7.8,Adulto,Promotor,0.04,False,0.04845999111784529
2147,2148,38,Centro-Oeste,93,52148,422.07,6,94.74,6,10,0,33.64,2,3,1,5.2,0,7,7.1,Adulto,Detrator,0.22,False,0.07970241903001872
2148,2149,40,Sudeste,38,52149,553.67,6,22.68,9,14,5,50.23,1,1,4,3.3,0,5,1.5,Adulto,Detrator,0.04,True,0.09072191016309354
2149,2150,53,Nordeste,31,52150,922.6,1,8.98,1,8,3,38.22,2,3,5,2.4,0,5,1.5,Adulto,Detrator,0.01,True,0.04142640364188164
2150,2151,48,Sul,92,52151,960.39,5,14.96,6,6,1,49.12,3,3,1,5.8,0,7,5.3,Adulto,Detrator,0.02,True,0.051145888649402844
2151,2152,45,Nordeste,111,52152,670.27,4,40.0,11,6,1,21.28,3,1,4,4.6,0,4,4.8,Adulto,Detrator,0.06,True,0.03174839989854835
2152,2153,33,Sudeste,55,52153,442.57,2,26.19,8,7,1,35.59,2,3,3,7.4,0,5,3.8,Adulto,Neutro,0.06,True,0.08041665725196015
2153,2154,42,Norte,80,52154,686.6,1,42.46,6,4,3,38.5,3,2,0,4.9,0,6,4.0,Adulto,Detrator,0.06,True,0.056073405184969415
2154,2155,53,Nordeste,2,52155,285.98,4,2.03,10,3,3,36.07,1,2,11,0.5,0,5,0.0,Adulto,Detrator,0.01,True,0.1261277012378488
2155,2156,26,Sul,76,52156,66.67,6,20.46,2,11,1,36.07,1,1,11,5.4,0,3,0.4,Jovem Adulto,Detrator,0.31,True,0.5410229488525574
2156,2157,20,Sul,89,52157,267.76,4,4.56,6,11,1,48.31,3,2,9,3.4,0,7,0.8,Jovem Adulto,Detrator,0.02,True,0.1804227666567075
2157,2158,27,Nordeste,92,52158,431.56,2,10.09,11,14,3,36.02,2,0,8,3.4,0,4,1.9,Jovem Adulto,Detrator,0.02,True,0.08346463991102049
2158,2159,53,Sudeste,94,52159,848.29,2,29.7,7,8,1,37.02,3,0,10,6.1,0,3,3.7,Adulto,Neutro,0.04,True,0.043640736069033
2159,2160,26,Norte,39,52160,454.09,3,38.58,5,9,1,30.62,1,1,3,7.0,0,3,5.8,Jovem Adulto,Neutro,0.08,True,0.06743156642956243
2160,2161,18,Sudeste,117,52161,660.3,6,51.57,7,4,2,32.19,1,4,6,1.0,0,6,0.5,,Detrator,0.08,True,0.04875056792367106
2161,2162,18,Sudeste,105,52162,396.01,1,112.15,4,13,2,44.93,2,2,9,7.6,0,4,1.2,,Neutro,0.28,True,0.11345673089063407
2162,2163,26,Sul,12,52163,154.21,3,16.65,11,14,2,58.18,3,2,4,3.0,0,6,2.9,Jovem Adulto,Detrator,0.11,True,0.37727773814927695
2163,2164,44,Nordeste,35,52164,853.23,2,36.04,1,11,2,38.71,1,3,8,3.2,0,6,0.4,Adulto,Detrator,0.04,True,0.04536877512511281
2164,2165,48,Sul,5,52165,298.11,3,14.29,4,6,0,36.42,2,3,4,7.9,0,4,4.1,Adulto,Neutro,0.05,False,0.1221696689141592
2165,2166,20,Centro-Oeste,6,52166,327.13,1,53.02,2,4,2,49.03,3,2,11,6.6,0,5,0.0,Jovem Adulto,Neutro,0.16,True,0.14987925289640205
2166,2167,60,Nordeste,37,52167,755.52,4,5.16,9,5,1,40.59,2,3,9,5.9,0,5,0.0,Adulto,Detrator,0.01,True,0.05372458703939009
2167,2168,36,Nordeste,39,52168,677.21,1,23.64,2,10,3,45.25,1,1,11,2.2,0,3,0.0,Adulto,Detrator,0.03,True,0.06681826907458543
2168,2169,50,Centro-Oeste,77,52169,462.99,3,1.92,1,8,0,30.11,2,3,1,4.8,0,5,5.7,Adulto,Detrator,0.0,False,0.06503380202596168
2169,2170,23,Norte,107,52170,1168.02,3,17.6,7,8,3,40.56,1,5,1,3.5,0,7,1.6,Jovem Adulto,Detrator,0.02,True,0.034725432783685214
2170,2171,43,Nordeste,11,52171,591.83,2,23.01,6,2,2,47.96,1,2,1,3.9,0,4,5.7,Adulto,Detrator,0.04,True,0.08103678421168241
2171,2172,63,Centro-Oeste,47,52172,410.21,4,74.57,4,13,1,26.16,3,1,6,10.0,1,3,3.8,Idoso,Promotor,0.18,True,0.06377221423173497
2172,2173,67,Norte,81,52173,568.61,3,42.19,4,11,1,46.85,2,4,9,4.6,0,7,0.4,Idoso,Detrator,0.07,True,0.08239390795096815
2173,2174,60,Centro-Oeste,99,52174,334.15,2,1.42,9,10,2,46.29,2,3,4,2.7,0,5,2.1,Adulto,Detrator,0.0,True,0.13853060002992668
2174,2175,69,Nordeste,96,52175,270.6,3,14.26,6,12,2,21.52,1,6,10,0.3,0,8,0.0,Idoso,Detrator,0.05,True,0.07952697708795269
2175,2176,67,Norte,104,52176,213.17,1,27.89,1,6,0,54.09,3,0,6,5.4,0,2,6.0,Idoso,Detrator,0.13,False,0.2537411455645729
2176,2177,41,Sul,101,52177,335.21,3,5.99,10,12,1,34.0,3,2,3,9.4,1,4,4.8,Adulto,Promotor,0.02,True,0.10142895498344322
2177,2178,37,Nordeste,9,52178,352.13,4,57.69,7,5,4,36.79,2,3,2,2.8,0,7,1.4,Adulto,Detrator,0.16,True,0.10447845965978474
2178,2179,69,Norte,112,52179,705.5,2,22.01,5,7,5,46.25,1,0,4,2.4,0,4,2.4,Idoso,Detrator,0.03,True,0.06555634301913536
2179,2180,69,Nordeste,92,52180,914.11,2,27.15,2,12,1,36.21,3,0,7,9.3,1,1,4.3,Idoso,Promotor,0.03,True,0.03961230048900023
2180,2181,59,Nordeste,31,52181,587.11,5,7.26,8,6,2,21.01,1,0,2,5.1,0,2,6.8,Adulto,Detrator,0.01,True,0.03578545758035121
2181,2182,30,Norte,91,52182,202.48,3,23.26,6,4,1,39.75,2,1,3,9.6,1,3,6.1,Jovem Adulto,Promotor,0.11,True,0.19631568549980247
2182,2183,35,Sul,47,52183,194.03,2,66.69,7,4,3,15.05,3,1,9,4.4,0,5,0.0,Adulto,Detrator,0.34,True,0.07756532494975005
2183,2184,46,Sudeste,76,52184,246.43,2,15.33,8,5,1,32.31,2,0,2,5.3,0,5,7.1,Adulto,Detrator,0.06,True,0.13111228340705272
2184,2185,46,Nordeste,92,52185,355.29,1,10.24,4,13,1,41.51,1,3,1,6.6,0,6,5.3,Adulto,Neutro,0.03,True,0.11683413549494778
2185,2186,58,Centro-Oeste,46,52186,80.57,5,16.79,2,13,2,47.61,3,3,4,6.2,0,6,2.3,Adulto,Neutro,0.21,True,0.5909147325307187
2186,2187,64,Centro-Oeste,114,52187,183.02,2,5.66,1,8,0,43.89,1,1,8,5.0,0,2,4.0,Idoso,Detrator,0.03,False,0.2398098568462463
2187,2188,33,Nordeste,20,52188,146.01,2,99.34,5,9,2,20.01,3,1,3,7.1,0,3,3.6,Adulto,Neutro,0.68,True,0.1370454078487775
2188,2189,21,Norte,21,52189,1096.16,3,12.13,8,12,3,51.3,2,2,4,2.5,0,4,2.7,Jovem Adulto,Detrator,0.01,True,0.04679973726463289
2189,2190,61,Nordeste,101,52190,669.42,6,3.74,7,7,1,56.54,3,2,0,6.8,0,3,7.0,Idoso,Neutro,0.01,True,0.08446117534582176
2190,2191,64,Centro-Oeste,20,52191,437.14,3,4.83,11,8,3,34.23,1,2,1,1.1,0,5,3.8,Idoso,Detrator,0.01,True,0.07830443336230955
2191,2192,47,Sul,17,52192,240.26,1,24.33,5,10,4,45.68,1,3,9,0.0,0,5,0.0,Adulto,,0.1,True,0.1901273620244735
2192,2193,28,Nordeste,46,52193,131.35,5,4.92,9,12,0,38.84,2,5,0,7.0,0,6,4.7,Jovem Adulto,Neutro,0.04,False,0.2956985154168253
2193,2194,18,Sul,16,52194,212.56,1,17.78,7,9,1,60.49,1,0,0,8.1,1,1,7.9,,Promotor,0.08,True,0.2845784719608581
2194,2195,64,Sudeste,91,52195,943.87,2,72.92,11,11,2,48.08,3,2,1,5.7,0,6,4.5,Idoso,Detrator,0.08,True,0.0509392183245574
2195,2196,45,Norte,45,52196,263.29,2,0.29,11,2,2,38.0,2,5,9,3.2,0,7,0.0,Adulto,Detrator,0.0,True,0.1443275475711193
2196,2197,25,Sudeste,77,52197,495.99,4,1.15,5,3,2,56.66,3,1,5,3.5,0,3,3.9,Jovem Adulto,Detrator,0.0,True,0.11423617411641362
2197,2198,27,Norte,112,52198,171.07,5,21.51,4,12,5,56.26,3,1,7,0.7,0,4,0.0,Jovem Adulto,Detrator,0.13,True,0.3288712223066581
2198,2199,23,Sudeste,45,52199,323.6,3,26.73,4,10,3,44.97,3,3,8,0.4,0,5,0.0,Jovem Adulto,Detrator,0.08,True,0.13896786155747837
2199,2200,56,Nordeste,93,52200,1079.2,4,35.65,9,12,2,41.87,1,0,5,9.5,1,4,3.8,Adulto,Promotor,0.03,True,0.03879725722757598
2200,2201,45,Sul,57,52201,533.08,6,5.45,7,9,1,9.67,1,5,5,4.3,0,8,1.2,Adulto,Detrator,0.01,True,0.018139866436557364
2201,2202,55,Nordeste,86,52202,252.97,3,19.83,11,13,2,30.24,1,0,7,5.3,0,2,3.4,Adulto,Detrator,0.08,True,0.11953986638731864
2202,2203,32,Nordeste,37,52203,309.42,5,12.45,9,11,1,43.55,1,3,7,4.1,0,6,2.9,Adulto,Detrator,0.04,True,0.1407472044470299
2203,2204,61,Sul,68,52204,400.57,6,6.21,1,5,0,29.36,3,0,3,8.1,1,1,8.4,Idoso,Promotor,0.02,False,0.07329555383578401
2204,2205,43,Centro-Oeste,97,52205,313.84,6,10.82,11,7,3,18.31,2,0,1,5.1,0,4,6.6,Adulto,Detrator,0.03,True,0.05834183023196533
2205,2206,56,Norte,64,52206,237.6,1,2.7,3,4,2,40.94,1,0,7,6.4,0,2,2.9,Adulto,Neutro,0.01,True,0.1723063973063973
2206,2207,69,Norte,43,52207,178.55,6,4.1,4,2,3,28.95,1,0,6,3.4,0,2,1.6,Idoso,Detrator,0.02,True,0.16213945673480817
2207,2208,64,Centro-Oeste,25,52208,802.36,6,127.73,10,3,0,56.31,2,2,11,7.7,0,3,0.9,Idoso,Neutro,0.16,False,0.07018046762051947
2208,2209,22,Nordeste,79,52209,412.31,1,115.2,7,8,3,20.64,2,1,3,3.7,0,4,4.4,Jovem Adulto,Detrator,0.28,True,0.05005942130920909
2209,2210,20,Nordeste,74,52210,278.49,6,26.36,9,2,3,49.74,1,2,2,1.0,0,4,3.6,Jovem Adulto,Detrator,0.09,True,0.1786060540773457
2210,2211,57,Sudeste,48,52211,922.81,4,18.2,9,11,1,39.85,1,2,10,5.2,0,5,0.9,Adulto,Detrator,0.02,True,0.04318332051018087
2211,2212,30,Nordeste,88,52212,831.2,1,143.16,11,2,3,35.4,3,4,10,3.1,0,6,0.0,Jovem Adulto,Detrator,0.17,True,0.04258902791145332
2212,2213,35,Sul,52,52213,494.35,1,4.78,9,9,4,46.28,3,1,10,0.1,0,4,0.0,Adulto,Detrator,0.01,True,0.09361788206736119
2213,2214,67,Norte,104,52214,1113.83,4,16.97,8,2,5,61.78,2,2,8,3.3,0,5,0.0,Idoso,Detrator,0.02,True,0.055466274027454826
2214,2215,46,Centro-Oeste,110,52215,624.01,5,53.09,2,8,1,49.39,1,0,8,5.7,0,3,3.2,Adulto,Detrator,0.09,True,0.07914937260620823
2215,2216,41,Centro-Oeste,80,52216,244.92,6,0.38,2,7,5,48.26,2,2,8,1.3,0,6,0.0,Adulto,Detrator,0.0,True,0.19704393271272252
2216,2217,35,Norte,37,52217,106.19,6,67.64,8,5,2,30.83,1,1,8,2.9,0,4,1.1,Adulto,Detrator,0.64,True,0.2903286561823147
2217,2218,68,Centro-Oeste,35,52218,272.27,2,45.75,1,2,2,44.38,1,0,2,8.4,1,1,6.0,Idoso,Promotor,0.17,True,0.1629999632717523
2218,2219,34,Nordeste,45,52219,209.19,3,1.25,9,12,0,45.8,2,3,4,4.7,0,5,5.5,Adulto,Detrator,0.01,False,0.2189397198718868
2219,2220,57,Sul,79,52220,148.33,3,14.65,2,12,5,19.29,1,0,9,0.2,0,4,0.0,Adulto,Detrator,0.1,True,0.13004786624418524
2220,2221,49,Nordeste,64,52221,372.5,3,8.61,11,9,2,33.01,3,3,1,6.4,0,7,3.6,Adulto,Neutro,0.02,True,0.08861744966442953
2221,2222,53,Nordeste,52,52222,339.06,3,35.84,3,8,1,42.91,1,2,7,6.0,0,4,2.2,Adulto,Detrator,0.11,True,0.12655577183979236
2222,2223,23,Norte,11,52223,716.94,2,47.16,6,10,2,48.38,1,0,3,7.0,0,4,6.6,Jovem Adulto,Neutro,0.07,True,0.06748123971322566
2223,2224,39,Sudeste,85,52224,19.28,1,24.08,3,3,6,27.06,3,1,6,2.3,0,5,0.0,Adulto,Detrator,1.25,True,1.4035269709543567
2224,2225,33,Centro-Oeste,70,52225,125.83,3,70.22,1,2,0,30.99,3,1,0,9.2,1,1,8.1,Adulto,Promotor,0.56,False,0.24628466979257727
2225,2226,54,Sudeste,16,52226,392.77,6,4.25,1,14,4,48.55,2,2,7,4.4,0,4,0.0,Adulto,Detrator,0.01,True,0.12360923695801614
2226,2227,27,Centro-Oeste,103,52227,139.01,1,65.76,9,5,0,39.19,1,1,8,3.2,0,3,3.2,Jovem Adulto,Detrator,0.47,False,0.28192216387310265
2227,2228,59,Sul,34,52228,58.08,1,10.26,3,3,3,43.88,1,1,2,6.4,0,2,4.5,Adulto,Neutro,0.18,True,0.7555096418732783
2228,2229,45,Sul,113,52229,511.39,6,22.93,2,10,0,30.45,3,0,7,4.6,0,2,5.8,Adulto,Detrator,0.04,False,0.05954359686345059
2229,2230,60,Sul,29,52230,594.53,4,7.83,11,14,3,38.83,3,2,7,2.9,0,5,0.5,Adulto,Detrator,0.01,True,0.06531209526853145
2230,2231,25,Sudeste,112,52231,461.41,5,109.28,1,11,3,42.34,2,0,7,5.5,0,4,1.7,Jovem Adulto,Detrator,0.24,True,0.0917622071476561
2231,2232,44,Norte,64,52232,397.4,4,55.68,5,11,1,47.16,3,2,8,3.2,0,5,1.7,Adulto,Detrator,0.14,True,0.1186713638651233
2232,2233,54,Nordeste,34,52233,149.63,5,70.5,10,14,4,17.88,2,3,11,0.0,0,6,0.0,Adulto,,0.47,True,0.1194947537258571
2233,2234,59,Sul,93,52234,592.11,4,84.81,1,4,2,25.85,1,3,2,2.8,0,5,2.9,Adulto,Detrator,0.14,True,0.04365742851834963
2234,2235,60,Sul,97,52235,1363.98,1,26.4,8,10,2,23.61,2,3,8,7.0,0,4,0.1,Adulto,Neutro,0.02,True,0.017309637971231247
2235,2236,42,Sul,68,52236,912.45,5,16.92,10,2,4,42.95,2,2,5,3.4,0,4,0.2,Adulto,Detrator,0.02,True,0.047071072387528085
2236,2237,59,Nordeste,65,52237,420.19,2,25.33,7,4,4,48.75,2,2,2,3.2,0,6,2.5,Adulto,Detrator,0.06,True,0.11601894381113306
2237,2238,44,Sul,45,52238,277.26,3,54.44,6,8,3,42.2,3,3,8,1.6,0,7,0.0,Adulto,Detrator,0.2,True,0.15220370771117364
2238,2239,35,Nordeste,88,52239,604.68,1,9.47,3,3,3,41.71,1,2,9,2.0,0,5,0.0,Adulto,Detrator,0.02,True,0.06897863332671827
2239,2240,20,Sudeste,60,52240,510.24,1,39.35,10,13,1,49.11,2,4,9,2.3,0,8,1.0,Jovem Adulto,Detrator,0.08,True,0.09624882408278457
2240,2241,51,Nordeste,23,52241,328.82,1,0.75,7,13,0,47.72,1,0,5,8.1,1,0,6.6,Adulto,Promotor,0.0,False,0.14512499239705615
2241,2242,30,Sul,113,52242,526.69,5,10.9,9,13,5,45.11,1,1,2,0.0,0,5,1.2,Jovem Adulto,,0.02,True,0.08564810419791527
2242,2243,48,Sul,5,52243,33.29,3,41.89,2,12,3,29.92,2,0,2,8.6,1,2,6.1,Adulto,Promotor,1.26,True,0.8987683989185943
2243,2244,31,Centro-Oeste,97,52244,556.18,2,25.01,9,2,5,53.27,2,2,6,0.8,0,6,0.0,Adulto,Detrator,0.04,True,0.09577834514006259
2244,2245,52,Nordeste,22,52245,721.52,4,111.71,1,3,1,16.65,1,0,8,4.8,0,4,3.8,Adulto,Detrator,0.15,True,0.023076283401707504
2245,2246,68,Sul,118,52246,352.41,6,46.65,2,2,2,29.6,1,2,11,5.1,0,4,0.0,Idoso,Detrator,0.13,True,0.08399307624641753
2246,2247,65,Nordeste,63,52247,373.68,2,18.85,3,13,1,34.5,1,1,1,7.9,0,3,5.7,Idoso,Neutro,0.05,True,0.09232498394348106
2247,2248,67,Sul,22,52248,1231.91,5,27.43,7,10,1,67.91,3,4,8,4.2,0,6,0.0,Idoso,Detrator,0.02,True,0.055125780292391485
2248,2249,46,Sul,100,52249,334.05,3,8.24,1,6,0,51.93,1,2,6,3.8,0,3,3.8,Adulto,Detrator,0.02,False,0.15545577009429726
2249,2250,32,Norte,44,52250,58.49,5,18.62,4,5,0,29.77,3,1,7,6.8,0,4,4.2,Adulto,Neutro,0.32,False,0.5089758933150966
2250,2251,47,Centro-Oeste,45,52251,283.67,5,2.08,8,8,4,51.2,2,2,1,1.4,0,7,2.1,Adulto,Detrator,0.01,True,0.1804914160820672
2251,2252,30,Norte,108,52252,672.26,6,1.12,8,9,0,64.07,3,1,7,8.0,1,3,4.2,Jovem Adulto,Neutro,0.0,False,0.0953053877963883
2252,2253,61,Sul,52,52253,80.93,5,39.04,4,7,2,46.99,2,3,6,4.0,0,5,1.9,Idoso,Detrator,0.48,True,0.5806252316817002
2253,2254,29,Norte,89,52254,1196.04,1,11.73,9,13,2,51.78,2,0,4,4.9,0,2,5.1,Jovem Adulto,Detrator,0.01,True,0.043292866459315744
2254,2255,39,Nordeste,15,52255,290.71,5,63.27,11,3,1,40.71,3,1,9,4.8,0,3,2.4,Adulto,Detrator,0.22,True,0.14003646245399196
2255,2256,23,Centro-Oeste,4,52256,320.58,5,17.96,10,10,3,36.7,2,2,0,4.8,0,5,4.5,Jovem Adulto,Detrator,0.06,True,0.11448000499095391
2256,2257,24,Nordeste,25,52257,432.46,2,19.32,10,9,4,45.81,1,2,8,4.4,0,4,0.0,Jovem Adulto,Detrator,0.04,True,0.10592887203440782
2257,2258,47,Sul,43,52258,280.34,2,3.04,8,3,2,41.72,3,1,4,6.8,0,4,4.9,Adulto,Neutro,0.01,True,0.14881929086109724
2258,2259,49,Norte,78,52259,378.25,3,9.49,9,6,1,41.39,1,4,0,6.6,0,6,4.5,Adulto,Neutro,0.03,True,0.10942498347653669
2259,2260,55,Centro-Oeste,82,52260,621.1,2,53.62,10,2,1,37.52,2,1,5,5.9,0,3,3.5,Adulto,Detrator,0.09,True,0.06040895185960393
2260,2261,18,Sul,75,52261,374.21,1,56.94,4,12,4,65.91,3,1,2,1.3,0,5,3.3,,Detrator,0.15,True,0.17613104941075866
2261,2262,53,Sul,31,52262,685.38,2,17.01,10,7,2,39.49,2,1,6,4.9,0,6,2.5,Adulto,Detrator,0.02,True,0.05761767194840819
2262,2263,44,Sul,119,52263,288.94,2,42.7,5,3,2,42.4,1,2,0,6.0,0,4,5.2,Adulto,Detrator,0.15,True,0.14674326849865024
2263,2264,67,Centro-Oeste,111,52264,890.41,5,22.59,4,4,1,26.86,2,0,2,8.1,1,2,7.0,Idoso,Promotor,0.03,True,0.030165878640177
2264,2265,56,Centro-Oeste,69,52265,341.99,3,6.15,5,3,5,41.34,2,1,4,4.5,0,4,0.2,Adulto,Detrator,0.02,True,0.12088072750665224
2265,2266,66,Centro-Oeste,79,52266,290.63,1,16.14,5,7,3,47.3,2,1,3,3.8,0,4,4.0,Idoso,Detrator,0.06,True,0.1627498881739669
2266,2267,61,Nordeste,93,52267,370.87,5,86.64,9,14,2,49.0,1,0,9,4.6,0,3,1.7,Idoso,Detrator,0.23,True,0.13212176773532505
2267,2268,29,Norte,65,52268,287.69,5,59.09,2,11,1,52.98,3,0,8,5.5,0,4,3.2,Jovem Adulto,Detrator,0.21,True,0.18415655740554068
2268,2269,56,Sul,84,52269,524.14,6,10.92,11,4,3,19.93,2,1,2,2.7,0,3,5.0,Adulto,Detrator,0.02,True,0.038024192009768386
2269,2270,23,Sul,3,52270,239.37,4,42.56,10,12,0,35.2,3,2,10,3.6,0,4,2.4,Jovem Adulto,Detrator,0.18,False,0.14705267995153948
2270,2271,56,Sul,60,52271,418.61,3,13.11,2,8,2,33.62,2,4,8,6.0,0,6,0.0,Adulto,Detrator,0.03,True,0.08031341821743387
2271,2272,41,Centro-Oeste,92,52272,478.47,2,0.91,10,4,2,34.62,3,2,7,3.7,0,4,1.0,Adulto,Detrator,0.0,True,0.07235563358204275
2272,2273,21,Norte,103,52273,526.18,4,38.15,9,2,1,41.84,1,0,11,5.8,0,6,1.8,Jovem Adulto,Detrator,0.07,True,0.07951651526093734
2273,2274,21,Norte,88,52274,136.36,4,49.98,4,8,2,31.54,3,3,10,2.5,0,5,0.0,Jovem Adulto,Detrator,0.37,True,0.23129950132003518
2274,2275,57,Sudeste,13,52275,616.79,3,25.92,8,5,1,27.96,1,3,1,4.4,0,8,5.3,Adulto,Detrator,0.04,True,0.04533147424569141
2275,2276,21,Sudeste,53,52276,86.61,3,24.56,6,2,1,37.32,3,0,11,6.7,0,1,0.9,Jovem Adulto,Neutro,0.28,True,0.4308971250432975
2276,2277,34,Sudeste,96,52277,133.78,1,57.6,2,12,3,53.78,3,0,2,7.9,0,3,5.6,Adulto,Neutro,0.43,True,0.4020032889819106
2277,2278,39,Sul,74,52278,146.24,1,51.07,11,13,4,24.21,3,1,11,1.8,0,3,0.0,Adulto,Detrator,0.35,True,0.16554978118161925
2278,2279,44,Sul,95,52279,340.32,6,78.89,3,4,1,53.0,3,4,7,2.0,0,6,0.1,Adulto,Detrator,0.23,True,0.15573577809120828
2279,2280,26,Norte,116,52280,52.28,5,5.51,3,5,4,32.86,3,1,2,3.0,0,4,2.9,Jovem Adulto,Detrator,0.11,True,0.6285386381025249
2280,2281,42,Sul,57,52281,327.87,4,3.25,8,14,0,39.05,1,2,7,8.4,1,3,3.7,Adulto,Promotor,0.01,False,0.119102083142709
2281,2282,53,Sudeste,106,52282,273.2,6,10.77,1,12,4,54.32,1,1,4,5.3,0,4,2.2,Adulto,Detrator,0.04,True,0.19882869692532945
2282,2283,59,Centro-Oeste,1,52283,418.21,1,35.41,7,13,1,28.19,1,4,0,5.9,0,6,4.8,Adulto,Detrator,0.08,True,0.06740632696492194
2283,2284,55,Norte,77,52284,476.96,4,25.64,7,11,4,31.34,3,1,2,5.2,0,3,3.0,Adulto,Detrator,0.05,True,0.06570781616907079
2284,2285,55,Sul,21,52285,187.18,3,2.86,10,6,1,35.7,3,3,4,1.4,0,6,3.0,Adulto,Detrator,0.02,True,0.19072550486163053
2285,2286,46,Norte,90,52286,460.54,5,6.15,3,13,3,40.54,3,1,6,1.3,0,3,2.4,Adulto,Detrator,0.01,True,0.08802709862335518
2286,2287,21,Norte,56,52287,635.34,3,8.93,10,9,2,37.2,3,0,9,4.4,0,3,2.2,Jovem Adulto,Detrator,0.01,True,0.05855132684861649
2287,2288,35,Sudeste,80,52288,418.01,3,3.68,6,4,2,36.99,3,0,8,5.3,0,5,3.6,Adulto,Detrator,0.01,True,0.08849070596397215
2288,2289,32,Nordeste,56,52289,845.59,1,19.17,8,11,3,46.97,2,0,6,5.2,0,2,3.4,Adulto,Detrator,0.02,True,0.05554701451057841
2289,2290,44,Centro-Oeste,117,52290,439.15,5,7.47,9,5,1,42.41,2,3,1,7.4,0,4,5.3,Adulto,Neutro,0.02,True,0.09657292496868951
2290,2291,52,Norte,118,52291,441.65,3,17.45,9,6,2,23.52,1,3,6,0.7,0,6,0.4,Adulto,Detrator,0.04,True,0.05325483980527567
2291,2292,69,Sul,21,52292,456.68,1,7.54,1,5,2,45.04,1,1,9,4.1,0,3,1.4,Idoso,Detrator,0.02,True,0.09862485766838924
2292,2293,28,Nordeste,69,52293,507.04,4,33.01,8,14,1,37.46,3,1,3,9.5,1,3,6.2,Jovem Adulto,Promotor,0.07,True,0.07387977279899022
2293,2294,53,Sul,61,52294,815.37,4,8.04,3,12,1,45.49,2,0,11,10.0,1,1,2.4,Adulto,Promotor,0.01,True,0.05579062266210432
2294,2295,25,Sul,27,52295,718.7,4,46.23,7,10,3,27.76,2,0,11,6.8,0,2,0.0,Jovem Adulto,Neutro,0.06,True,0.03862529567274245
2295,2296,45,Sudeste,104,52296,76.67,5,59.56,2,10,1,22.61,2,1,4,6.4,0,7,4.3,Adulto,Neutro,0.78,True,0.29490022172949
2296,2297,55,Centro-Oeste,69,52297,279.97,2,27.58,5,3,1,25.79,1,0,3,8.9,1,1,6.8,Adulto,Promotor,0.1,True,0.09211701253705754
2297,2298,67,Nordeste,39,52298,326.8,3,0.51,2,9,5,22.39,3,0,4,2.5,0,4,1.6,Idoso,Detrator,0.0,True,0.06851285189718483
2298,2299,18,Sul,71,52299,263.81,4,14.5,9,7,2,28.72,3,0,7,6.0,0,1,3.0,,Detrator,0.05,True,0.10886622948334028
2299,2300,45,Nordeste,37,52300,367.39,2,6.45,3,2,1,40.54,2,2,4,3.4,0,6,4.5,Adulto,Detrator,0.02,True,0.11034595389096057
2300,2301,22,Centro-Oeste,71,52301,706.42,5,61.23,5,4,0,24.83,3,1,3,9.7,1,1,7.0,Jovem Adulto,Promotor,0.09,False,0.03514906146485094
2301,2302,30,Sul,36,52302,150.82,1,37.19,4,8,5,34.03,1,1,9,0.0,0,3,0.0,Jovem Adulto,,0.25,True,0.2256332051452062
2302,2303,61,Centro-Oeste,56,52303,252.64,1,60.18,4,9,1,37.88,3,5,5,5.6,0,7,0.1,Idoso,Detrator,0.24,True,0.14993666877770742
2303,2304,22,Norte,19,52304,307.3,6,7.7,7,9,3,20.07,1,1,6,5.8,0,4,2.8,Jovem Adulto,Detrator,0.03,True,0.06531077123332249
2304,2305,35,Sul,24,52305,496.12,3,39.54,11,14,3,34.2,2,2,11,2.5,0,6,0.0,Adulto,Detrator,0.08,True,0.06893493509634767
2305,2306,50,Norte,20,52306,375.96,5,1.03,7,11,1,28.12,1,0,6,6.6,0,1,5.0,Adulto,Neutro,0.0,True,0.0747951909777636
2306,2307,19,Sul,91,52307,288.4,5,88.04,7,12,1,48.47,2,2,5,8.3,1,5,3.1,Jovem Adulto,Promotor,0.31,True,0.16806518723994454
2307,2308,40,Nordeste,6,52308,1113.42,2,3.15,2,14,2,53.98,3,3,3,1.8,0,6,2.3,Adulto,Detrator,0.0,True,0.04848125595013561
2308,2309,20,Nordeste,72,52309,151.87,2,11.27,9,13,2,32.5,3,1,9,4.1,0,5,0.9,Jovem Adulto,Detrator,0.07,True,0.21399881477579508
2309,2310,34,Sul,88,52310,309.13,5,38.91,8,9,5,36.58,3,4,5,1.8,0,6,0.0,Adulto,Detrator,0.13,True,0.1183320932940834
2310,2311,47,Nordeste,57,52311,145.44,1,22.4,11,8,3,47.93,1,4,6,0.0,0,7,0.0,Adulto,,0.15,True,0.3295517051705171
2311,2312,48,Sudeste,86,52312,224.19,4,69.2,9,13,2,17.73,1,0,1,5.8,0,2,6.8,Adulto,Detrator,0.31,True,0.079084704937776
2312,2313,26,Norte,75,52313,519.09,5,83.58,4,11,5,40.47,2,0,0,4.5,0,5,4.7,Jovem Adulto,Detrator,0.16,True,0.07796335895509449
2313,2314,27,Sul,86,52314,192.11,6,1.73,9,12,3,18.17,3,1,8,4.5,0,3,0.0,Jovem Adulto,Detrator,0.01,True,0.09458122950393004
2314,2315,26,Sul,98,52315,1035.5,3,103.61,9,14,1,58.89,2,3,2,5.2,0,6,4.4,Jovem Adulto,Detrator,0.1,True,0.05687107677450507
2315,2316,47,Sul,99,52316,76.13,1,20.98,7,14,6,23.08,1,2,3,0.3,0,5,0.0,Adulto,Detrator,0.28,True,0.30316563772494415
2316,2317,37,Nordeste,33,52317,733.45,2,16.67,4,2,1,30.35,2,5,2,3.7,0,8,2.5,Adulto,Detrator,0.02,True,0.04137978048946758
2317,2318,67,Sudeste,83,52318,190.88,3,9.64,8,4,2,15.11,2,2,3,6.3,0,7,4.6,Idoso,Neutro,0.05,True,0.07915968147527243
2318,2319,63,Centro-Oeste,87,52319,157.43,2,13.09,10,11,0,47.54,1,1,1,7.3,0,3,7.5,Idoso,Neutro,0.08,False,0.3019754811662326
2319,2320,67,Sudeste,111,52320,422.86,5,33.25,3,14,2,43.08,1,1,8,0.7,0,4,1.9,Idoso,Detrator,0.08,True,0.101877690015608
2320,2321,23,Centro-Oeste,107,52321,341.46,6,13.26,1,13,1,17.36,2,2,8,5.4,0,5,2.8,Jovem Adulto,Detrator,0.04,True,0.05084050840508405
2321,2322,55,Nordeste,14,52322,369.18,4,5.44,4,7,3,51.16,3,1,1,2.6,0,4,4.9,Adulto,Detrator,0.01,True,0.13857738772414538
2322,2323,49,Centro-Oeste,2,52323,404.4,6,30.7,8,9,3,28.47,3,1,7,5.1,0,4,0.8,Adulto,Detrator,0.08,True,0.07040059347181009
2323,2324,38,Centro-Oeste,110,52324,844.24,6,18.37,3,4,1,39.89,1,2,4,5.8,0,4,4.9,Adulto,Detrator,0.02,True,0.04724959727091822
2324,2325,43,Sudeste,72,52325,526.01,3,0.14,10,9,4,40.57,3,0,7,2.8,0,4,1.4,Adulto,Detrator,0.0,True,0.0771278112583411
2325,2326,37,Norte,35,52326,334.58,6,42.75,5,4,1,63.36,3,1,11,6.7,0,2,1.9,Adulto,Neutro,0.13,True,0.1893717496562855
2326,2327,52,Nordeste,93,52327,254.79,6,96.14,6,8,1,52.02,1,0,11,5.6,0,3,1.4,Adulto,Detrator,0.38,True,0.20416813846697282
2327,2328,65,Sudeste,115,52328,263.6,4,30.95,5,13,2,27.83,2,2,6,4.1,0,6,1.0,Idoso,Detrator,0.12,True,0.10557663125948405
2328,2329,29,Norte,80,52329,519.93,2,47.35,4,8,3,35.74,2,1,1,4.8,0,3,5.4,Jovem Adulto,Detrator,0.09,True,0.06874002269536285
2329,2330,53,Nordeste,88,52330,197.32,5,22.76,6,3,3,29.48,1,0,9,4.8,0,3,1.8,Adulto,Detrator,0.12,True,0.14940198662071763
2330,2331,63,Centro-Oeste,6,52331,61.75,4,81.68,6,14,1,62.32,3,3,10,1.3,0,5,0.6,Idoso,Detrator,1.32,True,1.0092307692307692
2331,2332,48,Centro-Oeste,101,52332,560.33,2,6.72,8,9,3,23.73,2,1,11,4.0,0,4,0.0,Adulto,Detrator,0.01,True,0.042350043724233934
2332,2333,20,Norte,22,52333,346.33,6,42.01,9,12,4,57.96,3,0,8,2.0,0,6,0.7,Jovem Adulto,Detrator,0.12,True,0.16735483498397483
2333,2334,25,Norte,28,52334,489.75,6,48.15,10,13,3,39.18,2,0,1,4.1,0,3,5.4,Jovem Adulto,Detrator,0.1,True,0.08
2334,2335,62,Norte,105,52335,168.94,1,43.55,9,8,0,38.35,3,2,9,5.8,0,5,1.3,Idoso,Detrator,0.26,False,0.22700366994199125
2335,2336,37,Centro-Oeste,21,52336,317.48,4,43.07,10,7,2,51.39,3,0,8,4.9,0,2,4.2,Adulto,Detrator,0.14,True,0.16186846415522238
2336,2337,36,Centro-Oeste,29,52337,454.27,1,25.69,6,13,1,32.84,1,1,5,4.9,0,3,4.5,Adulto,Detrator,0.06,True,0.07229180883615471
2337,2338,23,Sudeste,9,52338,481.75,2,68.52,8,11,4,31.16,3,1,5,0.9,0,6,1.0,Jovem Adulto,Detrator,0.14,True,0.06468085106382979
2338,2339,20,Sudeste,31,52339,124.88,6,51.18,11,10,1,33.27,3,2,5,2.7,0,4,3.0,Jovem Adulto,Detrator,0.41,True,0.26641575912876364
2339,2340,67,Sul,100,52340,558.59,5,24.16,7,8,4,22.29,1,3,0,3.6,0,6,2.6,Idoso,Detrator,0.04,True,0.03990404411106536
2340,2341,48,Centro-Oeste,93,52341,371.07,2,31.87,9,2,1,29.04,3,3,2,7.2,0,6,4.7,Adulto,Neutro,0.09,True,0.07826016654539575
2341,2342,47,Norte,50,52342,457.36,1,34.52,1,2,3,33.89,1,1,2,2.5,0,3,4.8,Adulto,Detrator,0.08,True,0.07409917789050201
2342,2343,58,Nordeste,73,52343,171.4,5,50.19,7,11,2,24.77,3,1,0,5.4,0,4,6.9,Adulto,Detrator,0.29,True,0.14451575262543756
2343,2344,67,Norte,20,52344,87.08,2,15.68,1,6,1,53.79,3,1,3,7.1,0,3,5.3,Idoso,Neutro,0.18,True,0.6177078548461186
2344,2345,26,Nordeste,44,52345,241.36,6,30.81,4,3,3,27.19,3,0,6,9.2,1,2,2.9,Jovem Adulto,Promotor,0.13,True,0.11265329797812396
2345,2346,47,Sudeste,5,52346,678.12,4,42.24,7,10,2,27.72,1,0,10,4.9,0,3,1.8,Adulto,Detrator,0.06,True,0.04087772075738807
2346,2347,21,Centro-Oeste,114,52347,386.8,2,35.69,1,10,0,28.99,1,0,8,10.0,1,0,5.2,Jovem Adulto,Promotor,0.09,False,0.0749482936918304
2347,2348,35,Sudeste,62,52348,249.43,6,19.09,9,9,2,40.37,2,5,0,2.6,0,7,2.8,Adulto,Detrator,0.08,True,0.1618490157559235
2348,2349,36,Sul,23,52349,403.06,5,60.79,11,9,3,55.27,1,4,4,2.3,0,6,0.5,Adulto,Detrator,0.15,True,0.1371259862055277
2349,2350,31,Sul,42,52350,190.64,2,32.96,9,3,1,39.15,3,0,10,4.4,0,6,2.6,Adulto,Detrator,0.17,True,0.20536088963491397
2350,2351,55,Nordeste,67,52351,424.12,1,34.38,4,13,3,41.34,3,0,0,6.1,0,1,6.2,Adulto,Neutro,0.08,True,0.09747241346788646
2351,2352,19,Nordeste,114,52352,153.61,3,32.96,8,4,1,42.81,3,0,1,4.9,0,3,7.6,Jovem Adulto,Detrator,0.21,True,0.2786927934379272
2352,2353,62,Sul,102,52353,246.26,6,104.4,9,4,1,32.01,1,2,2,5.2,0,5,5.0,Idoso,Detrator,0.42,True,0.1299845691545521
2353,2354,28,Norte,115,52354,208.24,3,1.81,6,4,3,5.93,1,4,10,2.0,0,8,0.0,Jovem Adulto,Detrator,0.01,True,0.028476757587399152
2354,2355,46,Nordeste,11,52355,699.71,5,85.83,10,5,2,50.87,3,1,6,6.6,0,2,4.7,Adulto,Neutro,0.12,True,0.07270154778408197
2355,2356,54,Sul,13,52356,716.05,1,11.77,7,11,6,63.44,3,5,1,0.7,0,10,0.0,Adulto,Detrator,0.02,True,0.08859716500244397
2356,2357,66,Centro-Oeste,75,52357,281.48,3,32.89,10,12,2,50.8,2,2,1,4.6,0,4,5.0,Idoso,Detrator,0.12,True,0.18047463407702144
2357,2358,63,Sul,7,52358,710.01,4,1.14,11,11,2,33.22,3,0,9,9.9,1,1,2.8,Idoso,Promotor,0.0,True,0.046788073407416794
2358,2359,65,Norte,34,52359,570.71,4,51.49,11,14,2,41.51,3,3,5,2.9,0,6,1.4,Idoso,Detrator,0.09,True,0.0727339629584202
2359,2360,59,Sul,45,52360,338.64,6,5.86,8,8,1,35.58,1,2,4,5.0,0,5,4.8,Adulto,Detrator,0.02,True,0.10506732813607371
2360,2361,45,Centro-Oeste,42,52361,897.72,6,10.46,10,4,0,44.64,3,4,0,3.9,0,9,6.5,Adulto,Detrator,0.01,False,0.04972597246357439
2361,2362,38,Sudeste,54,52362,778.11,2,57.87,4,9,2,28.0,1,1,0,5.2,0,4,6.0,Adulto,Detrator,0.07,True,0.035984629422575215
2362,2363,42,Norte,88,52363,224.97,4,49.87,1,3,1,32.55,2,2,1,2.9,0,4,5.9,Adulto,Detrator,0.22,True,0.14468595812775034
2363,2364,30,Nordeste,23,52364,728.83,1,47.62,10,4,0,46.28,1,2,1,9.1,1,2,6.8,Jovem Adulto,Promotor,0.07,False,0.06349903269623917
2364,2365,37,Sudeste,5,52365,526.86,2,9.22,7,10,0,57.65,3,2,10,6.1,0,3,1.3,Adulto,Neutro,0.02,False,0.1094218577990358
2365,2366,56,Nordeste,63,52366,927.18,1,20.25,4,12,1,41.54,2,1,6,8.2,1,2,3.7,Adulto,Promotor,0.02,True,0.04480251946763304
2366,2367,51,Centro-Oeste,71,52367,660.28,1,7.44,2,13,2,38.91,2,1,1,7.3,0,5,6.8,Adulto,Neutro,0.01,True,0.05892954504149754
2367,2368,56,Centro-Oeste,98,52368,1265.74,6,14.08,9,3,3,43.12,1,1,1,6.7,0,4,5.2,Adulto,Neutro,0.01,True,0.03406702798363013
2368,2369,62,Norte,111,52369,164.97,2,106.39,6,12,7,44.19,3,1,8,0.0,0,3,0.0,Idoso,,0.64,True,0.26786688488816146
2369,2370,25,Sudeste,98,52370,335.88,6,4.24,2,11,1,44.77,2,2,6,4.3,0,7,3.3,Jovem Adulto,Detrator,0.01,True,0.13329165178039779
2370,2371,36,Norte,52,52371,1578.5,2,46.19,8,6,3,23.67,1,1,11,2.1,0,4,0.0,Adulto,Detrator,0.03,True,0.01499524865378524
2371,2372,22,Nordeste,73,52372,355.16,6,14.01,6,14,0,32.72,2,1,2,8.6,1,1,7.9,Jovem Adulto,Promotor,0.04,False,0.09212749183466605
2372,2373,56,Norte,12,52373,270.95,3,15.04,1,12,5,49.38,3,0,8,3.2,0,2,0.0,Adulto,Detrator,0.06,True,0.18224764716737407
2373,2374,41,Sudeste,13,52374,512.99,3,12.4,9,13,1,57.34,1,0,2,5.9,0,2,7.6,Adulto,Detrator,0.02,True,0.11177605801282677
2374,2375,48,Sul,65,52375,355.45,3,1.37,7,11,2,33.63,2,0,2,5.0,0,2,6.7,Adulto,Detrator,0.0,True,0.0946124630749754
2375,2376,39,Sudeste,77,52376,251.73,3,7.03,4,2,2,53.06,3,1,9,5.1,0,3,0.9,Adulto,Detrator,0.03,True,0.21078139276208638
2376,2377,56,Sul,4,52377,609.18,4,1.58,3,9,1,35.78,3,1,7,2.0,0,5,2.3,Adulto,Detrator,0.0,True,0.058734692537509445
2377,2378,53,Centro-Oeste,37,52378,141.02,3,25.22,4,10,3,36.59,1,2,10,2.6,0,5,0.0,Adulto,Detrator,0.18,True,0.2594667423060559
2378,2379,69,Centro-Oeste,28,52379,181.62,5,10.83,8,6,0,49.81,3,3,7,7.3,0,5,2.8,Idoso,Neutro,0.06,False,0.2742539367911023
2379,2380,37,Nordeste,51,52380,689.71,6,28.16,11,12,1,42.06,3,2,9,3.9,0,6,1.7,Adulto,Detrator,0.04,True,0.06098215191892244
2380,2381,61,Norte,68,52381,800.1,6,36.41,6,8,0,32.97,3,0,11,9.4,1,0,2.3,Idoso,Promotor,0.05,False,0.04120734908136483
2381,2382,55,Sudeste,79,52382,110.88,2,91.27,1,14,1,45.45,2,1,4,5.0,0,4,5.6,Adulto,Detrator,0.82,True,0.40990259740259744
2382,2383,32,Nordeste,74,52383,553.97,3,10.81,10,10,3,17.59,3,2,0,1.1,0,5,4.9,Adulto,Detrator,0.02,True,0.03175262198313988
2383,2384,18,Sul,60,52384,116.2,1,18.8,1,3,2,37.16,3,2,4,3.6,0,5,4.1,,Detrator,0.16,True,0.31979345955249566
2384,2385,18,Sul,84,52385,777.07,3,15.61,5,6,0,41.61,2,3,1,6.0,0,5,6.1,,Detrator,0.02,False,0.05354729947109012
2385,2386,21,Sul,108,52386,683.39,2,55.47,10,12,4,50.04,1,2,7,2.1,0,5,0.0,Jovem Adulto,Detrator,0.08,True,0.07322319612519937
2386,2387,67,Sudeste,80,52387,698.88,4,40.52,10,4,2,57.85,1,0,5,7.1,0,3,4.2,Idoso,Neutro,0.06,True,0.08277529761904762
2387,2388,68,Nordeste,100,52388,1043.98,5,22.48,8,7,3,46.3,1,0,4,4.8,0,3,3.7,Idoso,Detrator,0.02,True,0.044349508611276074
2388,2389,47,Norte,108,52389,400.25,5,0.08,7,3,3,48.96,2,2,1,6.1,0,4,4.0,Adulto,Neutro,0.0,True,0.12232354778263585
2389,2390,34,Norte,89,52390,155.97,5,11.39,5,2,3,33.04,1,3,6,0.4,0,6,0.0,Adulto,Detrator,0.07,True,0.21183560941206642
2390,2391,24,Nordeste,87,52391,209.78,5,15.98,6,14,0,35.3,2,2,5,1.9,0,3,4.2,Jovem Adulto,Detrator,0.08,False,0.16827152254743064
2391,2392,61,Sul,24,52392,366.3,2,32.98,10,2,1,40.74,3,2,7,7.6,0,5,2.8,Idoso,Neutro,0.09,True,0.11122031122031122
2392,2393,44,Nordeste,102,52393,133.53,1,3.26,6,3,1,29.18,3,2,10,4.3,0,5,2.1,Adulto,Detrator,0.02,True,0.2185276716842657
2393,2394,58,Sudeste,117,52394,245.35,3,16.57,6,5,3,39.75,1,0,4,4.5,0,4,4.2,Adulto,Detrator,0.07,True,0.16201345017322194
2394,2395,40,Centro-Oeste,47,52395,526.26,4,61.64,11,14,4,71.94,3,1,1,3.2,0,4,3.2,Adulto,Detrator,0.12,True,0.1367004902519667
2395,2396,65,Sul,46,52396,275.69,3,36.94,10,13,3,45.27,1,3,2,3.9,0,5,2.4,Idoso,Detrator,0.13,True,0.1642061736007835
2396,2397,47,Sul,118,52397,482.64,6,2.69,4,8,2,53.03,2,1,9,4.9,0,5,1.5,Adulto,Detrator,0.01,True,0.10987485496436268
2397,2398,18,Sudeste,113,52398,769.11,1,16.08,7,11,3,36.44,2,1,10,4.4,0,5,0.0,,Detrator,0.02,True,0.04737943857185578
2398,2399,43,Centro-Oeste,118,52399,233.81,1,2.01,7,8,1,63.41,1,5,4,2.3,0,8,1.5,Adulto,Detrator,0.01,True,0.27120311363927974
2399,2400,61,Norte,115,52400,146.41,5,23.47,10,11,2,41.1,3,1,2,3.8,0,3,5.7,Idoso,Detrator,0.16,True,0.28071853015504405
2400,2401,64,Nordeste,115,52401,1100.24,2,6.44,10,14,3,33.88,3,4,8,1.1,0,7,0.0,Idoso,Detrator,0.01,True,0.030793281465861997
2401,2402,35,Sul,11,52402,365.01,4,43.4,7,11,3,40.95,2,1,11,3.0,0,4,0.0,Adulto,Detrator,0.12,True,0.11218870715870799
2402,2403,46,Centro-Oeste,65,52403,167.97,2,5.72,1,11,6,26.01,2,2,1,0.8,0,6,1.8,Adulto,Detrator,0.03,True,0.1548490801928916
2403,2404,36,Norte,65,52404,294.43,6,49.91,8,6,2,35.0,1,0,3,7.1,0,1,6.2,Adulto,Neutro,0.17,True,0.11887375607105254
2404,2405,26,Nordeste,71,52405,188.01,4,9.4,6,6,1,25.55,3,1,10,7.4,0,2,1.5,Jovem Adulto,Neutro,0.05,True,0.1358970267538961
2405,2406,26,Sul,16,52406,557.83,1,5.36,3,6,4,62.54,3,1,9,3.0,0,4,0.0,Jovem Adulto,Detrator,0.01,True,0.112113009339763
2406,2407,37,Centro-Oeste,115,52407,685.67,5,0.07,11,6,2,44.95,2,3,4,4.7,0,5,3.5,Adulto,Detrator,0.0,True,0.06555631717881781
2407,2408,27,Norte,96,52408,737.98,1,48.36,11,13,1,49.33,1,4,4,4.1,0,9,2.3,Jovem Adulto,Detrator,0.07,True,0.06684462993577062
2408,2409,59,Nordeste,53,52409,1001.11,6,52.49,11,5,4,19.39,1,3,11,0.9,0,6,0.0,Adulto,Detrator,0.05,True,0.019368500963930037
2409,2410,45,Sul,63,52410,503.68,3,17.14,2,5,2,55.84,3,4,9,2.0,0,7,0.0,Adulto,Detrator,0.03,True,0.11086404066073698
2410,2411,40,Nordeste,16,52411,850.46,6,52.95,8,6,3,13.24,2,3,1,5.0,0,6,3.3,Adulto,Detrator,0.06,True,0.01556804552830233
2411,2412,35,Sul,114,52412,228.08,4,37.01,7,14,3,39.1,1,1,1,2.8,0,5,4.9,Adulto,Detrator,0.16,True,0.17143107681515257
2412,2413,26,Sudeste,19,52413,406.5,5,54.26,6,12,3,42.29,2,2,10,1.7,0,7,0.0,Jovem Adulto,Detrator,0.13,True,0.10403444034440344
2413,2414,36,Nordeste,5,52414,93.14,1,22.09,1,7,0,32.88,3,3,5,6.7,0,4,4.3,Adulto,Neutro,0.24,False,0.3530169637105433
2414,2415,43,Nordeste,19,52415,331.52,6,21.83,1,3,1,18.32,1,1,4,8.8,1,2,5.8,Adulto,Promotor,0.07,True,0.05526061776061776
2415,2416,50,Sudeste,36,52416,297.13,6,0.9,2,13,1,34.19,3,2,8,10.0,1,3,2.0,Adulto,Promotor,0.0,True,0.11506747888129774
2416,2417,60,Sul,76,52417,34.42,1,11.2,7,6,2,32.08,3,2,9,2.0,0,5,0.4,Adulto,Detrator,0.33,True,0.9320162696106914
2417,2418,58,Sudeste,77,52418,492.78,4,53.03,3,13,2,5.51,3,0,8,7.1,0,2,2.3,Adulto,Neutro,0.11,True,0.011181460286537603
2418,2419,22,Nordeste,35,52419,1329.51,2,22.99,3,10,2,40.23,2,1,2,5.5,0,4,5.3,Jovem Adulto,Detrator,0.02,True,0.03025926845228693
2419,2420,23,Norte,29,52420,455.48,5,35.97,4,9,3,28.94,1,1,3,3.1,0,4,3.4,Jovem Adulto,Detrator,0.08,True,0.06353736717309212
2420,2421,21,Norte,41,52421,655.66,5,47.57,5,2,2,31.26,3,2,9,7.3,0,3,0.0,Jovem Adulto,Neutro,0.07,True,0.04767714974224446
2421,2422,42,Sul,111,52422,753.74,1,11.66,10,11,1,37.08,2,5,8,3.6,0,7,0.0,Adulto,Detrator,0.02,True,0.04919468251651763
2422,2423,30,Nordeste,69,52423,409.06,3,25.03,6,4,1,41.93,2,2,8,3.4,0,5,2.6,Jovem Adulto,Detrator,0.06,True,0.10250330024935217
2423,2424,45,Sul,78,52424,58.07,5,43.23,4,10,0,31.97,3,0,11,8.4,1,2,2.0,Adulto,Promotor,0.74,False,0.5505424487687274
2424,2425,24,Norte,43,52425,881.02,6,29.34,11,8,4,42.09,3,1,8,3.6,0,3,0.0,Jovem Adulto,Detrator,0.03,True,0.04777417084742685
2425,2426,21,Norte,4,52426,371.21,6,45.42,2,6,1,29.22,3,2,4,5.0,0,4,4.6,Jovem Adulto,Detrator,0.12,True,0.07871555184396972
2426,2427,22,Sul,18,52427,144.01,1,12.94,6,2,2,62.52,3,2,10,4.2,0,4,0.0,Jovem Adulto,Detrator,0.09,True,0.4341365182973405
2427,2428,62,Sul,24,52428,883.71,1,3.49,3,10,2,23.97,2,1,5,4.5,0,4,2.8,Idoso,Detrator,0.0,True,0.027124282852972127
2428,2429,29,Norte,118,52429,877.54,5,20.54,3,2,3,59.17,1,2,7,2.8,0,5,0.7,Jovem Adulto,Detrator,0.02,True,0.06742712582902205
2429,2430,34,Sul,102,52430,55.74,1,28.35,4,7,3,46.16,1,0,6,2.2,0,2,3.4,Adulto,Detrator,0.51,True,0.8281306063867957
2430,2431,57,Nordeste,101,52431,141.42,1,2.16,1,14,2,38.97,1,2,6,4.0,0,4,2.0,Adulto,Detrator,0.02,True,0.27556215528213834
2431,2432,66,Sudeste,55,52432,377.51,2,92.98,4,13,4,33.28,2,1,8,2.1,0,4,0.0,Idoso,Detrator,0.25,True,0.0881566051230431
2432,2433,55,Sudeste,69,52433,110.92,5,75.5,7,11,3,51.15,2,3,11,1.0,0,5,0.0,Adulto,Detrator,0.68,True,0.461143166245943
2433,2434,44,Sudeste,8,52434,68.3,6,19.24,5,4,1,62.88,2,1,9,2.0,0,4,1.5,Adulto,Detrator,0.28,True,0.9206442166910689
2434,2435,67,Sudeste,108,52435,723.53,4,17.85,11,10,1,25.29,1,3,7,4.3,0,5,1.6,Idoso,Detrator,0.02,True,0.03495363011899991
2435,2436,41,Sudeste,14,52436,133.89,6,19.74,2,14,1,26.97,3,2,3,5.5,0,5,4.9,Adulto,Detrator,0.15,True,0.2014340129957428
2436,2437,54,Nordeste,111,52437,331.1,3,9.25,9,7,2,42.2,2,2,3,6.3,0,3,4.5,Adulto,Neutro,0.03,True,0.12745394140742977
2437,2438,29,Centro-Oeste,117,52438,202.43,4,4.8,10,4,3,25.72,3,0,7,3.9,0,4,1.8,Jovem Adulto,Detrator,0.02,True,0.12705626636368125
2438,2439,36,Sudeste,116,52439,379.49,1,10.8,4,6,0,26.24,3,2,0,6.5,0,2,6.9,Adulto,Neutro,0.03,False,0.06914543202719439
2439,2440,33,Centro-Oeste,88,52440,1541.74,3,30.64,6,3,0,31.42,1,0,9,8.0,1,2,5.2,Adulto,Neutro,0.02,False,0.020379571133913633
2440,2441,68,Sul,107,52441,364.49,6,20.0,11,13,0,24.52,2,0,11,6.8,0,1,2.6,Idoso,Neutro,0.05,False,0.06727207879502867
2441,2442,55,Sudeste,118,52442,791.94,5,30.78,3,8,3,18.05,2,2,7,4.5,0,4,0.9,Adulto,Detrator,0.04,True,0.02279213071697351
2442,2443,40,Norte,47,52443,817.68,2,27.57,2,7,3,50.21,3,2,0,0.0,0,4,5.2,Adulto,,0.03,True,0.06140543978084337
2443,2444,51,Norte,108,52444,433.58,3,23.48,8,5,2,29.99,2,3,11,0.0,0,6,0.0,Adulto,,0.05,True,0.06916831957193598
2444,2445,51,Sudeste,89,52445,132.83,1,48.84,1,11,2,21.01,3,2,3,0.2,0,6,3.3,Adulto,Detrator,0.37,True,0.15817209967627793
2445,2446,28,Norte,9,52446,87.62,4,3.25,11,8,1,21.55,3,0,2,6.7,0,3,7.5,Jovem Adulto,Neutro,0.04,True,0.24594841360419994
2446,2447,31,Norte,65,52447,452.71,4,11.54,8,2,0,20.38,1,3,11,4.4,0,6,0.4,Adulto,Detrator,0.03,False,0.04501778180292019
2447,2448,42,Nordeste,62,52448,669.71,4,48.75,5,14,1,23.83,1,1,8,5.8,0,5,2.1,Adulto,Detrator,0.07,True,0.035582565588090365
2448,2449,21,Sudeste,51,52449,664.73,3,146.3,5,12,1,45.32,3,2,8,3.4,0,5,1.8,Jovem Adulto,Detrator,0.22,True,0.06817805725632964
2449,2450,54,Norte,27,52450,56.94,3,14.17,4,9,3,40.11,3,2,7,2.9,0,4,0.0,Adulto,Detrator,0.25,True,0.7044257112750264
2450,2451,59,Sudeste,45,52451,597.99,3,20.7,8,4,2,41.97,1,0,6,6.2,0,2,3.6,Adulto,Neutro,0.03,True,0.07018512015251091
2451,2452,35,Nordeste,52,52452,477.56,3,53.1,4,14,1,28.06,3,4,11,5.1,0,6,0.0,Adulto,Detrator,0.11,True,0.058757014825362254
2452,2453,28,Sudeste,76,52453,608.54,6,138.83,6,8,2,40.41,2,2,1,7.0,0,4,6.0,Jovem Adulto,Neutro,0.23,True,0.06640483780852532
2453,2454,49,Sudeste,103,52454,1027.38,6,14.25,7,12,3,40.93,1,0,7,0.0,0,4,2.0,Adulto,,0.01,True,0.03983920263193755
2454,2455,27,Sudeste,1,52455,631.87,3,13.34,5,7,3,43.83,2,0,1,3.7,0,5,6.9,Jovem Adulto,Detrator,0.02,True,0.06936553404972541
2455,2456,34,Sul,16,52456,195.17,1,42.58,3,12,2,76.13,2,1,11,2.3,0,3,0.1,Adulto,Detrator,0.22,True,0.39007019521442843
2456,2457,31,Nordeste,95,52457,30.68,5,99.74,7,14,3,35.41,1,2,9,2.3,0,4,0.0,Adulto,Detrator,3.25,True,1.1541720990873532
2457,2458,34,Sudeste,38,52458,1094.1,4,16.76,11,8,3,26.51,3,1,4,5.2,0,5,3.1,Adulto,Detrator,0.02,True,0.024229960698290837
2458,2459,23,Nordeste,12,52459,204.18,1,7.13,1,9,2,31.3,1,2,4,5.4,0,5,3.1,Jovem Adulto,Detrator,0.03,True,0.15329611127436577
2459,2460,21,Sul,60,52460,168.34,1,8.97,8,6,3,14.34,1,1,1,6.5,0,2,5.5,Jovem Adulto,Neutro,0.05,True,0.08518474515860758
2460,2461,65,Centro-Oeste,58,52461,259.67,4,35.88,5,11,1,14.02,3,3,9,2.7,0,6,0.0,Idoso,Detrator,0.14,True,0.05399160472907921
2461,2462,18,Centro-Oeste,33,52462,174.48,5,10.3,9,6,2,39.98,3,1,5,4.6,0,3,3.4,,Detrator,0.06,True,0.22913801008711598
2462,2463,60,Sudeste,62,52463,617.66,5,93.43,3,10,3,38.85,3,3,1,0.2,0,6,3.7,Adulto,Detrator,0.15,True,0.06289868212285077
2463,2464,69,Centro-Oeste,95,52464,385.14,1,12.27,6,10,3,33.19,2,0,6,4.6,0,4,2.8,Idoso,Detrator,0.03,True,0.0861764553149504
2464,2465,63,Sudeste,119,52465,744.34,4,26.13,6,12,1,41.09,2,2,3,9.1,1,3,5.2,Idoso,Promotor,0.04,True,0.05520326732407233
2465,2466,53,Sul,60,52466,176.94,6,26.78,4,7,3,47.93,2,1,2,6.5,0,2,4.4,Adulto,Neutro,0.15,True,0.2708827851249011
2466,2467,60,Sul,5,52467,145.26,3,7.08,9,4,2,27.2,1,4,11,2.3,0,7,0.0,Adulto,Detrator,0.05,True,0.1872504474734958
2467,2468,46,Norte,75,52468,1274.7,6,59.31,10,7,3,40.71,1,1,6,3.9,0,3,1.3,Adulto,Detrator,0.05,True,0.03193692633560838
2468,2469,66,Nordeste,52,52469,367.49,2,19.37,9,9,2,52.39,3,3,8,1.8,0,6,0.4,Idoso,Detrator,0.05,True,0.14256170235924787
2469,2470,54,Sudeste,11,52470,600.03,3,3.07,9,5,1,24.73,1,3,5,4.1,0,7,2.3,Adulto,Detrator,0.01,True,0.04121460593636985
2470,2471,48,Nordeste,40,52471,48.55,6,2.39,7,11,4,29.46,3,0,6,2.6,0,2,2.1,Adulto,Detrator,0.05,True,0.6067971163748713
2471,2472,61,Norte,73,52472,639.78,3,19.78,4,8,2,38.9,1,1,7,2.3,0,5,2.4,Idoso,Detrator,0.03,True,0.06080215073931664
2472,2473,26,Sudeste,77,52473,204.68,5,5.6,8,12,2,41.34,1,1,2,6.2,0,4,5.8,Jovem Adulto,Neutro,0.03,True,0.20197381278092633
2473,2474,59,Norte,20,52474,213.59,1,8.28,4,6,5,57.03,1,1,5,1.4,0,3,1.3,Adulto,Detrator,0.04,True,0.26700688234467906
2474,2475,63,Norte,90,52475,1208.05,6,23.0,4,12,1,30.72,3,1,5,7.1,0,2,4.2,Idoso,Neutro,0.02,True,0.025429411034311494
2475,2476,43,Centro-Oeste,50,52476,640.13,1,16.48,2,3,2,51.76,3,1,6,8.8,1,4,3.1,Adulto,Promotor,0.03,True,0.08085857560183088
2476,2477,33,Nordeste,97,52477,248.31,5,17.71,7,6,1,48.43,1,1,7,6.0,0,3,3.5,Adulto,Detrator,0.07,True,0.1950384599895292
2477,2478,57,Centro-Oeste,58,52478,102.93,5,21.66,11,14,0,45.55,3,1,3,7.3,0,1,6.6,Adulto,Neutro,0.21,False,0.4425337608083163
2478,2479,48,Sudeste,106,52479,339.66,1,126.71,1,14,3,29.22,2,3,5,2.0,0,7,1.1,Adulto,Detrator,0.37,True,0.08602720367426249
2479,2480,44,Centro-Oeste,29,52480,187.23,1,83.49,1,7,0,16.19,3,1,10,4.9,0,4,2.1,Adulto,Detrator,0.45,False,0.08647118517331626
2480,2481,58,Sudeste,35,52481,395.74,5,34.1,8,8,3,39.08,3,1,7,0.8,0,5,1.9,Adulto,Detrator,0.09,True,0.09875170566533582
2481,2482,39,Sul,83,52482,366.67,3,20.88,1,2,0,35.76,3,2,9,8.2,1,3,3.1,Adulto,Promotor,0.06,False,0.0975263861237625
2482,2483,27,Sudeste,69,52483,374.57,2,20.06,9,11,2,34.09,1,1,4,5.3,0,4,4.9,Jovem Adulto,Detrator,0.05,True,0.09101102597645301
2483,2484,40,Nordeste,101,52484,135.68,6,30.34,5,9,2,24.84,1,1,3,4.5,0,3,4.1,Adulto,Detrator,0.22,True,0.18307783018867924
2484,2485,22,Centro-Oeste,5,52485,199.27,3,67.34,10,5,3,38.63,3,1,9,1.6,0,4,0.3,Jovem Adulto,Detrator,0.34,True,0.1938575801676118
2485,2486,66,Nordeste,86,52486,379.89,5,0.12,4,14,0,47.8,1,1,10,6.0,0,1,2.1,Idoso,Detrator,0.0,False,0.12582589697017557
2486,2487,54,Nordeste,5,52487,404.13,6,19.41,2,10,3,25.98,2,4,10,0.8,0,6,0.0,Adulto,Detrator,0.05,True,0.06428624452527652
2487,2488,27,Sul,69,52488,321.48,5,63.64,3,12,1,25.76,1,2,8,4.6,0,5,2.1,Jovem Adulto,Detrator,0.2,True,0.08012940151797934
2488,2489,30,Nordeste,16,52489,374.87,3,32.3,2,5,4,57.0,3,0,1,3.6,0,4,4.4,Jovem Adulto,Detrator,0.09,True,0.15205271160669032
2489,2490,50,Nordeste,118,52490,151.89,5,3.69,3,7,1,41.43,1,0,9,8.7,1,1,3.1,Adulto,Promotor,0.02,True,0.2727631838830733
2490,2491,54,Norte,118,52491,326.96,2,62.97,6,8,2,16.28,3,2,7,4.2,0,5,1.7,Adulto,Detrator,0.19,True,0.049792023489111825
2491,2492,23,Centro-Oeste,61,52492,150.01,5,16.9,2,3,2,32.64,1,2,0,5.4,0,4,6.8,Jovem Adulto,Detrator,0.11,True,0.21758549430038
2492,2493,61,Centro-Oeste,52,52493,678.12,5,77.02,1,8,3,51.03,2,1,10,4.3,0,4,0.0,Idoso,Detrator,0.11,True,0.07525216775791896
2493,2494,52,Nordeste,12,52494,73.61,2,16.07,7,12,0,36.42,2,1,5,8.5,1,3,6.1,Adulto,Promotor,0.22,False,0.4947697323733189
2494,2495,66,Norte,91,52495,345.83,1,9.27,1,14,6,54.81,3,0,8,4.6,0,3,0.0,Idoso,Detrator,0.03,True,0.15848827458577916
2495,2496,51,Sul,96,52496,615.81,6,11.41,2,14,3,28.96,2,1,2,3.7,0,3,4.3,Adulto,Detrator,0.02,True,0.047027492245984966
2496,2497,37,Sul,89,52497,73.03,1,36.44,3,12,2,27.42,2,2,7,3.7,0,4,2.5,Adulto,Detrator,0.5,True,0.37546213884704915
2497,2498,19,Sudeste,98,52498,522.78,1,4.84,9,2,2,38.94,1,1,1,7.4,0,3,6.2,Jovem Adulto,Neutro,0.01,True,0.0744863996327327
2498,2499,41,Sul,51,52499,55.87,2,2.11,2,14,5,29.1,3,3,0,2.3,0,5,1.7,Adulto,Detrator,0.04,True,0.5208519778056202
2499,2500,35,Nordeste,109,52500,420.94,1,16.51,4,11,1,34.16,3,1,0,10.0,1,2,7.6,Adulto,Promotor,0.04,True,0.0811517080819119
